{"textures":{"0":"modelengine:entity/pitlord"},"elements":[{"from":[-0.57142925,6.285714,1.1428566],"to":[16.57143,14.857143,16.57143],"rotation":{"angle":0.0,"axis":"y","origin":[8.0,8.0,8.0]},"faces":{"east":{"uv":[5.37875,4.31625,5.93375,4.62125],"rotation":0,"texture":"#0","tintindex":0},"south":{"uv":[5.19125,0.25375,5.80875,0.55875],"rotation":0,"texture":"#0","tintindex":0},"north":{"uv":[2.06625,5.12875,2.68375,5.43375],"rotation":0,"texture":"#0","tintindex":0},"west":{"uv":[5.56625,2.00375,6.12125,2.30875],"rotation":0,"texture":"#0","tintindex":0},"up":{"uv":[1.43375,3.74625,0.81625,3.19125],"rotation":0,"texture":"#0","tintindex":0},"down":{"uv":[3.99625,2.06625,3.37875,2.62125],"rotation":0,"texture":"#0","tintindex":0}}},{"from":[-1.4285717,8.0,0.28571415],"to":[1.9999995,10.571428,4.5714283],"rotation":{"angle":0.0,"axis":"y","origin":[7.142857,3.7142854,-10.857143]},"faces":{"east":{"uv":[9.37875,6.81625,9.53125,6.90625],"rotation":0,"texture":"#0","tintindex":0},"south":{"uv":[9.44125,0.37875,9.55875,0.46875],"rotation":0,"texture":"#0","tintindex":0},"north":{"uv":[0.25375,9.44125,0.37125,9.53125],"rotation":0,"texture":"#0","tintindex":0},"west":{"uv":[9.37875,7.00375,9.53125,7.09375],"rotation":0,"texture":"#0","tintindex":0},"up":{"uv":[6.74625,9.34375,6.62875,9.19125],"rotation":0,"texture":"#0","tintindex":0},"down":{"uv":[9.30875,6.62875,9.19125,6.78125],"rotation":0,"texture":"#0","tintindex":0}}},{"from":[-1.4285717,11.428572,0.28571415],"to":[3.7142854,14.0,4.5714283],"rotation":{"angle":0.0,"axis":"y","origin":[7.142857,7.142857,-10.857143]},"faces":{"east":{"uv":[6.06625,9.37875,6.21875,9.46875],"rotation":0,"texture":"#0","tintindex":0},"south":{"uv":[9.06625,9.25375,9.24625,9.34375],"rotation":0,"texture":"#0","tintindex":0},"north":{"uv":[9.25375,8.94125,9.43375,9.03125],"rotation":0,"texture":"#0","tintindex":0},"west":{"uv":[6.56625,9.37875,6.71875,9.46875],"rotation":0,"texture":"#0","tintindex":0},"up":{"uv":[9.12125,1.21875,8.94125,1.06625],"rotation":0,"texture":"#0","tintindex":0},"down":{"uv":[1.37125,8.94125,1.19125,9.09375],"rotation":0,"texture":"#0","tintindex":0}}},{"from":[8.0,8.0,15.714286],"to":[8.0,18.285715,22.57143],"rotation":{"angle":-22.5,"axis":"y","origin":[8.0,8.0,15.714286]},"faces":{"east":{"uv":[0.37125,10.05875,0.12875,9.69125],"rotation":0,"texture":"#0","tintindex":0},"south":{"uv":[0.00375,0.00375,0.00375,0.37125],"rotation":0,"texture":"#0","tintindex":0},"north":{"uv":[0.00375,0.00375,0.00375,0.37125],"rotation":0,"texture":"#0","tintindex":0},"west":{"uv":[0.12875,10.05875,0.37125,9.69125],"rotation":0,"texture":"#0","tintindex":0},"up":{"uv":[0.00375,0.24625,0.00375,0.00375],"rotation":0,"texture":"#0","tintindex":0},"down":{"uv":[0.00375,0.00375,0.00375,0.24625],"rotation":0,"texture":"#0","tintindex":0}}},{"from":[5.428571,11.428572,15.714286],"to":[10.571428,11.428572,22.57143],"rotation":{"angle":22.5,"axis":"x","origin":[8.0,11.428572,15.714286]},"faces":{"east":{"uv":[0.00375,0.00375,0.24625,0.00375],"rotation":0,"texture":"#0","tintindex":0},"south":{"uv":[0.00375,0.00375,0.18375,0.00375],"rotation":0,"texture":"#0","tintindex":0},"north":{"uv":[0.00375,0.00375,0.18375,0.00375],"rotation":0,"texture":"#0","tintindex":0},"west":{"uv":[0.00375,0.00375,0.24625,0.00375],"rotation":0,"texture":"#0","tintindex":0},"up":{"uv":[0.44125,8.12125,0.62125,7.87875],"rotation":0,"texture":"#0","tintindex":0},"down":{"uv":[0.44125,7.87875,0.62125,8.12125],"rotation":0,"texture":"#0","tintindex":0}}},{"from":[8.0,8.0,15.714286],"to":[8.0,18.285715,22.57143],"rotation":{"angle":22.5,"axis":"y","origin":[8.0,8.0,15.714286]},"faces":{"east":{"uv":[0.37125,10.05875,0.12875,9.69125],"rotation":0,"texture":"#0","tintindex":0},"south":{"uv":[0.00375,0.00375,0.00375,0.37125],"rotation":0,"texture":"#0","tintindex":0},"north":{"uv":[0.00375,0.00375,0.00375,0.37125],"rotation":0,"texture":"#0","tintindex":0},"west":{"uv":[0.12875,10.05875,0.37125,9.69125],"rotation":0,"texture":"#0","tintindex":0},"up":{"uv":[0.00375,0.24625,0.00375,0.00375],"rotation":0,"texture":"#0","tintindex":0},"down":{"uv":[0.00375,0.00375,0.00375,0.24625],"rotation":0,"texture":"#0","tintindex":0}}},{"from":[5.428571,16.57143,15.714286],"to":[10.571428,16.57143,22.57143],"rotation":{"angle":0.0,"axis":"y","origin":[8.0,16.57143,19.142857]},"faces":{"east":{"uv":[0.00375,0.00375,0.24625,0.00375],"rotation":0,"texture":"#0","tintindex":0},"south":{"uv":[0.00375,0.00375,0.18375,0.00375],"rotation":0,"texture":"#0","tintindex":0},"north":{"uv":[0.00375,0.00375,0.18375,0.00375],"rotation":0,"texture":"#0","tintindex":0},"west":{"uv":[0.00375,0.00375,0.24625,0.00375],"rotation":0,"texture":"#0","tintindex":0},"up":{"uv":[0.44125,8.12125,0.62125,7.87875],"rotation":0,"texture":"#0","tintindex":0},"down":{"uv":[0.44125,7.87875,0.62125,8.12125],"rotation":0,"texture":"#0","tintindex":0}}},{"from":[14.0,8.0,0.28571415],"to":[17.428572,10.571428,4.5714283],"rotation":{"angle":0.0,"axis":"y","origin":[8.857143,3.7142854,-10.857143]},"faces":{"east":{"uv":[9.53125,7.00375,9.37875,7.09375],"rotation":0,"texture":"#0","tintindex":0},"south":{"uv":[9.55875,0.37875,9.44125,0.46875],"rotation":0,"texture":"#0","tintindex":0},"north":{"uv":[0.37125,9.44125,0.25375,9.53125],"rotation":0,"texture":"#0","tintindex":0},"west":{"uv":[9.53125,6.81625,9.37875,6.90625],"rotation":0,"texture":"#0","tintindex":0},"up":{"uv":[6.62875,9.34375,6.74625,9.19125],"rotation":0,"texture":"#0","tintindex":0},"down":{"uv":[9.19125,6.62875,9.30875,6.78125],"rotation":0,"texture":"#0","tintindex":0}}},{"from":[12.285715,11.428572,0.28571415],"to":[17.428572,14.0,4.5714283],"rotation":{"angle":0.0,"axis":"y","origin":[8.857143,7.142857,-10.857143]},"faces":{"east":{"uv":[6.71875,9.37875,6.56625,9.46875],"rotation":0,"texture":"#0","tintindex":0},"south":{"uv":[9.24625,9.25375,9.06625,9.34375],"rotation":0,"texture":"#0","tintindex":0},"north":{"uv":[9.43375,8.94125,9.25375,9.03125],"rotation":0,"texture":"#0","tintindex":0},"west":{"uv":[6.21875,9.37875,6.06625,9.46875],"rotation":0,"texture":"#0","tintindex":0},"up":{"uv":[8.94125,1.21875,9.12125,1.06625],"rotation":0,"texture":"#0","tintindex":0},"down":{"uv":[1.19125,8.94125,1.37125,9.09375],"rotation":0,"texture":"#0","tintindex":0}}},{"from":[2.8571424,2.8571424,-1.0],"to":[13.142858,13.142858,2.4285712],"rotation":{"angle":45.0,"axis":"z","origin":[8.0,8.0,-1.0]},"faces":{"east":{"uv":[5.37875,8.19125,5.49625,8.55875],"rotation":0,"texture":"#0","tintindex":0},"south":{"uv":[3.81625,6.19125,4.18375,6.55875],"rotation":0,"texture":"#0","tintindex":0},"north":{"uv":[0.75375,6.19125,1.12125,6.55875],"rotation":0,"texture":"#0","tintindex":0},"west":{"uv":[6.37875,8.31625,6.49625,8.68375],"rotation":0,"texture":"#0","tintindex":0},"up":{"uv":[5.12125,1.30875,4.75375,1.19125],"rotation":0,"texture":"#0","tintindex":0},"down":{"uv":[5.24625,4.62875,4.87875,4.74625],"rotation":0,"texture":"#0","tintindex":0}}},{"from":[6.285714,3.7142854,-2.7142859],"to":[13.142858,10.571428,0.7142854],"rotation":{"angle":45.0,"axis":"z","origin":[8.0,5.428571,-2.7142859]},"faces":{"east":{"uv":[1.44125,3.19125,1.55875,3.43375],"rotation":0,"texture":"#0","tintindex":0},"south":{"uv":[2.44125,6.31625,2.68375,6.55875],"rotation":0,"texture":"#0","tintindex":0},"north":{"uv":[3.37875,2.62875,3.62125,2.87125],"rotation":0,"texture":"#0","tintindex":0},"west":{"uv":[2.69125,5.12875,2.80875,5.37125],"rotation":0,"texture":"#0","tintindex":0},"up":{"uv":[9.05875,1.93375,8.81625,1.81625],"rotation":0,"texture":"#0","tintindex":0},"down":{"uv":[2.12125,8.81625,1.87875,8.93375],"rotation":0,"texture":"#0","tintindex":0}}}],"display":{"head":{"translation":[0.0,-6.4,0.0],"scale":[4.0,4.0,4.0]}}}