{"textures":{"0":"modelengine:entity/pitlord"},"elements":[{"from":[-3.1428576,6.0319138,-0.17995262],"to":[19.142857,21.460485,16.962906],"rotation":{"angle":22.5,"axis":"x","origin":[8.0,8.0,8.0]},"faces":{"east":{"uv":[1.44125,3.44125,2.05875,3.99625],"rotation":0,"texture":"#0","tintindex":0},"south":{"uv":[1.56625,2.87875,2.37125,3.43375],"rotation":0,"texture":"#0","tintindex":0},"north":{"uv":[2.81625,1.50375,3.62125,2.05875],"rotation":0,"texture":"#0","tintindex":0},"west":{"uv":[2.05875,3.44125,1.44125,3.99625],"rotation":0,"texture":"#0","tintindex":0},"up":{"uv":[2.62125,2.87125,1.81625,2.25375],"rotation":0,"texture":"#0","tintindex":0},"down":{"uv":[0.80875,2.56625,0.00375,3.18375],"rotation":0,"texture":"#0","tintindex":0}}},{"from":[-2.7142859,8.428572,-1.4285717],"to":[7.5714283,17.0,-0.57142925],"rotation":{"angle":22.5,"axis":"x","origin":[8.428572,8.428572,2.8571424]},"faces":{"east":{"uv":[7.94125,9.44125,7.96875,9.74625],"rotation":0,"texture":"#0","tintindex":0},"south":{"uv":[6.87875,1.50375,7.24625,1.80875],"rotation":0,"texture":"#0","tintindex":0},"north":{"uv":[6.81625,5.87875,7.18375,6.18375],"rotation":0,"texture":"#0","tintindex":0},"west":{"uv":[8.69125,9.44125,8.71875,9.74625],"rotation":0,"texture":"#0","tintindex":0},"up":{"uv":[9.74625,8.03125,9.37875,8.00375],"rotation":0,"texture":"#0","tintindex":0},"down":{"uv":[9.80875,0.31625,9.44125,0.34375],"rotation":0,"texture":"#0","tintindex":0}}},{"from":[8.428572,8.428572,-1.4285717],"to":[18.714287,17.0,-0.57142925],"rotation":{"angle":22.5,"axis":"x","origin":[7.5714283,8.428572,2.8571424]},"faces":{"east":{"uv":[8.71875,9.44125,8.69125,9.74625],"rotation":0,"texture":"#0","tintindex":0},"south":{"uv":[7.24625,1.50375,6.87875,1.80875],"rotation":0,"texture":"#0","tintindex":0},"north":{"uv":[7.18375,5.87875,6.81625,6.18375],"rotation":0,"texture":"#0","tintindex":0},"west":{"uv":[7.96875,9.44125,7.94125,9.74625],"rotation":0,"texture":"#0","tintindex":0},"up":{"uv":[9.37875,8.03125,9.74625,8.00375],"rotation":0,"texture":"#0","tintindex":0},"down":{"uv":[9.44125,0.31625,9.80875,0.34375],"rotation":0,"texture":"#0","tintindex":0}}},{"from":[-2.7142859,13.571428,16.57143],"to":[5.8571424,22.142857,18.285715],"rotation":{"angle":22.5,"axis":"x","origin":[8.428572,8.428572,2.8571424]},"faces":{"east":{"uv":[0.50375,4.94125,0.55875,5.24625],"rotation":0,"texture":"#0","tintindex":0},"south":{"uv":[2.75375,7.19125,3.05875,7.49625],"rotation":0,"texture":"#0","tintindex":0},"north":{"uv":[2.44125,7.19125,2.74625,7.49625],"rotation":0,"texture":"#0","tintindex":0},"west":{"uv":[0.44125,5.37875,0.49625,5.68375],"rotation":0,"texture":"#0","tintindex":0},"up":{"uv":[7.87125,2.18375,7.56625,2.12875],"rotation":0,"texture":"#0","tintindex":0},"down":{"uv":[7.93375,3.44125,7.62875,3.49625],"rotation":0,"texture":"#0","tintindex":0}}},{"from":[10.142858,13.571428,16.57143],"to":[18.714287,22.142857,18.285715],"rotation":{"angle":22.5,"axis":"x","origin":[7.5714283,8.428572,2.8571424]},"faces":{"east":{"uv":[0.49625,5.37875,0.44125,5.68375],"rotation":0,"texture":"#0","tintindex":0},"south":{"uv":[3.05875,7.19125,2.75375,7.49625],"rotation":0,"texture":"#0","tintindex":0},"north":{"uv":[2.74625,7.19125,2.44125,7.49625],"rotation":0,"texture":"#0","tintindex":0},"west":{"uv":[0.55875,4.94125,0.50375,5.24625],"rotation":0,"texture":"#0","tintindex":0},"up":{"uv":[7.56625,2.18375,7.87125,2.12875],"rotation":0,"texture":"#0","tintindex":0},"down":{"uv":[7.62875,3.44125,7.93375,3.49625],"rotation":0,"texture":"#0","tintindex":0}}},{"from":[-10.0,14.857143,1.1428566],"to":[-1.4285717,25.142859,11.428572],"rotation":{"angle":22.5,"axis":"x","origin":[2.8571424,9.714286,2.8571424]},"faces":{"east":{"uv":[4.19125,6.19125,4.55875,6.55875],"rotation":0,"texture":"#0","tintindex":0},"south":{"uv":[6.81625,2.50375,7.12125,2.87125],"rotation":0,"texture":"#0","tintindex":0},"north":{"uv":[6.62875,6.69125,6.93375,7.05875],"rotation":0,"texture":"#0","tintindex":0},"west":{"uv":[0.00375,6.25375,0.37125,6.62125],"rotation":0,"texture":"#0","tintindex":0},"up":{"uv":[6.68375,7.37125,6.37875,7.00375],"rotation":0,"texture":"#0","tintindex":0},"down":{"uv":[5.93375,6.81625,5.62875,7.18375],"rotation":0,"texture":"#0","tintindex":0}}},{"from":[17.428572,14.857143,1.1428566],"to":[26.0,25.142859,11.428572],"rotation":{"angle":22.5,"axis":"x","origin":[13.142858,9.714286,2.8571424]},"faces":{"east":{"uv":[0.37125,6.25375,0.00375,6.62125],"rotation":0,"texture":"#0","tintindex":0},"south":{"uv":[7.12125,2.50375,6.81625,2.87125],"rotation":0,"texture":"#0","tintindex":0},"north":{"uv":[6.93375,6.69125,6.62875,7.05875],"rotation":0,"texture":"#0","tintindex":0},"west":{"uv":[4.55875,6.19125,4.19125,6.55875],"rotation":0,"texture":"#0","tintindex":0},"up":{"uv":[6.37875,7.37125,6.68375,7.00375],"rotation":0,"texture":"#0","tintindex":0},"down":{"uv":[5.62875,6.81625,5.93375,7.18375],"rotation":0,"texture":"#0","tintindex":0}}},{"from":[23.428572,17.428572,3.7142854],"to":[28.57143,24.285715,10.571428],"rotation":{"angle":22.5,"axis":"x","origin":[13.142858,9.714286,2.8571424]},"faces":{"east":{"uv":[0.37125,6.25375,0.00375,6.62125],"rotation":0,"texture":"#0","tintindex":0},"south":{"uv":[7.12125,2.50375,6.81625,2.87125],"rotation":0,"texture":"#0","tintindex":0},"north":{"uv":[6.93375,6.69125,6.62875,7.05875],"rotation":0,"texture":"#0","tintindex":0},"west":{"uv":[4.55875,6.19125,4.19125,6.55875],"rotation":0,"texture":"#0","tintindex":0},"up":{"uv":[6.37875,7.37125,6.68375,7.00375],"rotation":0,"texture":"#0","tintindex":0},"down":{"uv":[5.62875,6.81625,5.93375,7.18375],"rotation":0,"texture":"#0","tintindex":0}}},{"from":[-12.57143,17.428572,3.7142854],"to":[-7.4285717,24.285715,10.571428],"rotation":{"angle":22.5,"axis":"x","origin":[2.8571424,9.714286,2.8571424]},"faces":{"east":{"uv":[4.19125,6.19125,4.55875,6.55875],"rotation":0,"texture":"#0","tintindex":0},"south":{"uv":[6.81625,2.50375,7.12125,2.87125],"rotation":0,"texture":"#0","tintindex":0},"north":{"uv":[6.62875,6.69125,6.93375,7.05875],"rotation":0,"texture":"#0","tintindex":0},"west":{"uv":[0.00375,6.25375,0.37125,6.62125],"rotation":0,"texture":"#0","tintindex":0},"up":{"uv":[6.68375,7.37125,6.37875,7.00375],"rotation":0,"texture":"#0","tintindex":0},"down":{"uv":[5.93375,6.81625,5.62875,7.18375],"rotation":0,"texture":"#0","tintindex":0}}},{"from":[4.5714283,17.428572,10.571428],"to":[11.428572,26.0,17.428572],"rotation":{"angle":0.0,"axis":"y","origin":[8.0,14.0,10.571428]},"faces":{"east":{"uv":[7.69125,4.06625,7.93375,4.37125],"rotation":0,"texture":"#0","tintindex":0},"south":{"uv":[7.69125,4.56625,7.93375,4.87125],"rotation":0,"texture":"#0","tintindex":0},"north":{"uv":[1.56625,2.56625,1.80875,2.87125],"rotation":0,"texture":"#0","tintindex":0},"west":{"uv":[5.31625,7.69125,5.55875,7.99625],"rotation":0,"texture":"#0","tintindex":0},"up":{"uv":[6.49625,8.30875,6.25375,8.06625],"rotation":0,"texture":"#0","tintindex":0},"down":{"uv":[7.05875,8.06625,6.81625,8.30875],"rotation":0,"texture":"#0","tintindex":0}}},{"from":[1.5714283,21.714287,13.142858],"to":[5.428571,26.857143,16.57143],"rotation":{"angle":-22.5,"axis":"z","origin":[7.5714283,24.285715,19.142857]},"faces":{"east":{"uv":[9.12875,0.94125,9.24625,1.12125],"rotation":0,"texture":"#0","tintindex":0},"south":{"uv":[1.37875,8.94125,1.53125,9.12125],"rotation":0,"texture":"#0","tintindex":0},"north":{"uv":[8.94125,1.25375,9.09375,1.43375],"rotation":0,"texture":"#0","tintindex":0},"west":{"uv":[1.12875,9.12875,1.24625,9.30875],"rotation":0,"texture":"#0","tintindex":0},"up":{"uv":[9.34375,7.43375,9.19125,7.31625],"rotation":0,"texture":"#0","tintindex":0},"down":{"uv":[9.34375,7.44125,9.19125,7.55875],"rotation":0,"texture":"#0","tintindex":0}}},{"from":[1.7227774,26.935467,14.0],"to":[5.151349,30.364038,15.714286],"rotation":{"angle":-45.0,"axis":"z","origin":[3.1410732,28.991034,9.428572]},"faces":{"east":{"uv":[1.62875,8.44125,1.68375,8.55875],"rotation":0,"texture":"#0",