{"textures":{"0":"modelengine:entity/pitlord"},"elements":[{"from":[4.5714283,6.285714,3.7142854],"to":[11.428572,9.714286,12.285715],"rotation":{"angle":0.0,"axis":"y","origin":[8.0,8.0,8.0]},"faces":{"east":{"uv":[8.62875,3.94125,8.93375,4.05875],"rotation":0,"texture":"#0","tintindex":0},"south":{"uv":[8.87875,3.62875,9.12125,3.74625],"rotation":0,"texture":"#0","tintindex":0},"north":{"uv":[3.00375,8.87875,3.24625,8.99625],"rotation":0,"texture":"#0","tintindex":0},"west":{"uv":[8.62875,4.06625,8.93375,4.18375],"rotation":0,"texture":"#0","tintindex":0},"up":{"uv":[8.05875,8.12125,7.81625,7.81625],"rotation":0,"texture":"#0","tintindex":0},"down":{"uv":[1.12125,7.87875,0.87875,8.18375],"rotation":0,"texture":"#0","tintindex":0}}},{"from":[1.9999995,-1.4285717,5.428571],"to":[9.714286,5.428571,13.142858],"rotation":{"angle":0.0,"axis":"y","origin":[6.285714,5.428571,10.571428]},"faces":{"east":{"uv":[7.94125,6.44125,8.21875,6.68375],"rotation":0,"texture":"#0","tintindex":0},"south":{"uv":[7.94125,6.69125,8.21875,6.93375],"rotation":0,"texture":"#0","tintindex":0},"north":{"uv":[7.94125,6.19125,8.21875,6.43375],"rotation":0,"texture":"#0","tintindex":0},"west":{"uv":[7.94125,6.94125,8.21875,7.18375],"rotation":0,"texture":"#0","tintindex":0},"up":{"uv":[1.15625,7.84375,0.87875,7.56625],"rotation":0,"texture":"#0","tintindex":0},"down":{"uv":[4.96875,7.56625,4.69125,7.84375],"rotation":0,"texture":"#0","tintindex":0}}},{"from":[2.8571424,-2.285715,3.7142854],"to":[11.428572,6.285714,12.285715],"rotation":{"angle":0.0,"axis":"y","origin":[8.0,6.285714,8.857143]},"faces":{"east":{"uv":[1.31625,7.12875,1.62125,7.43375],"rotation":0,"texture":"#0","tintindex":0},"south":{"uv":[7.12875,2.50375,7.43375,2.80875],"rotation":0,"texture":"#0","tintindex":0},"north":{"uv":[7.12875,0.69125,7.43375,0.99625],"rotation":0,"texture":"#0","tintindex":0},"west":{"uv":[4.50375,7.12875,4.80875,7.43375],"rotation":0,"texture":"#0","tintindex":0},"up":{"uv":[7.43375,5.74625,7.12875,5.44125],"rotation":0,"texture":"#0","tintindex":0},"down":{"uv":[7.49625,0.00375,7.19125,0.30875],"rotation":0,"texture":"#0","tintindex":0}}}],"display":{"head":{"translation":[0.0,-6.4,0.0],"scale":[4.0,4.0,4.0]}}}