{"textures":{"0":"modelengine:entity/pitlord"},"elements":[{"from":[2.8571424,2.8571424,1.1428566],"to":[13.142858,8.0,11.428572],"rotation":{"angle":0.0,"axis":"y","origin":[8.0,8.0,8.0]},"faces":{"east":{"uv":[5.56625,7.94125,5.93375,8.12125],"rotation":0,"texture":"#0","tintindex":0},"south":{"uv":[7.94125,5.62875,8.30875,5.80875],"rotation":0,"texture":"#0","tintindex":0},"north":{"uv":[7.94125,5.19125,8.30875,5.37125],"rotation":0,"texture":"#0","tintindex":0},"west":{"uv":[7.94125,5.81625,8.30875,5.99625],"rotation":0,"texture":"#0","tintindex":0},"up":{"uv":[1.49625,6.62125,1.12875,6.25375],"rotation":0,"texture":"#0","tintindex":0},"down":{"uv":[3.05875,6.25375,2.69125,6.62125],"rotation":0,"texture":"#0","tintindex":0}}},{"from":[1.9999995,5.428571,-2.285715],"to":[4.5714283,7.142857,1.1428566],"rotation":{"angle":45.0,"axis":"y","origin":[5.428571,4.5714283,1.1428566]},"faces":{"east":{"uv":[8.50375,0.12875,8.62125,0.18375],"rotation":0,"texture":"#0","tintindex":0},"south":{"uv":[9.50375,8.06625,9.59375,8.12125],"rotation":0,"texture":"#0","tintindex":0},"north":{"uv":[8.00375,9.50375,8.09375,9.55875],"rotation":0,"texture":"#0","tintindex":0},"west":{"uv":[8.62875,4.62875,8.74625,4.68375],"rotation":0,"texture":"#0","tintindex":0},"up":{"uv":[9.53125,0.80875,9.44125,0.69125],"rotation":0,"texture":"#0","tintindex":0},"down":{"uv":[9.53125,0.94125,9.44125,1.05875],"rotation":0,"texture":"#0","tintindex":0}}},{"from":[1.9999995,2.8571424,-4.000001],"to":[4.5714283,5.428571,-2.285715],"rotation":{"angle":45.0,"axis":"y","origin":[5.428571,5.428571,1.1428566]},"faces":{"east":{"uv":[6.19125,9.50375,6.24625,9.59375],"rotation":0,"texture":"#0","tintindex":0},"south":{"uv":[0.00375,9.50375,0.09375,9.59375],"rotation":0,"texture":"#0","tintindex":0},"north":{"uv":[9.37875,9.44125,9.46875,9.53125],"rotation":0,"texture":"#0","tintindex":0},"west":{"uv":[6.69125,9.50375,6.74625,9.59375],"rotation":0,"texture":"#0","tintindex":0},"up":{"uv":[8.21875,9.55875,8.12875,9.50375],"rotation":0,"texture":"#0","tintindex":0},"down":{"uv":[9.59375,8.19125,9.50375,8.24625],"rotation":0,"texture":"#0","tintindex":0}}},{"from":[1.1428566,2.8571424,-2.285715],"to":[5.428571,5.428571,1.1428566],"rotation":{"angle":45.0,"axis":"y","origin":[5.428571,5.428571,1.1428566]},"faces":{"east":{"uv":[9.44125,1.12875,9.55875,1.21875],"rotation":0,"texture":"#0","tintindex":0},"south":{"uv":[9.37875,7.25375,9.53125,7.34375],"rotation":0,"texture":"#0","tintindex":0},"north":{"uv":[9.37875,7.12875,9.53125,7.21875],"rotation":0,"texture":"#0","tintindex":0},"west":{"uv":[9.44125,1.44125,9.55875,1.53125],"rotation":0,"texture":"#0","tintindex":0},"up":{"uv":[6.90625,9.30875,6.75375,9.19125],"rotation":0,"texture":"#0","tintindex":0},"down":{"uv":[9.34375,6.81625,9.19125,6.93375],"rotation":0,"texture":"#0","tintindex":0}}},{"from":[6.285714,6.285714,-2.285715],"to":[9.714286,8.0,1.1428566],"rotation":{"angle":0.0,"axis":"y","origin":[8.0,6.285714,-4.000001]},"faces":{"east":{"uv":[0.69125,8.31625,0.80875,8.37125],"rotation":0,"texture":"#0","tintindex":0},"south":{"uv":[8.31625,4.19125,8.43375,4.24625],"rotation":0,"texture":"#0","tintindex":0},"north":{"uv":[3.87875,8.19125,3.99625,8.24625],"rotation":0,"texture":"#0","tintindex":0},"west":{"uv":[8.37875,2.62875,8.49625,2.68375],"rotation":0,"texture":"#0","tintindex":0},"up":{"uv":[7.62125,9.43375,7.50375,9.31625],"rotation":0,"texture":"#0","tintindex":0},"down":{"uv":[7.74625,9.31625,7.62875,9.43375],"rotation":0,"texture":"#0","tintindex":0}}},{"from":[5.428571,2.8571424,-2.285715],"to":[10.571428,6.285714,1.1428566],"rotation":{"angle":0.0,"axis":"y","origin":[8.0,4.5714283,-4.000001]},"faces":{"east":{"uv":[7.25375,9.31625,7.37125,9.43375],"rotation":0,"texture":"#0","tintindex":0},"south":{"uv":[0.75375,9.12875,0.93375,9.24625],"rotation":0,"texture":"#0","tintindex":0},"north":{"uv":[9.12875,0.69125,9.30875,0.80875],"rotation":0,"texture":"#0","tintindex":0},"west":{"uv":[7.37875,9.31625,7.49625,9.43375],"rotation":0,"texture":"#0","tintindex":0},"up":{"uv":[9.30875,0.93375,9.12875,0.81625],"rotation":0,"texture":"#0","tintindex":0},"down":{"uv":[1.12125,9.12875,0.94125,9.24625],"rotation":0,"texture":"#0","tintindex":0}}},{"from":[6.285714,2.8571424,-4.000001],"to":[9.714286,6.285714,-2.285715],"rotation":{"angle":0.0,"axis":"y","origin":[8.0,4.5714283,-5.714287]},"faces":{"east":{"uv":[8.00375,8.12875,8.05875,8.24625],"rotation":0,"texture":"#0","tintindex":0},"south":{"uv":[8.19125,9.31625,8.30875,9.43375],"rotation":0,"texture":"#0","tintindex":0},"north":{"uv":[7.75375,9.31625,7.87125,9.43375],"rotation":0,"texture":"#0","tintindex":0},"west":{"uv":[1.87875,8.25375,1.93375,8.37125],"rotation":0,"texture":"#0","tintindex":0},"up":{"uv":[3.87125,8.43375,3.75375,8.37875],"rotation":0,"texture":"#0","tintindex":0},"down":{"uv":[8.55875,5.50375,8.44125,5.55875],"rotation":0,"texture":"#0","tintindex":0}}},{"from":[11.428572,2.8571424,-4.000001],"to":[14.0,5.428571,-2.285715],"rotation":{"angle":-45.0,"axis":"y","origin":[10.571428,5.428571,1.1428566]},"faces":{"east":{"uv":[6.87875,9.50375,6.93375,9.59375],"rotation":0,"texture":"#0","tintindex":0},"south":{"uv":[0.44125,9.50375,0.53125,9.59375],"rotation":0,"texture":"#0","tintindex":0},"north":{"uv":[9.50375,0.19125,9.59375,0.28125],"rotation":0,"texture":"#0","tintindex":0},"west":{"uv":[8.25375,9.50375,8.30875,9.59375],"rotation":0,"texture":"#0","tintindex":0},"up":{"uv":[8.40625,9.55875,8.31625,9.50375],"rotation":0,"texture":"#0","tintindex":0},"down":{"uv":[8.53125,9.50375,8.44125,9.55875],"rotation":0,"texture":"#0","tintindex":0}}},{"from":[10.571428,2.8571424,-2.285715],"to":[14.857143,5.428571,1.1428566],"rotation":{"angle":-45.0,"axis":"y","origin":[10.571428,5.428571,1.1428566]},"faces":{"east":{"uv":[9.44125,1.56625,9.55875,1.65625],"rotation":0,"texture":"#0","tintindex":0},"south":{"uv":[9.37875,7.62875,9.53125,7.71875],"rotation":0,"texture":"#0","tintindex":0},"north":{"uv":[9.37875,7.37875,9.53125,7.46875],"rotation":0,"texture":"#0","tintindex":0},"west":{"uv":[9.44125,1.69125,9.55875,1.78125],"rotation":0,"texture":"#0","tintindex":0},"up":{"uv":[7.15625,9.30875,7.00375,9.19125],"rotation":0,"texture":"#0","tintindex":0},"down":{"uv":[7.34375,9.19125,7.19125,9.30875],"rotation":0,"texture":"#0","tintindex":0}}},{"from":[11.428572,5.428571,-2.285715],"to":[14.0,7.142857,1.1428566],"rotation":{"angle":-45.0,"axis":"y","origin":[10.571428,4.5714283,1.1428566]},"faces":{"east":{"uv":[8.75375,2.56625,8.87125,2.62125],"rotation":0,"texture":"#0","tintindex":0},"south":{"uv":[9.50375,8.81625,9.59375,8.87125],"rotation":0,"texture":"#0","tintindex":0},"north":{"uv":[8.75375,9.50375,8.84375,9.55875],"rotation":0,"texture":"#0","tintindex":0},"west":{"uv":[6.50375,8.75375,6.62125,8.80875],"rotation":0,"texture":"#0","tintindex":0},"up":{"uv":[9.53125,1.93375,9.44125,1.81625],"rotation":0,"texture":"#0","tintindex":0},"down":{"uv":[9.53125,2.12875,9.44125,2.24625],"rotation":0,"texture":"#0","tintindex":0}}},{"from":[4.5714283,2.8571424,11.428572],"to":[11.428572,6.285714,13.142858],"rotation":{"angle":0.0,"axis":"y","origin":[8.0,4.5714283,8.0]},"faces":{"east":{"uv":[8.25375,7.37875,8.30875,7.49625],"rotation":0,"texture":"#0","tintindex":0},"south":{"uv":[8.87875,2.94125,9.12125,3.05875],"rotation":0,"texture":"#0","tintindex":0},"north":{"uv":[8.87875,2.81625,9.12125,2.93375],"rotation":0,"texture":"#0","tintindex":0},"west":{"uv":[8.31625,1.37875,8.37125,1.49625],"rotation":0,"texture":"#0","tintindex":0},"up":{"uv":[0.87125,8.12125,0.62875,8.06625],"rotation":0,"texture":"#0","tintindex":0},"down":{"uv":[8.62125,1.12875,8.37875,1.18375],"rotation":0,"texture":"#0","tintindex":0}}}],"display":{"head":{"translation":[0.0,-6.4,0.0],"scale":[4.0,4.0,4.0]}}}