{"textures":{"0":"modelengine:entity/pitlord"},"elements":[{"from":[6.285714,4.5714283,4.5714283],"to":[11.428572,9.714286,8.0],"rotation":{"angle":0.0,"axis":"y","origin":[8.0,8.0,8.0]},"faces":{"east":{"uv":[1.44125,9.12875,1.55875,9.30875],"rotation":0,"texture":"#0","tintindex":0},"south":{"uv":[8.75375,4.62875,8.93375,4.80875],"rotation":0,"texture":"#0","tintindex":0},"north":{"uv":[2.56625,8.75375,2.74625,8.93375],"rotation":0,"texture":"#0","tintindex":0},"west":{"uv":[2.81625,9.12875,2.93375,9.30875],"rotation":0,"texture":"#0","tintindex":0},"up":{"uv":[3.80875,9.24625,3.62875,9.12875],"rotation":0,"texture":"#0","tintindex":0},"down":{"uv":[9.30875,3.62875,9.12875,3.74625],"rotation":0,"texture":"#0","tintindex":0}}},{"from":[7.982857,-2.3028584,4.5542855],"to":[12.302857,1.1600003,8.017143],"rotation":{"angle":-45.0,"axis":"z","origin":[11.428572,0.9999995,6.285714]},"faces":{"east":{"uv":[3.44125,9.37875,3.55875,9.49625],"rotation":0,"texture":"#0","tintindex":0},"south":{"uv":[1.25375,9.25375,1.40625,9.37125],"rotation":0,"texture":"#0","tintindex":0},"north":{"uv":[9.25375,0.94125,9.40625,1.05875],"rotation":0,"texture":"#0","tintindex":0},"west":{"uv":[3.56625,9.37875,3.68375,9.49625],"rotation":0,"texture":"#0","tintindex":0},"up":{"uv":[9.40625,1.55875,9.25375,1.44125],"rotation":0,"texture":"#0","tintindex":0},"down":{"uv":[1.71875,9.25375,1.56625,9.37125],"rotation":0,"texture":"#0","tintindex":0}}},{"from":[8.0,-4.000001,5.0],"to":[11.428572,-2.285715,7.5714283],"rotation":{"angle":-45.0,"axis":"z","origin":[11.428572,0.9999995,6.285714]},"faces":{"east":{"uv":[9.56625,0.75375,9.65625,0.80875],"rotation":0,"texture":"#0","tintindex":0},"south":{"uv":[9.50375,5.00375,9.62125,5.05875],"rotation":0,"texture":"#0","tintindex":0},"north":{"uv":[5.00375,9.50375,5.12125,9.55875],"rotation":0,"texture":"#0","tintindex":0},"west":{"uv":[9.56625,1.31625,9.65625,1.37125],"rotation":0,"texture":"#0","tintindex":0},"up":{"uv":[9.55875,6.40625,9.44125,6.31625],"rotation":0,"texture":"#0","tintindex":0},"down":{"uv":[6.55875,9.44125,6.44125,9.53125],"rotation":0,"texture":"#0","tintindex":0}}},{"from":[8.0,-5.714287,5.428571],"to":[10.571428,-4.000001,7.142857],"rotation":{"angle":-45.0,"axis":"z","origin":[11.428572,0.9999995,6.285714]},"faces":{"east":{"uv":[4.19125,7.69125,4.24625,7.74625],"rotation":0,"texture":"#0","tintindex":0},"south":{"uv":[2.69125,9.56625,2.78125,9.62125],"rotation":0,"texture":"#0","tintindex":0},"north":{"uv":[9.56625,1.94125,9.65625,1.99625],"rotation":0,"texture":"#0","tintindex":0},"west":{"uv":[1.94125,7.87875,1.99625,7.93375],"rotation":0,"texture":"#0","tintindex":0},"up":{"uv":[9.65625,2.80875,9.56625,2.75375],"rotation":0,"texture":"#0","tintindex":0},"down":{"uv":[2.90625,9.56625,2.81625,9.62125],"rotation":0,"texture":"#0","tintindex":0}}},{"from":[8.0,1.1428566,4.5714283],"to":[11.428572,4.5714283,8.0],"rotation":{"angle":0.0,"axis":"y","origin":[6.285714,4.5714283,4.5714283]},"faces":{"east":{"uv":[2.56625,9.37875,2.68375,9.49625],"rotation":0,"texture":"#0","tintindex":0},"south":{"uv":[2.94125,9.37875,3.05875,9.49625],"rotation":0,"texture":"#0","tintindex":0},"north":{"uv":[2.44125,9.37875,2.55875,9.49625],"rotation":0,"texture":"#0","tintindex":0},"west":{"uv":[3.06625,9.37875,3.18375,9.49625],"rotation":0,"texture":"#0","tintindex":0},"up":{"uv":[3.30875,9.49625,3.19125,9.37875],"rotation":0,"texture":"#0","tintindex":0},"down":{"uv":[3.43375,9.37875,3.31625,9.49625],"rotation":0,"texture":"#0","tintindex":0}}}],"display":{"head":{"translation":[0.0,-6.4,0.0],"scale":[4.0,4.0,4.0]}}}