{"textures":{"0":"modelengine:entity/pitlord"},"elements":[{"from":[0.28571415,-0.57142925,2.8571424],"to":[8.0,11.428572,13.142858],"rotation":{"angle":0.0,"axis":"y","origin":[8.0,8.0,8.0]},"faces":{"east":{"uv":[5.81625,0.44125,6.18375,0.87125],"rotation":0,"texture":"#0","tintindex":0},"south":{"uv":[4.56625,6.69125,4.84375,7.12125],"rotation":0,"texture":"#0","tintindex":0},"north":{"uv":[1.50375,6.69125,1.78125,7.12125],"rotation":0,"texture":"#0","tintindex":0},"west":{"uv":[1.19125,5.81625,1.55875,6.24625],"rotation":0,"texture":"#0","tintindex":0},"up":{"uv":[7.21875,7.37125,6.94125,7.00375],"rotation":0,"texture":"#0","tintindex":0},"down":{"uv":[6.34375,7.06625,6.06625,7.43375],"rotation":0,"texture":"#0","tintindex":0}}},{"from":[-0.57142925,1.1428566,1.9999995],"to":[8.857143,8.857143,9.714286],"rotation":{"angle":0.0,"axis":"y","origin":[3.7142854,8.0,7.142857]},"faces":{"east":{"uv":[3.56625,7.69125,3.84375,7.96875],"rotation":0,"texture":"#0","tintindex":0},"south":{"uv":[7.25375,6.87875,7.59375,7.15625],"rotation":0,"texture":"#0","tintindex":0},"north":{"uv":[4.81625,7.25375,5.15625,7.53125],"rotation":0,"texture":"#0","tintindex":0},"west":{"uv":[3.87875,7.69125,4.15625,7.96875],"rotation":0,"texture":"#0","tintindex":0},"up":{"uv":[7.59375,7.46875,7.25375,7.19125],"rotation":0,"texture":"#0","tintindex":0},"down":{"uv":[1.96875,7.37875,1.62875,7.65625],"rotation":0,"texture":"#0","tintindex":0}}}],"display":{"head":{"translation":[0.0,-6.4,0.0],"scale":[4.0,4.0,4.0]}}}