{"textures":{"0":"modelengine:entity/pitlord"},"elements":[{"from":[2.8571424,2.8571424,2.8571424],"to":[13.142858,8.0,14.0],"rotation":{"angle":0.0,"axis":"y","origin":[8.0,8.0,9.714286]},"faces":{"east":{"uv":[4.44125,7.87875,4.84375,8.05875],"rotation":0,"texture":"#0","tintindex":0},"south":{"uv":[8.00375,2.50375,8.37125,2.68375],"rotation":0,"texture":"#0","tintindex":0},"north":{"uv":[8.00375,1.50375,8.37125,1.68375],"rotation":0,"texture":"#0","tintindex":0},"west":{"uv":[7.87875,7.50375,8.28125,7.68375],"rotation":0,"texture":"#0","tintindex":0},"up":{"uv":[0.74625,6.53125,0.37875,6.12875],"rotation":0,"texture":"#0","tintindex":0},"down":{"uv":[6.49625,2.50375,6.12875,2.90625],"rotation":0,"texture":"#0","tintindex":0}}},{"from":[6.285714,0.28571415,-8.714287],"to":[8.857143,2.8571424,25.57143],"rotation":{"angle":0.0,"axis":"y","origin":[8.0,2.8571424,9.714286]},"faces":{"east":{"uv":[6.37875,1.00375,7.62125,1.09375],"rotation":0,"texture":"#0","tintindex":0},"south":{"uv":[2.19125,9.50375,2.28125,9.59375],"rotation":0,"texture":"#0","tintindex":0},"north":{"uv":[2.06625,9.50375,2.15625,9.59375],"rotation":0,"texture":"#0","tintindex":0},"west":{"uv":[6.87875,3.50375,8.12125,3.59375],"rotation":0,"texture":"#0","tintindex":0},"up":{"uv":[0.34375,7.87125,0.25375,6.62875],"rotation":0,"texture":"#0","tintindex":0},"down":{"uv":[6.03125,6.81625,5.94125,8.05875],"rotation":0,"texture":"#0","tintindex":0}}},{"from":[6.285714,0.28571415,-13.857143],"to":[8.857143,2.8571424,-12.1428585],"rotation":{"angle":0.0,"axis":"y","origin":[8.0,2.8571424,4.5714283]},"faces":{"east":{"uv":[4.19125,9.56625,4.24625,9.65625],"rotation":0,"texture":"#0","tintindex":0},"south":{"uv":[2.44125,9.50375,2.53125,9.59375],"rotation":0,"texture":"#0","tintindex":0},"north":{"uv":[2.31625,9.50375,2.40625,9.59375],"rotation":0,"texture":"#0","tintindex":0},"west":{"uv":[9.56625,4.19125,9.62125,4.28125],"rotation":0,"texture":"#0","tintindex":0},"up":{"uv":[9.65625,3.93375,9.56625,3.87875],"rotation":0,"texture":"#0","tintindex":0},"down":{"uv":[9.65625,4.06625,9.56625,4.12125],"rotation":0,"texture":"#0","tintindex":0}}},{"from":[6.285714,0.28571415,29.0],"to":[8.857143,2.8571424,30.714287],"rotation":{"angle":0.0,"axis":"y","origin":[8.0,2.8571424,47.428574]},"faces":{"east":{"uv":[4.19125,9.56625,4.24625,9.65625],"rotation":0,"texture":"#0","tintindex":0},"south":{"uv":[2.44125,9.50375,2.53125,9.59375],"rotation":0,"texture":"#0","tintindex":0},"north":{"uv":[2.31625,9.50375,2.40625,9.59375],"rotation":0,"texture":"#0","tintindex":0},"west":{"uv":[9.56625,4.19125,9.62125,4.28125],"rotation":0,"texture":"#0","tintindex":0},"up":{"uv":[9.65625,3.93375,9.56625,3.87875],"rotation":0,"texture":"#0","tintindex":0},"down":{"uv":[9.65625,4.06625,9.56625,4.12125],"rotation":0,"texture":"#0","tintindex":0}}}],"display":{"head":{"translation":[0.0,-6.4,0.0],"scale":[4.0,4.0,4.0]}}}