{"textures":{"0":"modelengine:entity/pitlord"},"elements":[{"from":[1.1428566,-3.1428576,6.285714],"to":[8.0,3.7142854,20.0],"rotation":{"angle":22.5,"axis":"x","origin":[4.5714283,1.9999995,12.285715]},"faces":{"east":{"uv":[6.44125,5.25375,6.93375,5.49625],"rotation":0,"texture":"#0","tintindex":0},"south":{"uv":[1.94125,8.12875,2.18375,8.37125],"rotation":0,"texture":"#0","tintindex":0},"north":{"uv":[1.12875,8.12875,1.37125,8.37125],"rotation":0,"texture":"#0","tintindex":0},"west":{"uv":[5.62875,6.56625,6.12125,6.80875],"rotation":0,"texture":"#0","tintindex":0},"up":{"uv":[6.37125,7.05875,6.12875,6.56625],"rotation":0,"texture":"#0","tintindex":0},"down":{"uv":[6.62125,6.56625,6.37875,7.05875],"rotation":0,"texture":"#0","tintindex":0}}},{"from":[0.9714279,11.257143,3.5428572],"to":[9.885715,13.314286,12.457143],"rotation":{"angle":0.0,"axis":"y","origin":[5.428571,8.0,8.0]},"faces":{"east":{"uv":[4.87875,0.25375,5.18375,0.30875],"rotation":0,"texture":"#0","tintindex":0},"south":{"uv":[5.94125,3.12875,6.24625,3.18375],"rotation":0,"texture":"#0","tintindex":0},"north":{"uv":[2.06625,3.44125,2.37125,3.49625],"rotation":0,"texture":"#0","tintindex":0},"west":{"uv":[6.81625,2.87875,7.12125,2.93375],"rotation":0,"texture":"#0","tintindex":0},"up":{"uv":[6.68375,7.37125,6.37875,7.06625],"rotation":0,"texture":"#0","tintindex":0},"down":{"uv":[7.43375,0.37875,7.12875,0.68375],"rotation":0,"texture":"#0","tintindex":0}}},{"from":[0.11428547,-0.74285793,2.6857138],"to":[9.885715,11.6,13.314286],"rotation":{"angle":0.0,"axis":"y","origin":[8.857143,8.0,8.0]},"faces":{"east":{"uv":[4.00375,5.75375,4.37125,6.18375],"rotation":0,"texture":"#0","tintindex":0},"south":{"uv":[3.44125,6.12875,3.78125,6.55875],"rotation":0,"texture":"#0","tintindex":0},"north":{"uv":[3.06625,6.12875,3.40625,6.55875],"rotation":0,"texture":"#0","tintindex":0},"west":{"uv":[4.37875,5.75375,4.74625,6.18375],"rotation":0,"texture":"#0","tintindex":0},"up":{"uv":[2.53125,6.93375,2.19125,6.56625],"rotation":0,"texture":"#0","tintindex":0},"down":{"uv":[3.40625,6.56625,3.06625,6.93375],"rotation":0,"texture":"#0","tintindex":0}}},{"from":[-0.74285793,0.9714279,1.8285708],"to":[7.3142858,9.028571,9.885715],"rotation":{"angle":0.0,"axis":"y","origin":[4.5714283,8.0,7.142857]},"faces":{"east":{"uv":[7.62875,1.69125,7.90625,1.96875],"rotation":0,"texture":"#0","tintindex":0},"south":{"uv":[2.00375,7.62875,2.28125,7.90625],"rotation":0,"texture":"#0","tintindex":0},"north":{"uv":[7.56625,7.50375,7.84375,7.78125],"rotation":0,"texture":"#0","tintindex":0},"west":{"uv":[7.62875,3.12875,7.90625,3.40625],"rotation":0,"texture":"#0","tintindex":0},"up":{"uv":[5.28125,7.90625,5.00375,7.62875],"rotation":0,"texture":"#0","tintindex":0},"down":{"uv":[7.90625,6.75375,7.62875,7.03125],"rotation":0,"texture":"#0","tintindex":0}}},{"from":[1.9999995,3.7142854,11.428572],"to":[7.142857,5.428571,18.285715],"rotation":{"angle":22.5,"axis":"x","origin":[4.5714283,1.9999995,12.285715]},"faces":{"east":{"uv":[9.31625,1.94125,9.55875,1.99625],"rotation":0,"texture":"#0","tintindex":0},"south":{"uv":[9.44125,3.69125,9.62125,3.74625],"rotation":0,"texture":"#0","tintindex":0},"north":{"uv":[9.44125,3.62875,9.62125,3.68375],"rotation":0,"texture":"#0","tintindex":0},"west":{"uv":[9.31625,5.44125,9.55875,5.49625],"rotation":0,"texture":"#0","tintindex":0},"up":{"uv":[8.68375,2.87125,8.50375,2.62875],"rotation":0,"texture":"#0","tintindex":0},"down":{"uv":[8.68375,2.87875,8.50375,3.12125],"rotation":0,"texture":"#0","tintindex":0}}}],"display":{"head":{"translation":[0.0,-6.4,0.0],"scale":[4.0,4.0,4.0]}}}