{"textures":{"0":"modelengine:entity/pitlord"},"elements":[{"from":[7.5714283,-8.285715,7.142857],"to":[10.142858,-6.5714293,8.857143],"rotation":{"angle":45.0,"axis":"z","origin":[6.714286,-1.5714293,8.0]},"faces":{"east":{"uv":[7.87875,4.50375,7.93375,4.55875],"rotation":0,"texture":"#0","tintindex":0},"south":{"uv":[9.56625,2.87875,9.65625,2.93375],"rotation":0,"texture":"#0","tintindex":0},"north":{"uv":[9.56625,2.81625,9.65625,2.87125],"rotation":0,"texture":"#0","tintindex":0},"west":{"uv":[7.94125,5.37875,7.99625,5.43375],"rotation":0,"texture":"#0","tintindex":0},"up":{"uv":[3.03125,9.62125,2.94125,9.56625],"rotation":0,"texture":"#0","tintindex":0},"down":{"uv":[9.65625,2.94125,9.56625,2.99625],"rotation":0,"texture":"#0","tintindex":0}}},{"from":[6.714286,-6.5714293,6.714286],"to":[10.142858,-4.8571434,9.285714],"rotation":{"angle":45.0,"axis":"z","origin":[6.714286,-1.5714293,8.0]},"faces":{"east":{"uv":[3.06625,9.56625,3.15625,9.62125],"rotation":0,"texture":"#0","tintindex":0},"south":{"uv":[5.12875,9.50375,5.24625,9.55875],"rotation":0,"texture":"#0","tintindex":0},"north":{"uv":[9.50375,5.06625,9.62125,5.12125],"rotation":0,"texture":"#0","tintindex":0},"west":{"uv":[9.56625,3.12875,9.65625,3.18375],"rotation":0,"texture":"#0","tintindex":0},"up":{"uv":[9.55875,6.53125,9.44125,6.44125],"rotation":0,"texture":"#0","tintindex":0},"down":{"uv":[9.55875,6.56625,9.44125,6.65625],"rotation":0,"texture":"#0","tintindex":0}}},{"from":[5.84,-4.8742867,6.2685714],"to":[10.16,-1.4114285,9.731428],"rotation":{"angle":45.0,"axis":"z","origin":[6.714286,-1.5714293,8.0]},"faces":{"east":{"uv":[4.62875,9.37875,4.74625,9.49625],"rotation":0,"texture":"#0","tintindex":0},"south":{"uv":[1.75375,9.25375,1.90625,9.37125],"rotation":0,"texture":"#0","tintindex":0},"north":{"uv":[9.25375,1.69125,9.40625,1.80875],"rotation":0,"texture":"#0","tintindex":0},"west":{"uv":[4.75375,9.37875,4.87125,9.49625],"rotation":0,"texture":"#0","tintindex":0},"up":{"uv":[9.40625,1.93375,9.25375,1.81625],"rotation":0,"texture":"#0","tintindex":0},"down":{"uv":[2.09375,9.25375,1.94125,9.37125],"rotation":0,"texture":"#0","tintindex":0}}},{"from":[4.5714283,-2.285715,6.285714],"to":[8.0,2.8571424,9.714286],"rotation":{"angle":22.5,"axis":"z","origin":[4.5714283,2.8571424,6.285714]},"faces":{"east":{"uv":[3.94125,9.12875,4.05875,9.30875],"rotation":0,"texture":"#0","tintindex":0},"south":{"uv":[9.12875,3.94125,9.24625,4.12125],"rotation":0,"texture":"#0","tintindex":0},"north":{"uv":[3.81625,9.12875,3.93375,9.30875],"rotation":0,"texture":"#0","tintindex":0},"west":{"uv":[9.12875,4.19125,9.24625,4.37125],"rotation":0,"texture":"#0","tintindex":0},"up":{"uv":[4.49625,9.49625,4.37875,9.37875],"rotation":0,"texture":"#0","tintindex":0},"down":{"uv":[4.62125,9.37875,4.50375,9.49625],"rotation":0,"texture":"#0","tintindex":0}}},{"from":[4.5714283,2.8571424,5.8571424],"to":[9.714286,9.714286,10.142858],"rotation":{"angle":0.0,"axis":"y","origin":[8.0,8.0,8.0]},"faces":{"east":{"uv":[6.62875,8.56625,6.78125,8.80875],"rotation":0,"texture":"#0","tintindex":0},"south":{"uv":[1.00375,8.56625,1.18375,8.80875],"rotation":0,"texture":"#0","tintindex":0},"north":{"uv":[0.19125,8.56625,0.37125,8.80875],"rotation":0,"texture":"#0","tintindex":0},"west":{"uv":[0.00375,8.62875,0.15625,8.87125],"rotation":0,"texture":"#0","tintindex":0},"up":{"uv":[2.37125,9.09375,2.19125,8.94125],"rotation":0,"texture":"#0","tintindex":0},"down":{"uv":[9.12125,2.19125,8.94125,2.34375],"rotation":0,"texture":"#0","tintindex":0}}}],"display":{"head":{"translation":[0.0,-6.4,0.0],"scale":[4.0,4.0,4.0]}}}