{"textures":{"0":"modelengine:entity/pitlord"},"elements":[{"from":[0.28571415,-0.57142925,2.8571424],"to":[9.714286,11.428572,13.142858],"rotation":{"angle":0.0,"axis":"y","origin":[8.0,8.0,8.0]},"faces":{"east":{"uv":[4.00375,5.75375,4.37125,6.18375],"rotation":0,"texture":"#0","tintindex":0},"south":{"uv":[3.44125,6.12875,3.78125,6.55875],"rotation":0,"texture":"#0","tintindex":0},"north":{"uv":[3.06625,6.12875,3.40625,6.55875],"rotation":0,"texture":"#0","tintindex":0},"west":{"uv":[4.37875,5.75375,4.74625,6.18375],"rotation":0,"texture":"#0","tintindex":0},"up":{"uv":[2.53125,6.93375,2.19125,6.56625],"rotation":0,"texture":"#0","tintindex":0},"down":{"uv":[3.40625,6.56625,3.06625,6.93375],"rotation":0,"texture":"#0","tintindex":0}}},{"from":[-0.57142925,1.1428566,1.9999995],"to":[7.142857,8.857143,9.714286],"rotation":{"angle":0.0,"axis":"y","origin":[3.7142854,8.0,7.142857]},"faces":{"east":{"uv":[7.62875,1.69125,7.90625,1.96875],"rotation":0,"texture":"#0","tintindex":0},"south":{"uv":[2.00375,7.62875,2.28125,7.90625],"rotation":0,"texture":"#0","tintindex":0},"north":{"uv":[7.56625,7.50375,7.84375,7.78125],"rotation":0,"texture":"#0","tintindex":0},"west":{"uv":[7.62875,3.12875,7.90625,3.40625],"rotation":0,"texture":"#0","tintindex":0},"up":{"uv":[5.28125,7.90625,5.00375,7.62875],"rotation":0,"texture":"#0","tintindex":0},"down":{"uv":[7.90625,6.75375,7.62875,7.03125],"rotation":0,"texture":"#0","tintindex":0}}},{"from":[1.1428566,11.428572,3.7142854],"to":[9.714286,13.142858,12.285715],"rotation":{"angle":0.0,"axis":"y","origin":[4.5714283,8.0,8.0]},"faces":{"east":{"uv":[4.87875,0.25375,5.18375,0.30875],"rotation":0,"texture":"#0","tintindex":0},"south":{"uv":[5.94125,3.12875,6.24625,3.18375],"rotation":0,"texture":"#0","tintindex":0},"north":{"uv":[2.06625,3.44125,2.37125,3.49625],"rotation":0,"texture":"#0","tintindex":0},"west":{"uv":[6.81625,2.87875,7.12125,2.93375],"rotation":0,"texture":"#0","tintindex":0},"up":{"uv":[6.68375,7.37125,6.37875,7.06625],"rotation":0,"texture":"#0","tintindex":0},"down":{"uv":[7.43375,0.37875,7.12875,0.68375],"rotation":0,"texture":"#0","tintindex":0}}}],"display":{"head":{"translation":[0.0,-6.4,0.0],"scale":[4.0,4.0,4.0]}}}