{"textures":{"0":"modelengine:entity/pitlord"},"elements":[{"from":[5.0,7.142857,3.7142854],"to":[10.142858,10.571428,12.285715],"rotation":{"angle":0.0,"axis":"y","origin":[8.428572,8.857143,8.0]},"faces":{"east":{"uv":[7.69125,8.62875,7.99625,8.74625],"rotation":0,"texture":"#0","tintindex":0},"south":{"uv":[9.12875,3.37875,9.30875,3.49625],"rotation":0,"texture":"#0","tintindex":0},"north":{"uv":[9.12875,3.25375,9.30875,3.37125],"rotation":0,"texture":"#0","tintindex":0},"west":{"uv":[0.37875,8.69125,0.68375,8.80875],"rotation":0,"texture":"#0","tintindex":0},"up":{"uv":[6.18375,8.55875,6.00375,8.25375],"rotation":0,"texture":"#0","tintindex":0},"down":{"uv":[6.80875,8.25375,6.62875,8.55875],"rotation":0,"texture":"#0","tintindex":0}}},{"from":[2.8571424,1.1428566,2.8571424],"to":[12.285715,4.5714283,13.142858],"rotation":{"angle":0.0,"axis":"y","origin":[7.142857,6.285714,10.571428]},"faces":{"east":{"uv":[8.50375,4.37875,8.87125,4.49625],"rotation":0,"texture":"#0","tintindex":0},"south":{"uv":[5.44125,8.56625,5.78125,8.68375],"rotation":0,"texture":"#0","tintindex":0},"north":{"uv":[8.56625,4.94125,8.90625,5.05875],"rotation":0,"texture":"#0","tintindex":0},"west":{"uv":[0.62875,8.56625,0.99625,8.68375],"rotation":0,"texture":"#0","tintindex":0},"up":{"uv":[4.53125,6.93375,4.19125,6.56625],"rotation":0,"texture":"#0","tintindex":0},"down":{"uv":[6.90625,4.50375,6.56625,4.87125],"rotation":0,"texture":"#0","tintindex":0}}},{"from":[1.9999995,4.5714283,1.9999995],"to":[13.142858,6.285714,14.0],"rotation":{"angle":0.0,"axis":"y","origin":[7.142857,6.285714,10.571428]},"faces":{"east":{"uv":[4.44125,4.19125,4.87125,4.24625],"rotation":0,"texture":"#0","tintindex":0},"south":{"uv":[9.00375,6.37875,9.40625,6.43375],"rotation":0,"texture":"#0","tintindex":0},"north":{"uv":[9.00375,6.31625,9.40625,6.37125],"rotation":0,"texture":"#0","tintindex":0},"west":{"uv":[8.87875,6.12875,9.30875,6.18375],"rotation":0,"texture":"#0","tintindex":0},"up":{"uv":[1.78125,5.80875,1.37875,5.37875],"rotation":0,"texture":"#0","tintindex":0},"down":{"uv":[3.09375,5.37875,2.69125,5.80875],"rotation":0,"texture":"#0","tintindex":0}}},{"from":[1.9999995,-0.57142925,1.9999995],"to":[13.142858,1.1428566,14.0],"rotation":{"angle":0.0,"axis":"y","origin":[7.142857,1.1428566,10.571428]},"faces":{"east":{"uv":[8.94125,5.25375,9.37125,5.30875],"rotation":0,"texture":"#0","tintindex":0},"south":{"uv":[9.00375,6.56625,9.40625,6.62125],"rotation":0,"texture":"#0","tintindex":0},"north":{"uv":[6.56625,9.00375,6.96875,9.05875],"rotation":0,"texture":"#0","tintindex":0},"west":{"uv":[8.94125,7.06625,9.37125,7.12125],"rotation":0,"texture":"#0","tintindex":0},"up":{"uv":[2.65625,5.87125,2.25375,5.44125],"rotation":0,"texture":"#0","tintindex":0},"down":{"uv":[5.90625,5.31625,5.50375,5.74625],"rotation":0,"texture":"#0","tintindex":0}}},{"from":[1.5885715,3.0028572,2.0171428],"to":[12.697143,4.6828566,13.982857],"rotation":{"angle":22.5,"axis":"z","origin":[10.142858,4.7,10.571428]},"faces":{"east":{"uv":[8.94125,4.12875,9.37125,4.18375],"rotation":0,"texture":"#0","tintindex":0},"south":{"uv":[9.00375,6.50375,9.40625,6.55875],"rotation":0,"texture":"#0","tintindex":0},"north":{"uv":[9.00375,6.44125,9.40625,6.49625],"rotation":0,"texture":"#0","tintindex":0},"west":{"uv":[8.94125,5.19125,9.37125,5.24625],"rotation":0,"texture":"#0","tintindex":0},"up":{"uv":[5.78125,4.30875,5.37875,3.87875],"rotation":0,"texture":"#0","tintindex":0},"down":{"uv":[2.21875,5.44125,1.81625,5.87125],"rotation":0,"texture":"#0","tintindex":0}}},{"from":[3.7142854,-3.1428576,3.7142854],"to":[11.428572,7.142857,12.285715],"rotation":{"angle":0.0,"axis":"y","origin":[8.0,7.142857,8.857143]},"faces":{"east":{"uv":[4.87875,6.87875,5.18375,7.24625],"rotation":0,"texture":"#0","tintindex":0},"south":{"uv":[1.81625,7.00375,2.09375,7.37125],"rotation":0,"texture":"#0","tintindex":0},"north":{"uv":[0.62875,7.00375,0.90625,7.37125],"rotation":0,"texture":"#0","tintindex":0},"west":{"uv":[5.19125,6.87875,5.49625,7.24625],"rotation":0,"texture":"#0","tintindex":0},"up":{"uv":[7.65625,4.87125,7.37875,4.56625],"rotation":0,"texture":"#0","tintindex":0},"down":{"uv":[7.71875,0.69125,7.44125,0.99625],"rotation":0,"texture":"#0","tintindex":0}}}],"display":{"head":{"translation":[0.0,-6.4,0.0],"scale":[4.0,4.0,4.0]}}}