{"textures":{"0":"modelengine:entity/pitlord"},"elements":[{"from":[3.7142854,1.1428566,1.9999995],"to":[12.285715,4.5714283,7.142857],"rotation":{"angle":0.0,"axis":"y","origin":[8.0,-2.285715,5.428571]},"faces":{"east":{"uv":[0.00375,9.06625,0.18375,9.18375],"rotation":0,"texture":"#0","tintindex":0},"south":{"uv":[8.62875,3.37875,8.93375,3.49625],"rotation":0,"texture":"#0","tintindex":0},"north":{"uv":[8.62875,3.25375,8.93375,3.37125],"rotation":0,"texture":"#0","tintindex":0},"west":{"uv":[9.06625,1.81625,9.24625,1.93375],"rotation":0,"texture":"#0","tintindex":0},"up":{"uv":[8.55875,6.74625,8.25375,6.56625],"rotation":0,"texture":"#0","tintindex":0},"down":{"uv":[8.55875,6.75375,8.25375,6.93375],"rotation":0,"texture":"#0","tintindex":0}}},{"from":[1.9999995,1.9999995,2.8571424],"to":[14.0,8.857143,8.0],"rotation":{"angle":0.0,"axis":"y","origin":[8.0,8.0,7.142857]},"faces":{"east":{"uv":[1.25375,3.75375,1.43375,3.99625],"rotation":0,"texture":"#0","tintindex":0},"south":{"uv":[3.37875,6.94125,3.80875,7.18375],"rotation":0,"texture":"#0","tintindex":0},"north":{"uv":[2.94125,6.94125,3.37125,7.18375],"rotation":0,"texture":"#0","tintindex":0},"west":{"uv":[1.31625,6.87875,1.49625,7.12125],"rotation":0,"texture":"#0","tintindex":0},"up":{"uv":[3.99625,7.68375,3.56625,7.50375],"rotation":0,"texture":"#0","tintindex":0},"down":{"uv":[7.93375,4.87875,7.50375,5.05875],"rotation":0,"texture":"#0","tintindex":0}}}],"display":{"head":{"translation":[0.0,-6.4,0.0],"scale":[4.0,4.0,4.0]}}}