{"textures":{"0":"modelengine:entity/pitlord"},"elements":[{"from":[-0.57142925,4.5714283,6.285714],"to":[-0.57142925,9.714286,9.714286],"rotation":{"angle":0.0,"axis":"y","origin":[-0.57142925,8.0,8.0]},"faces":{"east":{"uv":[4.44125,9.19125,4.55875,9.37125],"rotation":0,"texture":"#0","tintindex":0},"south":{"uv":[0.00375,0.00375,0.00375,0.18375],"rotation":0,"texture":"#0","tintindex":0},"north":{"uv":[0.00375,0.00375,0.00375,0.18375],"rotation":0,"texture":"#0","tintindex":0},"west":{"uv":[4.44125,9.19125,4.55875,9.37125],"rotation":0,"texture":"#0","tintindex":0},"up":{"uv":[0.00375,0.12125,0.00375,0.00375],"rotation":0,"texture":"#0","tintindex":0},"down":{"uv":[0.00375,0.00375,0.00375,0.12125],"rotation":0,"texture":"#0","tintindex":0}}},{"from":[-2.285715,1.1428566,8.0],"to":[1.1428566,6.285714,8.0],"rotation":{"angle":0.0,"axis":"y","origin":[-0.57142925,2.8571424,8.0]},"faces":{"east":{"uv":[0.00375,0.00375,0.00375,0.18375],"rotation":0,"texture":"#0","tintindex":0},"south":{"uv":[4.44125,9.19125,4.55875,9.37125],"rotation":0,"texture":"#0","tintindex":0},"north":{"uv":[4.44125,9.19125,4.55875,9.37125],"rotation":0,"texture":"#0","tintindex":0},"west":{"uv":[0.00375,0.00375,0.00375,0.18375],"rotation":0,"texture":"#0","tintindex":0},"up":{"uv":[0.12125,0.00375,0.00375,0.00375],"rotation":0,"texture":"#0","tintindex":0},"down":{"uv":[0.12125,0.00375,0.00375,0.00375],"rotation":0,"texture":"#0","tintindex":0}}},{"from":[14.857143,1.1428566,8.0],"to":[18.285715,6.285714,8.0],"rotation":{"angle":0.0,"axis":"y","origin":[16.57143,2.8571424,8.0]},"faces":{"east":{"uv":[0.00375,0.00375,0.00375,0.18375],"rotation":0,"texture":"#0","tintindex":0},"south":{"uv":[4.55875,9.19125,4.44125,9.37125],"rotation":0,"texture":"#0","tintindex":0},"north":{"uv":[4.55875,9.19125,4.44125,9.37125],"rotation":0,"texture":"#0","tintindex":0},"west":{"uv":[0.00375,0.00375,0.00375,0.18375],"rotation":0,"texture":"#0","tintindex":0},"up":{"uv":[0.00375,0.00375,0.12125,0.00375],"rotation":0,"texture":"#0","tintindex":0},"down":{"uv":[0.00375,0.00375,0.12125,0.00375],"rotation":0,"texture":"#0","tintindex":0}}},{"from":[16.57143,4.5714283,6.285714],"to":[16.57143,9.714286,9.714286],"rotation":{"angle":0.0,"axis":"y","origin":[16.57143,8.0,8.0]},"faces":{"east":{"uv":[4.55875,9.19125,4.44125,9.37125],"rotation":0,"texture":"#0","tintindex":0},"south":{"uv":[0.00375,0.00375,0.00375,0.18375],"rotation":0,"texture":"#0","tintindex":0},"north":{"uv":[0.00375,0.00375,0.00375,0.18375],"rotation":0,"texture":"#0","tintindex":0},"west":{"uv":[4.55875,9.19125,4.44125,9.37125],"rotation":0,"texture":"#0","tintindex":0},"up":{"uv":[0.00375,0.12125,0.00375,0.00375],"rotation":0,"texture":"#0","tintindex":0},"down":{"uv":[0.00375,0.00375,0.00375,0.12125],"rotation":0,"texture":"#0","tintindex":0}}}],"display":{"head":{"translation":[0.0,-6.4,0.0],"scale":[4.0,4.0,4.0]}}}