{"textures":{"0":"modelengine:entity/pitlord"},"elements":[{"from":[-0.57142925,4.57143,6.285714],"to":[-0.57142925,9.714288,9.714286],"rotation":{"angle":0.0,"axis":"y","origin":[-0.57142925,8.000002,8.0]},"faces":{"east":{"uv":[4.44125,9.19125,4.55875,9.37125],"rotation":0,"texture":"#0","tintindex":0},"south":{"uv":[0.00375,0.00375,0.00375,0.18375],"rotation":0,"texture":"#0","tintindex":0},"north":{"uv":[0.00375,0.00375,0.00375,0.18375],"rotation":0,"texture":"#0","tintindex":0},"west":{"uv":[4.44125,9.19125,4.55875,9.37125],"rotation":0,"texture":"#0","tintindex":0},"up":{"uv":[0.00375,0.12125,0.00375,0.00375],"rotation":0,"texture":"#0","tintindex":0},"down":{"uv":[0.00375,0.00375,0.00375,0.12125],"rotation":0,"texture":"#0","tintindex":0}}},{"from":[-2.285715,1.1428585,8.0],"to":[1.1428566,6.285716,8.0],"rotation":{"angle":0.0,"axis":"y","origin":[-0.57142925,2.8571444,8.0]},"faces":{"east":{"uv":[0.00375,0.00375,0.00375,0.18375],"rotation":0,"texture":"#0","tintindex":0},"south":{"uv":[4.55875,9.19125,4.44125,9.37125],"rotation":0,"texture":"#0","tintindex":0},"north":{"uv":[4.44125,9.19125,4.55875,9.37125],"rotation":0,"texture":"#0","tintindex":0},"west":{"uv":[0.00375,0.00375,0.00375,0.18375],"rotation":0,"texture":"#0","tintindex":0},"up":{"uv":[0.12125,0.00375,0.00375,0.00375],"rotation":0,"texture":"#0","tintindex":0},"down":{"uv":[0.12125,0.00375,0.00375,0.00375],"rotation":0,"texture":"#0","tintindex":0}}},{"from":[14.857143,1.1428585,8.0],"to":[18.285715,6.285716,8.0],"rotation":{"angle":0.0,"axis":"y","origin":[16.57143,2.8571444,8.0]},"faces":{"east":{"uv":[0.00375,0.00375,0.00375,0.18375],"rotation":0,"texture":"#0","tintindex":0},"south":{"uv":[4.44125,9.19125,4.55875,9.37125],"rotation":0,"texture":"#0","tintindex":0},"north":{"uv":[4.55875,9.19125,4.44125,9.37125],"rotation":0,"texture":"#0","tintindex":0},"west":{"uv":[0.00375,0.00375,0.00375,0.18375],"rotation":0,"texture":"#0","tintindex":0},"up":{"uv":[0.00375,0.00375,0.12125,0.00375],"rotation":0,"texture":"#0","tintindex":0},"down":{"uv":[0.00375,0.00375,0.12125,0.00375],"rotation":0,"texture":"#0","tintindex":0}}},{"from":[16.57143,4.57143,6.285714],"to":[16.57143,9.714288,9.714286],"rotation":{"angle":0.0,"axis":"y","origin":[16.57143,8.000002,8.0]},"faces":{"east":{"uv":[4.55875,9.19125,4.44125,9.37125],"rotation":0,"texture":"#0","tintindex":0},"south":{"uv":[0.00375,0.00375,0.00375,0.18375],"rotation":0,"texture":"#0","tintindex":0},"north":{"uv":[0.00375,0.00375,0.00375,0.18375],"rotation":0,"texture":"#0","tintindex":0},"west":{"uv":[4.55875,9.19125,4.44125,9.37125],"rotation":0,"texture":"#0","tintindex":0},"up":{"uv":[0.00375,0.12125,0.00375,0.00375],"rotation":0,"texture":"#0","tintindex":0},"down":{"uv":[0.00375,0.00375,0.00375,0.12125],"rotation":0,"texture":"#0","tintindex":0}}},{"from":[-0.57142925,-9.142857,4.5714283],"to":[13.142858,4.57143,8.0],"rotation":{"angle":-45.0,"axis":"z","origin":[8.0,-3.999999,6.285714]},"faces":{"east":{"uv":[2.19125,8.12875,2.30875,8.62125],"rotation":0,"texture":"#0","tintindex":0},"south":{"uv":[4.37875,4.25375,4.87125,4.74625],"rotation":0,"texture":"#0","tintindex":0},"north":{"uv":[0.62875,4.31625,1.12125,4.80875],"rotation":0,"texture":"#0","tintindex":0},"west":{"uv":[7.69125,8.12875,7.80875,8.62125],"rotation":0,"texture":"#0","tintindex":0},"up":{"uv":[8.43375,1.99625,7.94125,1.87875],"rotation":0,"texture":"#0","tintindex":0},"down":{"uv":[8.43375,4.25375,7.94125,4.37125],"rotation":0,"texture":"#0","tintindex":0}}},{"from":[-0.57142925,-0.57142735,6.285714],"to":[2.8571424,2.8571444,9.714286],"rotation":{"angle":-22.5,"axis":"z","origin":[2.8571424,1.1428585,8.0]},"faces":{"east":{"uv":[1.12875,4.31625,1.24625,4.43375],"rotation":0,"texture":"#0","tintindex":0},"south":{"uv":[4.69125,7.44125,4.80875,7.55875],"rotation":0,"texture":"#0","tintindex":0},"north":{"uv":[0.69125,3.62875,0.80875,3.74625],"rotation":0,"texture":"#0","tintindex":0},"west":{"uv":[7.50375,6.75375,7.62125,6.87125],"rotation":0,"texture":"#0","tintindex":0},"up":{"uv":[0.99625,8.80875,0.87875,8.69125],"rotation":0,"texture":"#0","tintindex":0},"down":{"uv":[9.43375,1.56625,9.31625,1.68375],"rotation":0,"texture":"#0","tintindex":0}}},{"from":[13.142858,-0.57142735,6.285714],"to":[16.57143,2.8571444,9.714286],"rotation":{"angle":22.5,"axis":"z","origin":[13.142858,1.1428585,8.0]},"faces":{"east":{"uv":[7.62125,6.75375,7.50375,6.87125],"rotation":0,"texture":"#0","tintindex":0},"south":{"uv":[4.80875,7.44125,4.69125,7.55875],"rotation":0,"texture":"#0","tintindex":0},"north":{"uv":[0.80875,3.62875,0.69125,3.74625],"rotation":0,"texture":"#0","tintindex":0},"west":{"uv":[1.24625,4.31625,1.12875,4.43375],"rotation":0,"texture":"#0","tintindex":0},"up":{"uv":[0.87875,8.80875,0.99625,8.69125],"rotation":0,"texture":"#0","tintindex":0},"down":{"uv":[9.31625,1.56625,9.43375,1.68375],"rotation":0,"texture":"#0","tintindex":0}}},{"from":[-0.57142925,-16.0,6.285714],"to":[16.57143,1.1428585,9.714286],"rotation":{"angle":-45.0,"axis":"z","origin":[8.0,-7.42857,8.0]},"faces":{"east":{"uv":[6.50375,7.75375,6.62125,8.37125],"rotation":0,"texture":"#0","tintindex":0},"south":{"uv":[3.00375,2.87875,3.62125,3.49625],"rotation":0,"texture":"#0","tintindex":0},"north":{"uv":[2.37875,2.87875,2.99625,3.49625],"rotation":0,"texture":"#0","tintindex":0},"west":{"uv":[7.06625,7.75375,7.18375,8.37125],"rotation":0,"texture":"#0","tintindex":0},"up":{"uv":[8.49625,4.49625,7.87875,4.37875],"rotation":0,"texture":"#0","tintindex":0},"down":{"uv":[8.49625,4.37875,7.87875,4.49625],"rotation":0,"texture":"#0","tintindex":0}}}],"display":{"head":{"translation":[0.0,-6.4000077,0.0],"scale":[4.0,4.0,4.0]}}}