{"textures":{"0":"modelengine:entity/pitlord"},"elements":[{"from":[6.285714,0.28571415,5.428571],"to":[14.0,7.142857,13.142858],"rotation":{"angle":0.0,"axis":"y","origin":[9.714286,7.142857,5.428571]},"faces":{"east":{"uv":[8.21875,6.94125,7.94125,7.18375],"rotation":0,"texture":"#0","tintindex":0},"south":{"uv":[8.21875,6.69125,7.94125,6.93375],"rotation":0,"texture":"#0","tintindex":0},"north":{"uv":[8.21875,6.19125,7.94125,6.43375],"rotation":0,"texture":"#0","tintindex":0},"west":{"uv":[8.21875,6.44125,7.94125,6.68375],"rotation":0,"texture":"#0","tintindex":0},"up":{"uv":[0.87875,7.84375,1.15625,7.56625],"rotation":0,"texture":"#0","tintindex":0},"down":{"uv":[4.69125,7.56625,4.96875,7.84375],"rotation":0,"texture":"#0","tintindex":0}}},{"from":[4.5714283,-0.57142925,3.7142854],"to":[13.142858,8.0,12.285715],"rotation":{"angle":0.0,"axis":"y","origin":[8.0,8.0,3.7142854]},"faces":{"east":{"uv":[4.80875,7.12875,4.50375,7.43375],"rotation":0,"texture":"#0","tintindex":0},"south":{"uv":[7.43375,2.50375,7.12875,2.80875],"rotation":0,"texture":"#0","tintindex":0},"north":{"uv":[7.43375,0.69125,7.12875,0.99625],"rotation":0,"texture":"#0","tintindex":0},"west":{"uv":[1.62125,7.12875,1.31625,7.43375],"rotation":0,"texture":"#0","tintindex":0},"up":{"uv":[7.12875,5.74625,7.43375,5.44125],"rotation":0,"texture":"#0","tintindex":0},"down":{"uv":[7.19125,0.00375,7.49625,0.30875],"rotation":0,"texture":"#0","tintindex":0}}}],"display":{"head":{"translation":[0.0,-6.4,0.0],"scale":[4.0,4.0,4.0]}}}