{"textures":{"0":"modelengine:entity/pitlord"},"elements":[{"from":[8.0,-0.57142925,2.8571424],"to":[15.714286,11.428572,13.142858],"rotation":{"angle":0.0,"axis":"y","origin":[8.0,8.0,8.0]},"faces":{"east":{"uv":[1.55875,5.81625,1.19125,6.24625],"rotation":0,"texture":"#0","tintindex":0},"south":{"uv":[4.84375,6.69125,4.56625,7.12125],"rotation":0,"texture":"#0","tintindex":0},"north":{"uv":[1.78125,6.69125,1.50375,7.12125],"rotation":0,"texture":"#0","tintindex":0},"west":{"uv":[6.18375,0.44125,5.81625,0.87125],"rotation":0,"texture":"#0","tintindex":0},"up":{"uv":[6.94125,7.37125,7.21875,7.00375],"rotation":0,"texture":"#0","tintindex":0},"down":{"uv":[6.06625,7.06625,6.34375,7.43375],"rotation":0,"texture":"#0","tintindex":0}}},{"from":[7.142857,1.1428566,1.9999995],"to":[16.57143,8.857143,9.714286],"rotation":{"angle":0.0,"axis":"y","origin":[12.285715,8.0,7.142857]},"faces":{"east":{"uv":[4.15625,7.69125,3.87875,7.96875],"rotation":0,"texture":"#0","tintindex":0},"south":{"uv":[7.59375,6.87875,7.25375,7.15625],"rotation":0,"texture":"#0","tintindex":0},"north":{"uv":[5.15625,7.25375,4.81625,7.53125],"rotation":0,"texture":"#0","tintindex":0},"west":{"uv":[3.84375,7.69125,3.56625,7.96875],"rotation":0,"texture":"#0","tintindex":0},"up":{"uv":[7.25375,7.46875,7.59375,7.19125],"rotation":0,"texture":"#0","tintindex":0},"down":{"uv":[1.62875,7.37875,1.96875,7.65625],"rotation":0,"texture":"#0","tintindex":0}}}],"display":{"head":{"translation":[0.0,-6.4,0.0],"scale":[4.0,4.0,4.0]}}}