{"textures":{"0":"modelengine:entity/pitlord"},"elements":[{"from":[5.428571,5.428571,3.0714283],"to":[10.571428,10.571428,12.928572],"rotation":{"angle":0.0,"axis":"y","origin":[8.0,8.0,8.0]},"faces":{"east":{"uv":[7.94125,4.06625,8.30875,4.24625],"rotation":0,"texture":"#0","tintindex":0},"south":{"uv":[1.19125,8.75375,1.37125,8.93375],"rotation":0,"texture":"#0","tintindex":0},"north":{"uv":[8.75375,0.75375,8.93375,0.93375],"rotation":0,"texture":"#0","tintindex":0},"west":{"uv":[7.94125,4.50375,8.30875,4.68375],"rotation":0,"texture":"#0","tintindex":0},"up":{"uv":[8.12125,5.05875,7.94125,4.69125],"rotation":0,"texture":"#0","tintindex":0},"down":{"uv":[5.05875,7.94125,4.87875,8.30875],"rotation":0,"texture":"#0","tintindex":0}}},{"from":[5.445714,5.445714,12.881053],"to":[10.554286,10.554286,19.70391],"rotation":{"angle":45.0,"axis":"x","origin":[11.428572,10.571428,12.86391]},"faces":{"east":{"uv":[2.81625,8.44125,3.05875,8.62125],"rotation":0,"texture":"#0","tintindex":0},"south":{"uv":[8.19125,8.69125,8.37125,8.87125],"rotation":0,"texture":"#0","tintindex":0},"north":{"uv":[8.00375,8.69125,8.18375,8.87125],"rotation":0,"texture":"#0","tintindex":0},"west":{"uv":[3.75375,8.44125,3.99625,8.62125],"rotation":0,"texture":"#0","tintindex":0},"up":{"uv":[3.24625,8.68375,3.06625,8.44125],"rotation":0,"texture":"#0","tintindex":0},"down":{"uv":[4.18375,8.44125,4.00375,8.68375],"rotation":0,"texture":"#0","tintindex":0}}},{"from":[5.445714,5.445714,-5.4828577],"to":[10.554286,10.554286,3.054285],"rotation":{"angle":-45.0,"axis":"x","origin":[11.428572,10.571428,3.0714283]},"faces":{"east":{"uv":[8.25375,6.94125,8.55875,7.12125],"rotation":0,"texture":"#0","tintindex":0},"south":{"uv":[8.75375,0.56625,8.93375,0.74625],"rotation":0,"texture":"#0","tintindex":0},"north":{"uv":[8.75375,0.37875,8.93375,0.55875],"rotation":0,"texture":"#0","tintindex":0},"west":{"uv":[8.00375,8.25375,8.30875,8.43375],"rotation":0,"texture":"#0","tintindex":0},"up":{"uv":[0.37125,8.55875,0.19125,8.25375],"rotation":0,"texture":"#0","tintindex":0},"down":{"uv":[1.87125,8.25375,1.69125,8.55875],"rotation":0,"texture":"#0","tintindex":0}}},{"from":[10.571428,5.428571,-5.500001],"to":[15.714286,10.571428,-3.785715],"rotation":{"angle":-45.0,"axis":"x","origin":[14.857143,10.571428,3.0714283]},"faces":{"east":{"uv":[3.69125,9.37875,3.74625,9.55875],"rotation":0,"texture":"#0","tintindex":0},"south":{"uv":[8.75375,2.00375,8.93375,2.18375],"rotation":0,"texture":"#0","tintindex":0},"north":{"uv":[1.37875,8.75375,1.55875,8.93375],"rotation":0,"texture":"#0","tintindex":0},"west":{"uv":[0.19125,9.44125,0.24625,9.62125],"rotation":0,"texture":"#0","tintindex":0},"up":{"uv":[0.18375,8.93375,0.00375,8.87875],"rotation":0,"texture":"#0","tintindex":0},"down":{"uv":[6.74625,8.94125,6.56625,8.99625],"rotation":0,"texture":"#0","tintindex":0}}},{"from":[9.714286,5.428571,3.0714283],"to":[14.857143,8.857143,12.928572],"rotation":{"angle":0.0,"axis":"y","origin":[15.714286,8.857143,8.214286]},"faces":{"east":{"uv":[4.44125,8.44125,4.80875,8.55875],"rotation":0,"texture":"#0","tintindex":0},"south":{"uv":[9.12875,0.12875,9.30875,0.24625],"rotation":0,"texture":"#0","tintindex":0},"north":{"uv":[9.12875,0.00375,9.30875,0.12125],"rotation":0,"texture":"#0","tintindex":0},"west":{"uv":[8.44125,5.37875,8.80875,5.49625],"rotation":0,"texture":"#0","tintindex":0},"up":{"uv":[6.80875,8.24625,6.62875,7.87875],"rotation":0,"texture":"#0","tintindex":0},"down":{"uv":[0.18375,7.94125,0.00375,8.30875],"rotation":0,"texture":"#0","tintindex":0}}},{"from":[9.714286,5.428571,-3.785715],"to":[14.857143,8.857143,3.0714283],"rotation":{"angle":-45.0,"axis":"x","origin":[15.714286,8.857143,3.0714283]},"faces":{"east":{"uv":[8.75375,8.81625,8.99625,8.93375],"rotation":0,"texture":"#0","tintindex":0},"south":{"uv":[9.12875,0.25375,9.30875,0.37125],"rotation":0,"texture":"#0","tintindex":0},"north":{"uv":[0.25375,9.12875,0.43375,9.24625],"rotation":0,"texture":"#0","tintindex":0},"west":{"uv":[8.87875,0.00375,9.12125,0.12125],"rotation":0,"texture":"#0","tintindex":0},"up":{"uv":[8.24625,8.68375,8.06625,8.44125],"rotation":0,"texture":"#0","tintindex":0},"down":{"uv":[8.43375,8.44125,8.25375,8.68375],"rotation":0,"texture":"#0","tintindex":0}}},{"from":[14.874287,4.5885715,-3.7685719],"to":[18.268572,7.982857,3.054285],"rotation":{"angle":-45.0,"axis":"x","origin":[20.857143,8.0,3.0714283]},"faces":{"east":{"uv":[8.87875,2.56625,9.12125,2.68375],"rotation":0,"texture":"#0","tintindex":0},"south":{"uv":[7.12875,9.31625,7.24625,9.43375],"rotation":0,"texture":"#0","tintindex":0},"north":{"uv":[7.00375,9.31625,7.12125,9.43375],"rotation":0,"texture":"#0","tintindex":0},"west":{"uv":[8.87875,2.69125,9.12125,2.80875],"rotation":0,"texture":"#0","tintindex":0},"up":{"uv":[5.93375,1.93375,5.81625,1.69125],"rotation":0,"texture":"#0","tintindex":0},"down":{"uv":[5.62125,6.87875,5.50375,7.12125],"rotation":0,"texture":"#0","tintindex":0}}},{"from":[14.857143,4.5714283,3.0714283],"to":[18.285715,8.0,12.928572],"rotation":{"angle":0.0,"axis":"y","origin":[20.857143,8.0,8.214286]},"faces":{"east":{"uv":[8.44125,8.44125,8.80875,8.55875],"rotation":0,"texture":"#0","tintindex":0},"south":{"uv":[6.75375,9.31625,6.87125,9.43375],"rotation":0,"texture":"#0","tintindex":0},"north":{"uv":[9.31625,6.62875,9.43375,6.74625],"rotation":0,"texture":"#0","tintindex":0},"west":{"uv":[8.50375,0.00375,8.87125,0.12125],"rotation":0,"texture":"#0","tintindex":0},"up":{"uv":[6.62125,8.74625,6.50375,8.37875],"rotation":0,"texture":"#0","tintindex":0},"down":{"uv":[7.68375,8.37875,7.56625,8.74625],"rotation":0,"texture":"#0","tintindex":0}}},{"from":[10.571428,5.428571,18.006767],"to":[15.714286,10.571428,19.721054],"rotation":{"angle":45.0,"axis":"x","origin":[14.857143,10.571428,12.86391]},"faces":{"east":{"uv":[5.31625,8.37875,5.37125,8.55875],"rotation":0,"texture":"#0","tintindex":0},"south":{"uv":[8.56625,8.69125,8.74625,8.87125],"rotation":0,"texture":"#0","tintindex":0},"north":{"uv":[8.37875,8.69125,8.55875,8.87125],"rotation":0,"texture":"#0","tintindex":0},"west":{"uv":[0.12875,9.19125,0.18375,9.37125],"rotation":0,"texture":"#0","tintindex":0},"up":{"uv":[8.80875,1.87125,8.62875,1.81625],"rotation":0,"texture":"#0","tintindex":0},"down":{"uv":[8.80875,5.31625,8.62875,5.37125],"rotation":0,"texture":"#0","tintindex":0}}},{"from":[9.714286,5.428571,12.86391],"to":[14.857143,8.857143,18.006767],"rotation":{"angle":45.0,"axis":"x","origin":[15.714286,8.857143,12.86391]},"faces":{"east":{"uv":[6.56625,9.06625,6.74625,9.18375],"rotation":0,"texture":"#0","tintindex":0},"south":{"uv":[6.75375,9.06625,6.93375,9.18375],"rotation":0,"texture":"#0","tintindex":0},"north":{"uv":[6.06625,9.06625,6.24625,9.18375],"rotation":0,"texture":"#0","tintindex":0},"west":{"uv":[9.06625,8.37875,9.24625,8.49625],"rotation":0,"texture":"#0","tintindex":0},"up":{"uv":[7.37125,8.87125,7.19125,8.69125],"rotation":0,"texture":"#0","tintindex":0},"down":{"uv":[7.55875,8.69125,7.37875,8.87125],"rotation":0,"texture":"#0","tintindex":0}}},{"from":[14.874287,4.5885715,12.881053],"to":[18.268572,7.982857,17.989624],"rotation":{"angle":45.0,"axis":"x","origin":[20.857143,8.0,12.86391]},"faces":{"east":{"uv":[9.12875,0.37875,9.30875,0.49625],"rotation":0,"texture":"#0","tintindex":0},"south":{"uv":[6.44125,9.31625,6.55875,9.43375],"rotation":0,"texture":"#0","tintindex":0},"north":{"uv":[9.31625,4.69125,9.43375,4.80875],"rotation":0,"texture":"#0","tintindex":0},"west":{"uv":[0.44125,9.12875,0.62125,9.24625],"rotation":0,"texture":"#0","tintindex":0},"up":{"uv":[9.24625,0.68375,9.12875,0.50375],"rotation":0,"texture":"#0","tintindex":0},"down":{"uv":[0.74625,9.12875,0.62875,9.30875],"rotation":0,"texture":"#0","tintindex":0}}},{"from":[15.731429,7.16,-3.7685719],"to":[17.411428,12.268572,3.054285],"rotation":{"angle":-45.0,"axis":"x","origin":[14.857143,12.285715,3.0714283]},"faces":{"east":{"uv":[8.44125,6.00375,8.68375,6.18375],"rotation":0,"texture":"#0",