{"textures":{"0":"modelengine:entity/pitlord"},"elements":[{"from":[6.285714,-7.000001,7.142857],"to":[8.857143,-5.285715,8.857143],"rotation":{"angle":-45.0,"axis":"z","origin":[9.714286,-0.2857151,8.0]},"faces":{"east":{"uv":[6.24625,8.25375,6.19125,8.30875],"rotation":0,"texture":"#0","tintindex":0},"south":{"uv":[9.65625,3.44125,9.56625,3.49625],"rotation":0,"texture":"#0","tintindex":0},"north":{"uv":[3.53125,9.56625,3.44125,9.62125],"rotation":0,"texture":"#0","tintindex":0},"west":{"uv":[4.87125,8.25375,4.81625,8.30875],"rotation":0,"texture":"#0","tintindex":0},"up":{"uv":[9.56625,3.55875,9.65625,3.50375],"rotation":0,"texture":"#0","tintindex":0},"down":{"uv":[3.56625,9.56625,3.65625,9.62125],"rotation":0,"texture":"#0","tintindex":0}}},{"from":[6.285714,-5.285715,6.714286],"to":[9.714286,-3.5714293,9.285714],"rotation":{"angle":-45.0,"axis":"z","origin":[9.714286,-0.2857151,8.0]},"faces":{"east":{"uv":[3.78125,9.56625,3.69125,9.62125],"rotation":0,"texture":"#0","tintindex":0},"south":{"uv":[9.62125,5.25375,9.50375,5.30875],"rotation":0,"texture":"#0","tintindex":0},"north":{"uv":[5.37125,9.50375,5.25375,9.55875],"rotation":0,"texture":"#0","tintindex":0},"west":{"uv":[9.65625,3.56625,9.56625,3.62125],"rotation":0,"texture":"#0","tintindex":0},"up":{"uv":[7.06625,9.53125,7.18375,9.44125],"rotation":0,"texture":"#0","tintindex":0},"down":{"uv":[7.19125,9.44125,7.30875,9.53125],"rotation":0,"texture":"#0","tintindex":0}}},{"from":[6.2685714,-3.5885725,6.2685714],"to":[10.588572,-0.1257143,9.731428],"rotation":{"angle":-45.0,"axis":"z","origin":[9.714286,-0.2857151,8.0]},"faces":{"east":{"uv":[9.49625,5.19125,9.37875,5.30875],"rotation":0,"texture":"#0","tintindex":0},"south":{"uv":[3.71875,9.25375,3.56625,9.37125],"rotation":0,"texture":"#0","tintindex":0},"north":{"uv":[9.40625,3.50375,9.25375,3.62125],"rotation":0,"texture":"#0","tintindex":0},"west":{"uv":[5.24625,9.37875,5.12875,9.49625],"rotation":0,"texture":"#0","tintindex":0},"up":{"uv":[9.25375,3.93375,9.40625,3.81625],"rotation":0,"texture":"#0","tintindex":0},"down":{"uv":[9.25375,3.94125,9.40625,4.05875],"rotation":0,"texture":"#0","tintindex":0}}},{"from":[8.0,-0.57142925,6.285714],"to":[11.428572,2.8571424,9.714286],"rotation":{"angle":-22.5,"axis":"z","origin":[11.428572,2.8571424,6.285714]},"faces":{"east":{"uv":[5.74625,9.37875,5.62875,9.49625],"rotation":0,"texture":"#0","tintindex":0},"south":{"uv":[5.62125,9.37875,5.50375,9.49625],"rotation":0,"texture":"#0","tintindex":0},"north":{"uv":[5.37125,9.37875,5.25375,9.49625],"rotation":0,"texture":"#0","tintindex":0},"west":{"uv":[5.49625,9.37875,5.37875,9.49625],"rotation":0,"texture":"#0","tintindex":0},"up":{"uv":[5.75375,9.49625,5.87125,9.37875],"rotation":0,"texture":"#0","tintindex":0},"down":{"uv":[9.37875,5.75375,9.49625,5.87125],"rotation":0,"texture":"#0","tintindex":0}}},{"from":[6.285714,2.8571424,5.8571424],"to":[11.428572,9.714286,10.142858],"rotation":{"angle":0.0,"axis":"y","origin":[8.0,8.0,8.0]},"faces":{"east":{"uv":[8.84375,2.87875,8.69125,3.12125],"rotation":0,"texture":"#0","tintindex":0},"south":{"uv":[3.43375,8.56625,3.25375,8.80875],"rotation":0,"texture":"#0","tintindex":0},"north":{"uv":[2.18375,8.56625,2.00375,8.80875],"rotation":0,"texture":"#0","tintindex":0},"west":{"uv":[8.84375,2.62875,8.69125,2.87125],"rotation":0,"texture":"#0","tintindex":0},"up":{"uv":[2.56625,9.09375,2.74625,8.94125],"rotation":0,"texture":"#0","tintindex":0},"down":{"uv":[2.75375,8.94125,2.93375,9.09375],"rotation":0,"texture":"#0","tintindex":0}}}],"display":{"head":{"translation":[0.0,-6.4,0.0],"scale":[4.0,4.0,4.0]}}}