{"textures":{"0":"modelengine:entity/pitlord"},"elements":[{"from":[2.8571424,2.8571424,2.8571424],"to":[13.142858,8.0,14.0],"rotation":{"angle":0.0,"axis":"y","origin":[8.0,8.0,9.714286]},"faces":{"east":{"uv":[8.28125,7.50375,7.87875,7.68375],"rotation":0,"texture":"#0","tintindex":0},"south":{"uv":[8.37125,2.50375,8.00375,2.68375],"rotation":0,"texture":"#0","tintindex":0},"north":{"uv":[8.37125,1.50375,8.00375,1.68375],"rotation":0,"texture":"#0","tintindex":0},"west":{"uv":[4.84375,7.87875,4.44125,8.05875],"rotation":0,"texture":"#0","tintindex":0},"up":{"uv":[0.37875,6.53125,0.74625,6.12875],"rotation":0,"texture":"#0","tintindex":0},"down":{"uv":[6.12875,2.50375,6.49625,2.90625],"rotation":0,"texture":"#0","tintindex":0}}}],"display":{"head":{"translation":[0.0,-6.4,0.0],"scale":[4.0,4.0,4.0]}}}