{"textures":{"0":"modelengine:entity/pitlord"},"elements":[{"from":[5.8571424,-8.285715,7.142857],"to":[8.428572,-6.5714293,8.857143],"rotation":{"angle":-45.0,"axis":"z","origin":[9.285714,-1.5714293,8.0]},"faces":{"east":{"uv":[0.87125,8.12875,0.81625,8.18375],"rotation":0,"texture":"#0","tintindex":0},"south":{"uv":[9.65625,3.19125,9.56625,3.24625],"rotation":0,"texture":"#0","tintindex":0},"north":{"uv":[3.28125,9.56625,3.19125,9.62125],"rotation":0,"texture":"#0","tintindex":0},"west":{"uv":[5.99625,8.06625,5.94125,8.12125],"rotation":0,"texture":"#0","tintindex":0},"up":{"uv":[9.56625,3.30875,9.65625,3.25375],"rotation":0,"texture":"#0","tintindex":0},"down":{"uv":[3.31625,9.56625,3.40625,9.62125],"rotation":0,"texture":"#0","tintindex":0}}},{"from":[5.8571424,-6.5714293,6.714286],"to":[9.285714,-4.8571434,9.285714],"rotation":{"angle":-45.0,"axis":"z","origin":[9.285714,-1.5714293,8.0]},"faces":{"east":{"uv":[9.65625,3.37875,9.56625,3.43375],"rotation":0,"texture":"#0","tintindex":0},"south":{"uv":[9.62125,5.19125,9.50375,5.24625],"rotation":0,"texture":"#0","tintindex":0},"north":{"uv":[9.62125,5.12875,9.50375,5.18375],"rotation":0,"texture":"#0","tintindex":0},"west":{"uv":[9.65625,3.31625,9.56625,3.37125],"rotation":0,"texture":"#0","tintindex":0},"up":{"uv":[6.75375,9.53125,6.87125,9.44125],"rotation":0,"texture":"#0","tintindex":0},"down":{"uv":[6.94125,9.44125,7.05875,9.53125],"rotation":0,"texture":"#0","tintindex":0}}},{"from":[5.84,-4.8742867,6.2685714],"to":[10.16,-1.4114285,9.731428],"rotation":{"angle":-45.0,"axis":"z","origin":[9.285714,-1.5714293,8.0]},"faces":{"east":{"uv":[9.49625,4.94125,9.37875,5.05875],"rotation":0,"texture":"#0","tintindex":0},"south":{"uv":[2.46875,9.25375,2.31625,9.37125],"rotation":0,"texture":"#0","tintindex":0},"north":{"uv":[2.28125,9.25375,2.12875,9.37125],"rotation":0,"texture":"#0","tintindex":0},"west":{"uv":[4.99625,9.37875,4.87875,9.49625],"rotation":0,"texture":"#0","tintindex":0},"up":{"uv":[2.50375,9.37125,2.65625,9.25375],"rotation":0,"texture":"#0","tintindex":0},"down":{"uv":[3.19125,9.25375,3.34375,9.37125],"rotation":0,"texture":"#0","tintindex":0}}},{"from":[8.0,-2.285715,6.285714],"to":[11.428572,2.8571424,9.714286],"rotation":{"angle":-22.5,"axis":"z","origin":[11.428572,2.8571424,6.285714]},"faces":{"east":{"uv":[7.87125,9.12875,7.75375,9.30875],"rotation":0,"texture":"#0","tintindex":0},"south":{"uv":[7.74625,9.12875,7.62875,9.30875],"rotation":0,"texture":"#0","tintindex":0},"north":{"uv":[7.49625,9.12875,7.37875,9.30875],"rotation":0,"texture":"#0","tintindex":0},"west":{"uv":[7.62125,9.12875,7.50375,9.30875],"rotation":0,"texture":"#0","tintindex":0},"up":{"uv":[5.00375,9.49625,5.12125,9.37875],"rotation":0,"texture":"#0","tintindex":0},"down":{"uv":[9.37875,5.06625,9.49625,5.18375],"rotation":0,"texture":"#0","tintindex":0}}},{"from":[6.285714,2.8571424,5.8571424],"to":[11.428572,9.714286,10.142858],"rotation":{"angle":0.0,"axis":"y","origin":[8.0,8.0,8.0]},"faces":{"east":{"uv":[0.84375,8.69125,0.69125,8.93375],"rotation":0,"texture":"#0","tintindex":0},"south":{"uv":[1.99625,8.56625,1.81625,8.80875],"rotation":0,"texture":"#0","tintindex":0},"north":{"uv":[1.80875,8.56625,1.62875,8.80875],"rotation":0,"texture":"#0","tintindex":0},"west":{"uv":[6.28125,8.62875,6.12875,8.87125],"rotation":0,"texture":"#0","tintindex":0},"up":{"uv":[2.37875,9.09375,2.55875,8.94125],"rotation":0,"texture":"#0","tintindex":0},"down":{"uv":[8.94125,2.37875,9.12125,2.53125],"rotation":0,"texture":"#0","tintindex":0}}}],"display":{"head":{"translation":[0.0,-6.4,0.0],"scale":[4.0,4.0,4.0]}}}