{"textures":{"0":"modelengine:entity/pitlord"},"elements":[{"from":[4.5714283,1.5714283,6.285714],"to":[11.428572,3.2857141,18.285715],"rotation":{"angle":0.0,"axis":"y","origin":[8.0,8.428572,23.428572]},"faces":{"east":{"uv":[8.94125,8.00375,9.37125,8.05875],"rotation":0,"texture":"#0","tintindex":0},"south":{"uv":[9.37875,3.06625,9.62125,3.12125],"rotation":0,"texture":"#0","tintindex":0},"north":{"uv":[9.31625,8.62875,9.55875,8.68375],"rotation":0,"texture":"#0","tintindex":0},"west":{"uv":[8.94125,8.00375,9.37125,8.05875],"rotation":0,"texture":"#0","tintindex":0},"up":{"uv":[7.18375,6.99625,6.94125,6.56625],"rotation":0,"texture":"#0","tintindex":0},"down":{"uv":[0.62125,7.00375,0.37875,7.43375],"rotation":0,"texture":"#0","tintindex":0}}},{"from":[1.1428566,3.2857141,6.285714],"to":[14.857143,7.5714283,18.285715],"rotation":{"angle":0.0,"axis":"y","origin":[8.0,8.857143,20.0]},"faces":{"east":{"uv":[8.06625,0.37875,8.49625,0.53125],"rotation":0,"texture":"#0","tintindex":0},"south":{"uv":[7.87875,3.62875,8.37125,3.78125],"rotation":0,"texture":"#0","tintindex":0},"north":{"uv":[7.81625,1.31625,8.30875,1.46875],"rotation":0,"texture":"#0","tintindex":0},"west":{"uv":[8.49625,0.37875,8.06625,0.53125],"rotation":0,"texture":"#0","tintindex":0},"up":{"uv":[5.37125,4.62125,4.87875,4.19125],"rotation":0,"texture":"#0","tintindex":0},"down":{"uv":[0.49625,4.94125,0.00375,5.37125],"rotation":0,"texture":"#0","tintindex":0}}},{"from":[2.8571424,11.857143,6.285714],"to":[13.142858,14.428572,18.285715],"rotation":{"angle":0.0,"axis":"y","origin":[8.0,10.142858,23.428572]},"faces":{"east":{"uv":[8.49625,0.37875,8.06625,0.46875],"rotation":0,"texture":"#0","tintindex":0},"south":{"uv":[8.75375,1.56625,9.12125,1.65625],"rotation":0,"texture":"#0","tintindex":0},"north":{"uv":[8.69125,3.50375,9.05875,3.59375],"rotation":0,"texture":"#0","tintindex":0},"west":{"uv":[8.06625,0.37875,8.49625,0.46875],"rotation":0,"texture":"#0","tintindex":0},"up":{"uv":[2.68375,6.30875,2.31625,5.87875],"rotation":0,"texture":"#0","tintindex":0},"down":{"uv":[6.30875,1.12875,5.94125,1.55875],"rotation":0,"texture":"#0","tintindex":0}}},{"from":[-1.8571434,17.0,11.428572],"to":[-0.14285755,19.57143,14.0],"rotation":{"angle":45.0,"axis":"z","origin":[0.7142854,17.285715,-14.285715]},"faces":{"east":{"uv":[1.69125,9.50375,1.78125,9.59375],"rotation":0,"texture":"#0","tintindex":0},"south":{"uv":[2.56625,9.56625,2.62125,9.65625],"rotation":0,"texture":"#0","tintindex":0},"north":{"uv":[9.56625,2.12875,9.62125,2.21875],"rotation":0,"texture":"#0","tintindex":0},"west":{"uv":[1.81625,9.50375,1.90625,9.59375],"rotation":0,"texture":"#0","tintindex":0},"up":{"uv":[2.68375,9.65625,2.62875,9.56625],"rotation":0,"texture":"#0","tintindex":0},"down":{"uv":[9.62125,2.62875,9.56625,2.71875],"rotation":0,"texture":"#0","tintindex":0}}},{"from":[-2.285715,14.428572,10.571428],"to":[0.28571415,17.0,14.857143],"rotation":{"angle":45.0,"axis":"z","origin":[0.7142854,17.285715,-14.285715]},"faces":{"east":{"uv":[9.37875,8.69125,9.53125,8.78125],"rotation":0,"texture":"#0","tintindex":0},"south":{"uv":[9.50375,2.00375,9.59375,2.09375],"rotation":0,"texture":"#0","tintindex":0},"north":{"uv":[1.94125,9.50375,2.03125,9.59375],"rotation":0,"texture":"#0","tintindex":0},"west":{"uv":[9.06625,9.37875,9.21875,9.46875],"rotation":0,"texture":"#0","tintindex":0},"up":{"uv":[9.46875,9.40625,9.37875,9.25375],"rotation":0,"texture":"#0","tintindex":0},"down":{"uv":[9.53125,0.00375,9.44125,0.15625],"rotation":0,"texture":"#0","tintindex":0}}},{"from":[-2.7142859,11.0,9.714286],"to":[0.7142854,14.428572,15.714286],"rotation":{"angle":45.0,"axis":"z","origin":[0.7142854,17.285715,-14.285715]},"faces":{"east":{"uv":[8.94125,4.69125,9.15625,4.80875],"rotation":0,"texture":"#0","tintindex":0},"south":{"uv":[2.31625,9.37875,2.43375,9.49625],"rotation":0,"texture":"#0","tintindex":0},"north":{"uv":[2.19125,9.37875,2.30875,9.49625],"rotation":0,"texture":"#0","tintindex":0},"west":{"uv":[8.94125,4.94125,9.15625,5.05875],"rotation":0,"texture":"#0","tintindex":0},"up":{"uv":[9.05875,5.96875,8.94125,5.75375],"rotation":0,"texture":"#0","tintindex":0},"down":{"uv":[6.55875,8.94125,6.44125,9.15625],"rotation":0,"texture":"#0","tintindex":0}}},{"from":[16.142857,17.0,11.428572],"to":[17.857143,19.57143,14.0],"rotation":{"angle":-45.0,"axis":"z","origin":[15.285715,17.285715,-14.285715]},"faces":{"east":{"uv":[1.90625,9.50375,1.81625,9.59375],"rotation":0,"texture":"#0","tintindex":0},"south":{"uv":[2.62125,9.56625,2.56625,9.65625],"rotation":0,"texture":"#0","tintindex":0},"north":{"uv":[9.62125,2.12875,9.56625,2.21875],"rotation":0,"texture":"#0","tintindex":0},"west":{"uv":[1.78125,9.50375,1.69125,9.59375],"rotation":0,"texture":"#0","tintindex":0},"up":{"uv":[2.62875,9.65625,2.68375,9.56625],"rotation":0,"texture":"#0","tintindex":0},"down":{"uv":[9.56625,2.62875,9.62125,2.71875],"rotation":0,"texture":"#0","tintindex":0}}},{"from":[15.714286,14.428572,10.571428],"to":[18.285715,17.0,14.857143],"rotation":{"angle":-45.0,"axis":"z","origin":[15.285715,17.285715,-14.285715]},"faces":{"east":{"uv":[9.21875,9.37875,9.06625,9.46875],"rotation":0,"texture":"#0","tintindex":0},"south":{"uv":[9.59375,2.00375,9.50375,2.09375],"rotation":0,"texture":"#0","tintindex":0},"north":{"uv":[2.03125,9.50375,1.94125,9.59375],"rotation":0,"texture":"#0","tintindex":0},"west":{"uv":[9.53125,8.69125,9.37875,8.78125],"rotation":0,"texture":"#0","tintindex":0},"up":{"uv":[9.37875,9.40625,9.46875,9.25375],"rotation":0,"texture":"#0","tintindex":0},"down":{"uv":[9.44125,0.00375,9.53125,0.15625],"rotation":0,"texture":"#0","tintindex":0}}},{"from":[15.285715,11.0,9.714286],"to":[18.714287,14.428572,15.714286],"rotation":{"angle":-45.0,"axis":"z","origin":[15.285715,17.285715,-14.285715]},"faces":{"east":{"uv":[9.15625,4.94125,8.94125,5.05875],"rotation":0,"texture":"#0","tintindex":0},"south":{"uv":[2.43375,9.37875,2.31625,9.49625],"rotation":0,"texture":"#0","tintindex":0},"north":{"uv":[2.30875,9.37875,2.19125,9.49625],"rotation":0,"texture":"#0","tintindex":0},"west":{"uv":[9.15625,4.69125,8.94125,4.80875],"rotation":0,"texture":"#0","tintindex":0},"up":{"uv":[8.94125,5.96875,9.05875,5.75375],"rotation":0,"texture":"#0","tintindex":0},"down":{"uv":[6.44125,8.94125,6.55875,9.15625],"rotation":0,"texture":"#0","tintindex":0}}},{"from":[0.28571415,7.5714283,6.285714],"to":[15.714286,11.857143,18.285715],"rotation":{"angle":0.0,"axis":"y","origin":[8.0,9.285714,6.285714]},"faces":{"east":{"uv":[8.49625,0.37875,8.06625,0.53125],"rotation":0,"texture":"#0","tintindex":0},"south":{"uv":[3.00375,7.50375,3.55875,7.65625],"rotation":0,"texture":"#0","tintindex":0},"north":{"uv":[7.50375,2.94125,8.05875,3.09375],"rotation":0,"texture":"#0","tintindex":0},"west":{"uv":[8.06625,0.37875,8.49625,0.53125],"rotation":0,"texture":"#0","tintindex":0},"up":{"uv":[5.18375,2.18375,4.62875,1.75375],"rotation":0,"texture":"#0","tintindex":0},"down":{"uv":[2.80875,4.69125,2.25375,5.12125],"rotation":0,"texture":"#0","tintindex":0}}}],"display":{"head":{"translation":[0.0,-6.4,0.0],"scale":[4.0,4.0,4.0]}}}