{"textures":{"0":"modelengine:entity/pitlord"},"elements":[{"from":[1.9999995,-0.57142925,6.285714],"to":[14.0,1.1428566,18.285715],"rotation":{"angle":0.0,"axis":"y","origin":[8.0,6.285714,23.428572]},"faces":{"east":{"uv":[8.94125,8.00375,9.37125,8.05875],"rotation":0,"texture":"#0","tintindex":0},"south":{"uv":[8.94125,7.81625,9.37125,7.87125],"rotation":0,"texture":"#0","tintindex":0},"north":{"uv":[8.94125,7.69125,9.37125,7.74625],"rotation":0,"texture":"#0","tintindex":0},"west":{"uv":[8.94125,8.00375,9.37125,8.05875],"rotation":0,"texture":"#0","tintindex":0},"up":{"uv":[1.37125,5.74625,0.94125,5.31625],"rotation":0,"texture":"#0","tintindex":0},"down":{"uv":[5.74625,2.50375,5.31625,2.93375],"rotation":0,"texture":"#0","tintindex":0}}},{"from":[-2.285715,1.1428566,6.285714],"to":[18.285715,6.285714,18.285715],"rotation":{"angle":0.0,"axis":"y","origin":[8.0,8.0,20.0]},"faces":{"east":{"uv":[5.87125,7.50375,5.44125,7.68375],"rotation":0,"texture":"#0","tintindex":0},"south":{"uv":[5.87875,6.37875,6.62125,6.55875],"rotation":0,"texture":"#0","tintindex":0},"north":{"uv":[6.37875,0.81625,7.12125,0.99625],"rotation":0,"texture":"#0","tintindex":0},"west":{"uv":[5.44125,7.50375,5.87125,7.68375],"rotation":0,"texture":"#0","tintindex":0},"up":{"uv":[3.43375,3.93375,2.69125,3.50375],"rotation":0,"texture":"#0","tintindex":0},"down":{"uv":[4.18375,3.50375,3.44125,3.93375],"rotation":0,"texture":"#0","tintindex":0}}},{"from":[-3.1428576,6.285714,6.285714],"to":[19.142857,13.142858,18.285715],"rotation":{"angle":0.0,"axis":"y","origin":[8.0,8.0,6.285714]},"faces":{"east":{"uv":[7.37125,3.81625,6.94125,4.05875],"rotation":0,"texture":"#0","tintindex":0},"south":{"uv":[5.12875,2.94125,5.93375,3.18375],"rotation":0,"texture":"#0","tintindex":0},"north":{"uv":[5.12875,1.44125,5.93375,1.68375],"rotation":0,"texture":"#0","tintindex":0},"west":{"uv":[6.94125,3.81625,7.37125,4.05875],"rotation":0,"texture":"#0","tintindex":0},"up":{"uv":[3.93375,0.43375,3.12875,0.00375],"rotation":0,"texture":"#0","tintindex":0},"down":{"uv":[0.80875,3.19125,0.00375,3.62125],"rotation":0,"texture":"#0","tintindex":0}}},{"from":[-0.57142925,13.142858,6.285714],"to":[16.57143,16.57143,18.285715],"rotation":{"angle":0.0,"axis":"y","origin":[8.0,12.285715,23.428572]},"faces":{"east":{"uv":[3.74625,4.94125,3.31625,5.05875],"rotation":0,"texture":"#0","tintindex":0},"south":{"uv":[7.75375,5.06625,8.37125,5.18375],"rotation":0,"texture":"#0","tintindex":0},"north":{"uv":[7.62875,7.37875,8.24625,7.49625],"rotation":0,"texture":"#0","tintindex":0},"west":{"uv":[3.31625,4.94125,3.74625,5.05875],"rotation":0,"texture":"#0","tintindex":0},"up":{"uv":[1.87125,4.43375,1.25375,4.00375],"rotation":0,"texture":"#0","tintindex":0},"down":{"uv":[4.62125,1.87875,4.00375,2.30875],"rotation":0,"texture":"#0","tintindex":0}}},{"from":[2.8571424,16.57143,6.285714],"to":[13.142858,18.285715,18.285715],"rotation":{"angle":0.0,"axis":"y","origin":[8.0,16.57143,23.428572]},"faces":{"east":{"uv":[8.94125,7.12875,9.37125,7.18375],"rotation":0,"texture":"#0","tintindex":0},"south":{"uv":[9.12875,3.00375,9.49625,3.05875],"rotation":0,"texture":"#0","tintindex":0},"north":{"uv":[9.12875,1.37875,9.49625,1.43375],"rotation":0,"texture":"#0","tintindex":0},"west":{"uv":[8.94125,7.19125,9.37125,7.24625],"rotation":0,"texture":"#0","tintindex":0},"up":{"uv":[3.05875,6.24625,2.69125,5.81625],"rotation":0,"texture":"#0","tintindex":0},"down":{"uv":[6.18375,3.81625,5.81625,4.24625],"rotation":0,"texture":"#0","tintindex":0}}},{"from":[-2.285715,14.857143,10.142858],"to":[1.1428566,18.285715,17.0],"rotation":{"angle":45.0,"axis":"z","origin":[-0.14285755,17.285715,-1.8571434]},"faces":{"east":{"uv":[8.44125,8.87875,8.68375,8.99625],"rotation":0,"texture":"#0","tintindex":0},"south":{"uv":[2.06625,9.37875,2.18375,9.49625],"rotation":0,"texture":"#0","tintindex":0},"north":{"uv":[9.37875,2.00375,9.49625,2.12125],"rotation":0,"texture":"#0","tintindex":0},"west":{"uv":[0.00375,8.94125,0.24625,9.05875],"rotation":0,"texture":"#0","tintindex":0},"up":{"uv":[3.62125,9.05875,3.50375,8.81625],"rotation":0,"texture":"#0","tintindex":0},"down":{"uv":[4.12125,8.87875,4.00375,9.12125],"rotation":0,"texture":"#0","tintindex":0}}},{"from":[-1.8571434,18.285715,11.0],"to":[0.7142854,21.714287,16.142857],"rotation":{"angle":45.0,"axis":"z","origin":[-0.14285755,17.285715,-1.8571434]},"faces":{"east":{"uv":[9.12875,3.12875,9.30875,3.24625],"rotation":0,"texture":"#0","tintindex":0},"south":{"uv":[9.44125,6.19125,9.53125,6.30875],"rotation":0,"texture":"#0","tintindex":0},"north":{"uv":[9.44125,5.62875,9.53125,5.74625],"rotation":0,"texture":"#0","tintindex":0},"west":{"uv":[3.25375,9.12875,3.43375,9.24625],"rotation":0,"texture":"#0","tintindex":0},"up":{"uv":[0.65625,9.49625,0.56625,9.31625],"rotation":0,"texture":"#0","tintindex":0},"down":{"uv":[9.40625,0.69125,9.31625,0.87125],"rotation":0,"texture":"#0","tintindex":0}}},{"from":[-1.4285717,21.714287,11.857143],"to":[0.28571415,24.285715,15.285715],"rotation":{"angle":45.0,"axis":"z","origin":[-0.14285755,17.285715,-1.8571434]},"faces":{"east":{"uv":[9.44125,5.31625,9.55875,5.40625],"rotation":0,"texture":"#0","tintindex":0},"south":{"uv":[9.56625,1.81625,9.62125,1.90625],"rotation":0,"texture":"#0","tintindex":0},"north":{"uv":[9.56625,1.69125,9.62125,1.78125],"rotation":0,"texture":"#0","tintindex":0},"west":{"uv":[9.44125,5.50375,9.55875,5.59375],"rotation":0,"texture":"#0","tintindex":0},"up":{"uv":[9.55875,4.99625,9.50375,4.87875],"rotation":0,"texture":"#0","tintindex":0},"down":{"uv":[4.99625,9.50375,4.94125,9.62125],"rotation":0,"texture":"#0","tintindex":0}}},{"from":[14.857143,14.857143,10.142858],"to":[18.285715,18.285715,17.0],"rotation":{"angle":-45.0,"axis":"z","origin":[16.142857,17.285715,-1.8571434]},"faces":{"east":{"uv":[0.24625,8.94125,0.00375,9.05875],"rotation":0,"texture":"#0","tintindex":0},"south":{"uv":[2.18375,9.37875,2.06625,9.49625],"rotation":0,"texture":"#0","tintindex":0},"north":{"uv":[9.49625,2.00375,9.37875,2.12125],"rotation":0,"texture":"#0","tintindex":0},"west":{"uv":[8.68375,8.87875,8.44125,8.99625],"rotation":0,"texture":"#0","tintindex":0},"up":{"uv":[3.50375,9.05875,3.62125,8.81625],"rotation":0,"texture":"#0","tintindex":0},"down":{"uv":[4.00375,8.87875,4.12125,9.12125],"rotation":0,"texture":"#0","tintindex":0}}},{"from":[15.285715,18.285715,11.0],"to":[17.857143,21.714287,16.142857],"rotation":{"angle":-45.0,"axis":"z","origin":[16.142857,17.285715,-1.8571434]},"faces":{"east":{"uv":[3.43375,9.12875,3.25375,9.24625],"rotation":0,"texture":"#0","tintindex":0},"south":{"uv":[9.53125,6.19125,9.44125,6.30875],"rotation":0,"texture":"#0","tintindex":0},"north":{"uv":[9.53125,5.62875,9.44125,5.74625],"rotation":0,"texture":"#0","tintindex":0},"west":{"uv":[9.30875,3.12875,9.12875,3.24625],"rotation":0,"texture":"#0","tintindex":0},"up":{"uv":[0.56625,9.49625,0.65625,9.31625],"rotation":0,"texture":"#0","tintindex":0},"down":{"uv":[9.31625,0.69125,9.40625,0.87125],"rotation":0,"texture":"#0","tintindex":0}}},{"from":[15.714286,21.714287,11.857143],"to":[17.428572,24.285715,15.285715],"rotation":{"angle":-45.0,"axis":"z","origin":[16.142857,17.285715,-1.8571434]},"faces":{"east":{"uv":[9.55875,5.50375,9.44125,5.59375],"rotation":0,"texture":"#0","tintindex":0},"south":{"uv":[9.62125,1.81625,9.56625,1.90625],"rotation":0,"texture":"#0","tintindex":0},"north":{"uv":[9.62125,1.69125,9.56625,1.78125],"rotation":0,"texture":"#0","tintindex":0},"west":{"uv":[9.55875,5.31625,9.44125,5.40625],"rotation":0,"texture":"#0","tintindex":0},"up":{"uv":[9.50375,4.99625,9.55875,4.87875],"rotation":0,"texture":"#0","tintindex":0},"down":{"uv":[4.94125,9.50375,4.99625,9.62125],"rotation":0,"texture":"#0","tintindex":0}}}],"display":{"head":{"translation":[0.0,-6.4,0.0],"scale":[4.0,4.0,4.0]}}}