{"textures":{"0":"modelengine:entity/pitlord"},"elements":[{"from":[5.428571,1.9999995,6.285714],"to":[10.571428,3.7142854,18.285715],"rotation":{"angle":0.0,"axis":"y","origin":[8.0,8.857143,23.428572]},"faces":{"east":{"uv":[8.94125,8.00375,9.37125,8.05875],"rotation":0,"texture":"#0","tintindex":0},"south":{"uv":[7.50375,9.44125,7.68375,9.49625],"rotation":0,"texture":"#0","tintindex":0},"north":{"uv":[7.31625,9.44125,7.49625,9.49625],"rotation":0,"texture":"#0","tintindex":0},"west":{"uv":[8.94125,8.00375,9.37125,8.05875],"rotation":0,"texture":"#0","tintindex":0},"up":{"uv":[7.37125,7.93375,7.19125,7.50375],"rotation":0,"texture":"#0","tintindex":0},"down":{"uv":[7.55875,7.50375,7.37875,7.93375],"rotation":0,"texture":"#0","tintindex":0}}},{"from":[1.9999995,3.7142854,6.285714],"to":[14.0,8.0,18.285715],"rotation":{"angle":0.0,"axis":"y","origin":[8.0,9.285714,20.0]},"faces":{"east":{"uv":[8.06625,0.37875,8.49625,0.53125],"rotation":0,"texture":"#0","tintindex":0},"south":{"uv":[8.12875,4.69125,8.55875,4.84375],"rotation":0,"texture":"#0","tintindex":0},"north":{"uv":[0.37875,8.12875,0.80875,8.28125],"rotation":0,"texture":"#0","tintindex":0},"west":{"uv":[8.49625,0.37875,8.06625,0.53125],"rotation":0,"texture":"#0","tintindex":0},"up":{"uv":[5.49625,5.74625,5.06625,5.31625],"rotation":0,"texture":"#0","tintindex":0},"down":{"uv":[0.43375,5.37875,0.00375,5.80875],"rotation":0,"texture":"#0","tintindex":0}}},{"from":[3.7142854,11.428572,6.285714],"to":[12.285715,14.0,18.285715],"rotation":{"angle":0.0,"axis":"y","origin":[8.0,9.714286,23.428572]},"faces":{"east":{"uv":[8.49625,0.37875,8.06625,0.46875],"rotation":0,"texture":"#0","tintindex":0},"south":{"uv":[8.94125,1.69125,9.24625,1.78125],"rotation":0,"texture":"#0","tintindex":0},"north":{"uv":[8.94125,1.44125,9.24625,1.53125],"rotation":0,"texture":"#0","tintindex":0},"west":{"uv":[8.06625,0.37875,8.49625,0.46875],"rotation":0,"texture":"#0","tintindex":0},"up":{"uv":[6.87125,0.43375,6.56625,0.00375],"rotation":0,"texture":"#0","tintindex":0},"down":{"uv":[0.68375,6.56625,0.37875,6.99625],"rotation":0,"texture":"#0","tintindex":0}}},{"from":[1.1428566,8.0,6.285714],"to":[14.857143,11.428572,18.285715],"rotation":{"angle":0.0,"axis":"y","origin":[8.0,9.285714,6.285714]},"faces":{"east":{"uv":[8.49625,0.37875,8.06625,0.49625],"rotation":0,"texture":"#0","tintindex":0},"south":{"uv":[4.81625,2.50375,5.30875,2.62125],"rotation":0,"texture":"#0","tintindex":0},"north":{"uv":[4.31625,3.31625,4.80875,3.43375],"rotation":0,"texture":"#0","tintindex":0},"west":{"uv":[8.06625,0.44125,8.49625,0.55875],"rotation":0,"texture":"#0","tintindex":0},"up":{"uv":[2.05875,5.37125,1.56625,4.94125],"rotation":0,"texture":"#0","tintindex":0},"down":{"uv":[3.30875,4.94125,2.81625,5.37125],"rotation":0,"texture":"#0","tintindex":0}}}],"display":{"head":{"translation":[0.0,-6.4,0.0],"scale":[4.0,4.0,4.0]}}}