{"textures":{"0":"modelengine:entity/pitlord"},"elements":[{"from":[3.5428572,0.9714279,6.1142855],"to":[12.457143,3.0285711,18.457144],"rotation":{"angle":0.0,"axis":"y","origin":[8.0,8.0,23.428572]},"faces":{"east":{"uv":[8.94125,7.25375,9.37125,7.30875],"rotation":0,"texture":"#0","tintindex":0},"south":{"uv":[9.25375,1.06625,9.55875,1.12125],"rotation":0,"texture":"#0","tintindex":0},"north":{"uv":[9.25375,0.62875,9.55875,0.68375],"rotation":0,"texture":"#0","tintindex":0},"west":{"uv":[8.94125,8.00375,9.37125,8.05875],"rotation":0,"texture":"#0","tintindex":0},"up":{"uv":[5.30875,6.87125,5.00375,6.44125],"rotation":0,"texture":"#0","tintindex":0},"down":{"uv":[5.62125,6.44125,5.31625,6.87125],"rotation":0,"texture":"#0","tintindex":0}}},{"from":[0.11428547,2.6857138,6.1142855],"to":[15.885715,7.3142858,18.457144],"rotation":{"angle":0.0,"axis":"y","origin":[8.0,8.857143,20.0]},"faces":{"east":{"uv":[8.06625,0.37875,8.49625,0.53125],"rotation":0,"texture":"#0","tintindex":0},"south":{"uv":[7.44125,5.44125,7.99625,5.59375],"rotation":0,"texture":"#0","tintindex":0},"north":{"uv":[7.44125,2.50375,7.99625,2.65625],"rotation":0,"texture":"#0","tintindex":0},"west":{"uv":[8.49625,0.37875,8.06625,0.53125],"rotation":0,"texture":"#0","tintindex":0},"up":{"uv":[1.68375,4.87125,1.12875,4.44125],"rotation":0,"texture":"#0","tintindex":0},"down":{"uv":[0.55875,4.50375,0.00375,4.93375],"rotation":0,"texture":"#0","tintindex":0}}},{"from":[1.8285708,12.114286,6.1142855],"to":[14.171429,15.028572,18.457144],"rotation":{"angle":0.0,"axis":"y","origin":[8.0,10.571428,23.428572]},"faces":{"east":{"uv":[8.49625,0.37875,8.06625,0.46875],"rotation":0,"texture":"#0","tintindex":0},"south":{"uv":[8.56625,6.44125,8.99625,6.53125],"rotation":0,"texture":"#0","tintindex":0},"north":{"uv":[8.56625,6.19125,8.99625,6.28125],"rotation":0,"texture":"#0","tintindex":0},"west":{"uv":[8.06625,0.37875,8.49625,0.46875],"rotation":0,"texture":"#0","tintindex":0},"up":{"uv":[3.74625,5.74625,3.31625,5.31625],"rotation":0,"texture":"#0","tintindex":0},"down":{"uv":[4.18375,5.31625,3.75375,5.74625],"rotation":0,"texture":"#0","tintindex":0}}},{"from":[5.257143,14.685715,6.1142855],"to":[10.742857,16.742859,18.457144],"rotation":{"angle":0.0,"axis":"y","origin":[8.0,14.857143,23.428572]},"faces":{"east":{"uv":[5.44125,9.00375,5.87125,9.05875],"rotation":0,"texture":"#0","tintindex":0},"south":{"uv":[9.44125,6.69125,9.62125,6.74625],"rotation":0,"texture":"#0","tintindex":0},"north":{"uv":[9.44125,4.00375,9.62125,4.05875],"rotation":0,"texture":"#0","tintindex":0},"west":{"uv":[9.00375,5.50375,9.43375,5.55875],"rotation":0,"texture":"#0","tintindex":0},"up":{"uv":[4.68375,7.87125,4.50375,7.44125],"rotation":0,"texture":"#0","tintindex":0},"down":{"uv":[6.24625,7.44125,6.06625,7.87125],"rotation":0,"texture":"#0","tintindex":0}}},{"from":[-2.7142859,11.428572,10.142858],"to":[0.7142854,14.857143,17.0],"rotation":{"angle":45.0,"axis":"z","origin":[-0.14285755,17.285715,-1.8571434]},"faces":{"east":{"uv":[8.44125,8.87875,8.68375,8.99625],"rotation":0,"texture":"#0","tintindex":0},"south":{"uv":[2.06625,9.37875,2.18375,9.49625],"rotation":0,"texture":"#0","tintindex":0},"north":{"uv":[9.37875,2.00375,9.49625,2.12125],"rotation":0,"texture":"#0","tintindex":0},"west":{"uv":[0.00375,8.94125,0.24625,9.05875],"rotation":0,"texture":"#0","tintindex":0},"up":{"uv":[3.62125,9.05875,3.50375,8.81625],"rotation":0,"texture":"#0","tintindex":0},"down":{"uv":[4.12125,8.87875,4.00375,9.12125],"rotation":0,"texture":"#0","tintindex":0}}},{"from":[-1.8571434,18.285715,11.857143],"to":[-0.14285755,20.857143,15.285715],"rotation":{"angle":45.0,"axis":"z","origin":[-0.14285755,17.285715,-1.8571434]},"faces":{"east":{"uv":[9.44125,5.31625,9.55875,5.40625],"rotation":0,"texture":"#0","tintindex":0},"south":{"uv":[9.56625,1.81625,9.62125,1.90625],"rotation":0,"texture":"#0","tintindex":0},"north":{"uv":[9.56625,1.69125,9.62125,1.78125],"rotation":0,"texture":"#0","tintindex":0},"west":{"uv":[9.44125,5.50375,9.55875,5.59375],"rotation":0,"texture":"#0","tintindex":0},"up":{"uv":[9.55875,4.99625,9.50375,4.87875],"rotation":0,"texture":"#0","tintindex":0},"down":{"uv":[4.99625,9.50375,4.94125,9.62125],"rotation":0,"texture":"#0","tintindex":0}}},{"from":[-2.285715,14.857143,11.0],"to":[0.28571415,18.285715,16.142857],"rotation":{"angle":45.0,"axis":"z","origin":[-0.14285755,17.285715,-1.8571434]},"faces":{"east":{"uv":[9.12875,3.12875,9.30875,3.24625],"rotation":0,"texture":"#0","tintindex":0},"south":{"uv":[9.44125,6.19125,9.53125,6.30875],"rotation":0,"texture":"#0","tintindex":0},"north":{"uv":[9.44125,5.62875,9.53125,5.74625],"rotation":0,"texture":"#0","tintindex":0},"west":{"uv":[3.25375,9.12875,3.43375,9.24625],"rotation":0,"texture":"#0","tintindex":0},"up":{"uv":[0.65625,9.49625,0.56625,9.31625],"rotation":0,"texture":"#0","tintindex":0},"down":{"uv":[9.40625,0.69125,9.31625,0.87125],"rotation":0,"texture":"#0","tintindex":0}}},{"from":[15.285715,11.428572,10.142858],"to":[18.714287,14.857143,17.0],"rotation":{"angle":-45.0,"axis":"z","origin":[16.142857,17.285715,-1.8571434]},"faces":{"east":{"uv":[0.24625,8.94125,0.00375,9.05875],"rotation":0,"texture":"#0","tintindex":0},"south":{"uv":[2.18375,9.37875,2.06625,9.49625],"rotation":0,"texture":"#0","tintindex":0},"north":{"uv":[9.49625,2.00375,9.37875,2.12125],"rotation":0,"texture":"#0","tintindex":0},"west":{"uv":[8.68375,8.87875,8.44125,8.99625],"rotation":0,"texture":"#0","tintindex":0},"up":{"uv":[3.50375,9.05875,3.62125,8.81625],"rotation":0,"texture":"#0","tintindex":0},"down":{"uv":[4.00375,8.87875,4.12125,9.12125],"rotation":0,"texture":"#0","tintindex":0}}},{"from":[15.714286,14.857143,11.0],"to":[18.285715,18.285715,16.142857],"rotation":{"angle":-45.0,"axis":"z","origin":[16.142857,17.285715,-1.8571434]},"faces":{"east":{"uv":[3.43375,9.12875,3.25375,9.24625],"rotation":0,"texture":"#0","tintindex":0},"south":{"uv":[9.53125,6.19125,9.44125,6.30875],"rotation":0,"texture":"#0","tintindex":0},"north":{"uv":[9.53125,5.62875,9.44125,5.74625],"rotation":0,"texture":"#0","tintindex":0},"west":{"uv":[9.30875,3.12875,9.12875,3.24625],"rotation":0,"texture":"#0","tintindex":0},"up":{"uv":[0.56625,9.49625,0.65625,9.31625],"rotation":0,"texture":"#0","tintindex":0},"down":{"uv":[9.31625,0.69125,9.40625,0.87125],"rotation":0,"texture":"#0","tintindex":0}}},{"from":[16.142857,18.285715,11.857143],"to":[17.857143,20.857143,15.285715],"rotation":{"angle":-45.0,"axis":"z","origin":[16.142857,17.285715,-1.8571434]},"faces":{"east":{"uv":[9.55875,5.50375,9.44125,5.59375],"rotation":0,"texture":"#0","tintindex":0},"south":{"uv":[9.62125,1.81625,9.56625,1.90625],"rotation":0,"texture":"#0","tintindex":0},"north":{"uv":[9.62125,1.69125,9.56625,1.78125],"rotation":0,"texture":"#0","tintindex":0},"west":{"uv":[9.55875,5.31625,9.44125,5.40625],"rotation":0,"texture":"#0","tintindex":0},"up":{"uv":[9.50375,4.99625,9.55875,4.87875],"rotation":0,"texture":"#0","tintindex":0},"down":{"uv":[4.94125,9.50375,4.99625,9.62125],"rotation":0,"texture":"#0","tintindex":0}}},{"from":[-0.74285793,6.9714284,6.1142855],"to":[16.742859,12.457143,18.457144],"rotation":{"angle":0.0,"axis":"y","origin":[8.0,9.714286,6.285714]},"faces":{"east":{"uv":[7.50375,5.62875,7.93375,5.80875],"rotation":0,"texture":"#0","tintindex":0},"south":{"uv":[6.87875,6.19125,7.49625,6.37125],"rotation":0,"texture":"#0","tintindex":0},"north":{"uv":[6.87875,4.87875,7.49625,5.05875],"rotation":0,"texture":"#0","tintindex":0},"west":{"uv":[7.50375,5.81625,7.93375,5.99625],"rotation":0,"texture":"#0","tintindex":0},"up":{"uv":[4.80875,3.87125,4.19125,3.44125],"rotation":0,"texture":"#0","tintindex":0},"down":{"uv":[3.12125,4.25375,2.50375,4.68375],"rotation":0,"texture":"#0","tintindex":0}}}],"display":{"head":{"translation":[0.0,-6.4,0.0],"scale":[4.0,4.0,4.0]}}}