{"textures":{"0":"modelengine:entity/pitlord"},"elements":[{"from":[3.7142854,1.1428566,6.285714],"to":[12.285715,2.8571424,18.285715],"rotation":{"angle":0.0,"axis":"y","origin":[8.0,8.0,23.428572]},"faces":{"east":{"uv":[8.94125,7.25375,9.37125,7.30875],"rotation":0,"texture":"#0","tintindex":0},"south":{"uv":[9.25375,4.19125,9.55875,4.24625],"rotation":0,"texture":"#0","tintindex":0},"north":{"uv":[9.25375,4.06625,9.55875,4.12125],"rotation":0,"texture":"#0","tintindex":0},"west":{"uv":[8.94125,8.00375,9.37125,8.05875],"rotation":0,"texture":"#0","tintindex":0},"up":{"uv":[6.80875,2.93375,6.50375,2.50375],"rotation":0,"texture":"#0","tintindex":0},"down":{"uv":[6.80875,5.75375,6.50375,6.18375],"rotation":0,"texture":"#0","tintindex":0}}},{"from":[0.28571415,2.8571424,6.285714],"to":[15.714286,7.142857,18.285715],"rotation":{"angle":0.0,"axis":"y","origin":[8.0,8.857143,20.0]},"faces":{"east":{"uv":[8.06625,0.37875,8.49625,0.53125],"rotation":0,"texture":"#0","tintindex":0},"south":{"uv":[2.44125,7.50375,2.99625,7.65625],"rotation":0,"texture":"#0","tintindex":0},"north":{"uv":[7.50375,0.00375,8.05875,0.15625],"rotation":0,"texture":"#0","tintindex":0},"west":{"uv":[8.49625,0.37875,8.06625,0.53125],"rotation":0,"texture":"#0","tintindex":0},"up":{"uv":[2.24625,4.93375,1.69125,4.50375],"rotation":0,"texture":"#0","tintindex":0},"down":{"uv":[5.12125,1.31625,4.56625,1.74625],"rotation":0,"texture":"#0","tintindex":0}}},{"from":[1.9999995,12.285715,6.285714],"to":[14.0,14.857143,18.285715],"rotation":{"angle":0.0,"axis":"y","origin":[8.0,10.571428,23.428572]},"faces":{"east":{"uv":[8.49625,0.37875,8.06625,0.46875],"rotation":0,"texture":"#0","tintindex":0},"south":{"uv":[8.56625,6.94125,8.99625,7.03125],"rotation":0,"texture":"#0","tintindex":0},"north":{"uv":[8.56625,6.69125,8.99625,6.78125],"rotation":0,"texture":"#0","tintindex":0},"west":{"uv":[8.06625,0.37875,8.49625,0.46875],"rotation":0,"texture":"#0","tintindex":0},"up":{"uv":[4.62125,5.74625,4.19125,5.31625],"rotation":0,"texture":"#0","tintindex":0},"down":{"uv":[5.05875,5.31625,4.62875,5.74625],"rotation":0,"texture":"#0","tintindex":0}}},{"from":[5.428571,14.857143,6.285714],"to":[10.571428,15.714286,18.285715],"rotation":{"angle":0.0,"axis":"y","origin":[8.0,14.857143,23.428572]},"faces":{"east":{"uv":[9.37875,5.87875,9.80875,5.90625],"rotation":0,"texture":"#0","tintindex":0},"south":{"uv":[9.56625,3.81625,9.74625,3.84375],"rotation":0,"texture":"#0","tintindex":0},"north":{"uv":[3.81625,9.56625,3.99625,9.59375],"rotation":0,"texture":"#0","tintindex":0},"west":{"uv":[9.37875,7.50375,9.80875,7.53125],"rotation":0,"texture":"#0","tintindex":0},"up":{"uv":[6.80875,7.87125,6.62875,7.44125],"rotation":0,"texture":"#0","tintindex":0},"down":{"uv":[0.18375,7.50375,0.00375,7.93375],"rotation":0,"texture":"#0","tintindex":0}}},{"from":[-2.7142859,11.857143,9.714286],"to":[0.7142854,15.285715,15.714286],"rotation":{"angle":45.0,"axis":"z","origin":[0.7142854,17.285715,-4.000001]},"faces":{"east":{"uv":[8.94125,4.69125,9.15625,4.80875],"rotation":0,"texture":"#0","tintindex":0},"south":{"uv":[2.31625,9.37875,2.43375,9.49625],"rotation":0,"texture":"#0","tintindex":0},"north":{"uv":[2.19125,9.37875,2.30875,9.49625],"rotation":0,"texture":"#0","tintindex":0},"west":{"uv":[8.94125,4.94125,9.15625,5.05875],"rotation":0,"texture":"#0","tintindex":0},"up":{"uv":[9.05875,5.96875,8.94125,5.75375],"rotation":0,"texture":"#0","tintindex":0},"down":{"uv":[6.55875,8.94125,6.44125,9.15625],"rotation":0,"texture":"#0","tintindex":0}}},{"from":[-2.285715,15.285715,10.571428],"to":[0.28571415,17.857143,14.857143],"rotation":{"angle":45.0,"axis":"z","origin":[0.7142854,17.285715,-4.000001]},"faces":{"east":{"uv":[9.37875,8.69125,9.53125,8.78125],"rotation":0,"texture":"#0","tintindex":0},"south":{"uv":[9.50375,2.00375,9.59375,2.09375],"rotation":0,"texture":"#0","tintindex":0},"north":{"uv":[1.94125,9.50375,2.03125,9.59375],"rotation":0,"texture":"#0","tintindex":0},"west":{"uv":[9.06625,9.37875,9.21875,9.46875],"rotation":0,"texture":"#0","tintindex":0},"up":{"uv":[9.46875,9.40625,9.37875,9.25375],"rotation":0,"texture":"#0","tintindex":0},"down":{"uv":[9.53125,0.00375,9.44125,0.15625],"rotation":0,"texture":"#0","tintindex":0}}},{"from":[-1.8571434,17.857143,11.428572],"to":[-0.14285755,20.428572,14.0],"rotation":{"angle":45.0,"axis":"z","origin":[0.7142854,17.285715,-4.000001]},"faces":{"east":{"uv":[1.69125,9.50375,1.78125,9.59375],"rotation":0,"texture":"#0","tintindex":0},"south":{"uv":[2.56625,9.56625,2.62125,9.65625],"rotation":0,"texture":"#0","tintindex":0},"north":{"uv":[9.56625,2.12875,9.62125,2.21875],"rotation":0,"texture":"#0","tintindex":0},"west":{"uv":[1.81625,9.50375,1.90625,9.59375],"rotation":0,"texture":"#0","tintindex":0},"up":{"uv":[2.68375,9.65625,2.62875,9.56625],"rotation":0,"texture":"#0","tintindex":0},"down":{"uv":[9.62125,2.62875,9.56625,2.71875],"rotation":0,"texture":"#0","tintindex":0}}},{"from":[16.142857,17.857143,11.428572],"to":[17.857143,20.428572,14.0],"rotation":{"angle":-45.0,"axis":"z","origin":[15.285715,17.285715,-4.000001]},"faces":{"east":{"uv":[1.90625,9.50375,1.81625,9.59375],"rotation":0,"texture":"#0","tintindex":0},"south":{"uv":[2.62125,9.56625,2.56625,9.65625],"rotation":0,"texture":"#0","tintindex":0},"north":{"uv":[9.62125,2.12875,9.56625,2.21875],"rotation":0,"texture":"#0","tintindex":0},"west":{"uv":[1.78125,9.50375,1.69125,9.59375],"rotation":0,"texture":"#0","tintindex":0},"up":{"uv":[2.62875,9.65625,2.68375,9.56625],"rotation":0,"texture":"#0","tintindex":0},"down":{"uv":[9.56625,2.62875,9.62125,2.71875],"rotation":0,"texture":"#0","tintindex":0}}},{"from":[15.714286,15.285715,10.571428],"to":[18.285715,17.857143,14.857143],"rotation":{"angle":-45.0,"axis":"z","origin":[15.285715,17.285715,-4.000001]},"faces":{"east":{"uv":[9.21875,9.37875,9.06625,9.46875],"rotation":0,"texture":"#0","tintindex":0},"south":{"uv":[9.59375,2.00375,9.50375,2.09375],"rotation":0,"texture":"#0","tintindex":0},"north":{"uv":[2.03125,9.50375,1.94125,9.59375],"rotation":0,"texture":"#0","tintindex":0},"west":{"uv":[9.53125,8.69125,9.37875,8.78125],"rotation":0,"texture":"#0","tintindex":0},"up":{"uv":[9.37875,9.40625,9.46875,9.25375],"rotation":0,"texture":"#0","tintindex":0},"down":{"uv":[9.44125,0.00375,9.53125,0.15625],"rotation":0,"texture":"#0","tintindex":0}}},{"from":[15.285715,11.857143,9.714286],"to":[18.714287,15.285715,15.714286],"rotation":{"angle":-45.0,"axis":"z","origin":[15.285715,17.285715,-4.000001]},"faces":{"east":{"uv":[9.15625,4.94125,8.94125,5.05875],"rotation":0,"texture":"#0","tintindex":0},"south":{"uv":[2.43375,9.37875,2.31625,9.49625],"rotation":0,"texture":"#0","tintindex":0},"north":{"uv":[2.30875,9.37875,2.19125,9.49625],"rotation":0,"texture":"#0","tintindex":0},"west":{"uv":[9.15625,4.69125,8.94125,4.80875],"rotation":0,"texture":"#0","tintindex":0},"up":{"uv":[8.94125,5.96875,9.05875,5.75375],"rotation":0,"texture":"#0","tintindex":0},"down":{"uv":[6.44125,8.94125,6.55875,9.15625],"rotation":0,"texture":"#0","tintindex":0}}},{"from":[-0.57142925,7.142857,6.285714],"to":[16.57143,12.285715,18.285715],"rotation":{"angle":0.0,"axis":"y","origin":[8.0,9.714286,6.285714]},"faces":{"east":{"uv":[8.49625,0.37875,8.06625,0.55875],"rotation":0,"texture":"#0","tintindex":0},"south":{"uv":[6.94125,2.00375,7.55875,2.18375],"rotation":0,"texture":"#0","tintindex":0},"north":{"uv":[6.87875,6.37875,7.49625,6.55875],"rotation":0,"texture":"#0","tintindex":0},"west":{"uv":[8.06625,0.37875,8.49625,0.55875],"rotation":0,"texture":"#0","tintindex":0},"up":{"uv":[3.74625,4.68375,3.12875,4.25375],"rotation":0,"texture":"#0","tintindex":0},"down":{"uv":[4.37125,4.25375,3.75375,4.68375],"rotation":0,"texture":"#0","tintindex":0}}}],"display":{"head":{"translation":[0.0,-6.4,0.0],"scale":[4.0,4.0,4.0]}}}