{"textures":{"0":"modelengine:entity/pitlord"},"elements":[{"from":[6.285714,2.8571424,6.285714],"to":[9.714286,4.5714283,16.57143],"rotation":{"angle":0.0,"axis":"y","origin":[8.0,9.714286,23.428572]},"faces":{"east":{"uv":[8.94125,8.00375,9.30875,8.05875],"rotation":0,"texture":"#0","tintindex":0},"south":{"uv":[5.50375,9.50375,5.62125,9.55875],"rotation":0,"texture":"#0","tintindex":0},"north":{"uv":[5.37875,9.50375,5.49625,9.55875],"rotation":0,"texture":"#0","tintindex":0},"west":{"uv":[9.00375,8.00375,9.37125,8.05875],"rotation":0,"texture":"#0","tintindex":0},"up":{"uv":[3.74625,8.93375,3.62875,8.56625],"rotation":0,"texture":"#0","tintindex":0},"down":{"uv":[5.43375,8.56625,5.31625,8.93375],"rotation":0,"texture":"#0","tintindex":0}}},{"from":[2.8571424,4.5714283,6.285714],"to":[13.142858,9.714286,18.285715],"rotation":{"angle":0.0,"axis":"y","origin":[8.0,9.285714,20.0]},"faces":{"east":{"uv":[8.06625,0.37875,8.49625,0.55875],"rotation":0,"texture":"#0","tintindex":0},"south":{"uv":[3.62875,8.00375,3.99625,8.18375],"rotation":0,"texture":"#0","tintindex":0},"north":{"uv":[3.25375,8.00375,3.62125,8.18375],"rotation":0,"texture":"#0","tintindex":0},"west":{"uv":[8.49625,0.37875,8.06625,0.55875],"rotation":0,"texture":"#0","tintindex":0},"up":{"uv":[6.30875,1.99625,5.94125,1.56625],"rotation":0,"texture":"#0","tintindex":0},"down":{"uv":[5.12125,5.94125,4.75375,6.37125],"rotation":0,"texture":"#0","tintindex":0}}},{"from":[4.5714283,9.714286,6.285714],"to":[11.428572,12.285715,16.57143],"rotation":{"angle":0.0,"axis":"y","origin":[8.0,8.0,23.428572]},"faces":{"east":{"uv":[8.49625,0.37875,8.12875,0.46875],"rotation":0,"texture":"#0","tintindex":0},"south":{"uv":[9.12875,6.00375,9.37125,6.09375],"rotation":0,"texture":"#0","tintindex":0},"north":{"uv":[9.12875,5.06625,9.37125,5.15625],"rotation":0,"texture":"#0","tintindex":0},"west":{"uv":[8.12875,0.37875,8.49625,0.46875],"rotation":0,"texture":"#0","tintindex":0},"up":{"uv":[7.68375,0.68375,7.44125,0.31625],"rotation":0,"texture":"#0","tintindex":0},"down":{"uv":[0.62125,7.44125,0.37875,7.80875],"rotation":0,"texture":"#0","tintindex":0}}}],"display":{"head":{"translation":[0.0,-6.4,0.0],"scale":[4.0,4.0,4.0]}}}