{"textures":{"0":"modelengine:entity/pitlord"},"elements":[{"from":[2.8571424,0.28571415,6.285714],"to":[13.142858,1.9999995,18.285715],"rotation":{"angle":0.0,"axis":"y","origin":[8.0,7.142857,23.428572]},"faces":{"east":{"uv":[9.37125,8.00375,8.94125,8.05875],"rotation":0,"texture":"#0","tintindex":0},"south":{"uv":[9.12875,4.81625,9.49625,4.87125],"rotation":0,"texture":"#0","tintindex":0},"north":{"uv":[9.12875,4.37875,9.49625,4.43375],"rotation":0,"texture":"#0","tintindex":0},"west":{"uv":[8.94125,8.00375,9.37125,8.05875],"rotation":0,"texture":"#0","tintindex":0},"up":{"uv":[1.93375,6.30875,1.56625,5.87875],"rotation":0,"texture":"#0","tintindex":0},"down":{"uv":[2.30875,5.87875,1.94125,6.30875],"rotation":0,"texture":"#0","tintindex":0}}},{"from":[-0.57142925,1.9999995,6.285714],"to":[16.57143,6.285714,18.285715],"rotation":{"angle":0.0,"axis":"y","origin":[8.0,8.0,20.0]},"faces":{"east":{"uv":[8.49625,0.37875,8.06625,0.53125],"rotation":0,"texture":"#0","tintindex":0},"south":{"uv":[7.25375,3.62875,7.87125,3.78125],"rotation":0,"texture":"#0","tintindex":0},"north":{"uv":[7.25375,2.19125,7.87125,2.34375],"rotation":0,"texture":"#0","tintindex":0},"west":{"uv":[8.06625,0.37875,8.49625,0.53125],"rotation":0,"texture":"#0","tintindex":0},"up":{"uv":[0.62125,4.49625,0.00375,4.06625],"rotation":0,"texture":"#0","tintindex":0},"down":{"uv":[2.49625,4.06625,1.87875,4.49625],"rotation":0,"texture":"#0","tintindex":0}}},{"from":[1.1428566,13.142858,6.285714],"to":[14.857143,15.714286,18.285715],"rotation":{"angle":0.0,"axis":"y","origin":[8.0,11.428572,23.428572]},"faces":{"east":{"uv":[8.56625,5.50375,8.99625,5.59375],"rotation":0,"texture":"#0","tintindex":0},"south":{"uv":[4.81625,8.56625,5.30875,8.65625],"rotation":0,"texture":"#0","tintindex":0},"north":{"uv":[8.56625,3.81625,9.05875,3.90625],"rotation":0,"texture":"#0","tintindex":0},"west":{"uv":[8.56625,5.62875,8.99625,5.71875],"rotation":0,"texture":"#0","tintindex":0},"up":{"uv":[1.05875,5.24625,0.56625,4.81625],"rotation":0,"texture":"#0","tintindex":0},"down":{"uv":[1.55875,4.87875,1.06625,5.30875],"rotation":0,"texture":"#0","tintindex":0}}},{"from":[4.5714283,15.714286,6.285714],"to":[11.428572,17.428572,18.285715],"rotation":{"angle":0.0,"axis":"y","origin":[8.0,15.714286,23.428572]},"faces":{"east":{"uv":[8.94125,7.25375,9.37125,7.30875],"rotation":0,"texture":"#0","tintindex":0},"south":{"uv":[9.31625,6.75375,9.55875,6.80875],"rotation":0,"texture":"#0","tintindex":0},"north":{"uv":[9.31625,6.12875,9.55875,6.18375],"rotation":0,"texture":"#0","tintindex":0},"west":{"uv":[7.50375,8.94125,7.93375,8.99625],"rotation":0,"texture":"#0","tintindex":0},"up":{"uv":[2.43375,7.37125,2.19125,6.94125],"rotation":0,"texture":"#0","tintindex":0},"down":{"uv":[4.49625,6.94125,4.25375,7.37125],"rotation":0,"texture":"#0","tintindex":0}}},{"from":[-2.285715,12.714286,9.714286],"to":[1.1428566,16.142857,15.714286],"rotation":{"angle":45.0,"axis":"z","origin":[0.7142854,17.285715,-4.000001]},"faces":{"east":{"uv":[8.94125,4.69125,9.15625,4.80875],"rotation":0,"texture":"#0","tintindex":0},"south":{"uv":[2.31625,9.37875,2.43375,9.49625],"rotation":0,"texture":"#0","tintindex":0},"north":{"uv":[2.19125,9.37875,2.30875,9.49625],"rotation":0,"texture":"#0","tintindex":0},"west":{"uv":[8.94125,4.94125,9.15625,5.05875],"rotation":0,"texture":"#0","tintindex":0},"up":{"uv":[9.05875,5.96875,8.94125,5.75375],"rotation":0,"texture":"#0","tintindex":0},"down":{"uv":[6.55875,8.94125,6.44125,9.15625],"rotation":0,"texture":"#0","tintindex":0}}},{"from":[-1.8571434,16.142857,10.571428],"to":[0.7142854,18.714287,14.857143],"rotation":{"angle":45.0,"axis":"z","origin":[0.7142854,17.285715,-4.000001]},"faces":{"east":{"uv":[9.37875,8.69125,9.53125,8.78125],"rotation":0,"texture":"#0","tintindex":0},"south":{"uv":[9.50375,2.00375,9.59375,2.09375],"rotation":0,"texture":"#0","tintindex":0},"north":{"uv":[1.94125,9.50375,2.03125,9.59375],"rotation":0,"texture":"#0","tintindex":0},"west":{"uv":[9.06625,9.37875,9.21875,9.46875],"rotation":0,"texture":"#0","tintindex":0},"up":{"uv":[9.46875,9.40625,9.37875,9.25375],"rotation":0,"texture":"#0","tintindex":0},"down":{"uv":[9.53125,0.00375,9.44125,0.15625],"rotation":0,"texture":"#0","tintindex":0}}},{"from":[-1.4285717,18.714287,11.428572],"to":[0.28571415,21.285715,14.0],"rotation":{"angle":45.0,"axis":"z","origin":[0.7142854,17.285715,-4.000001]},"faces":{"east":{"uv":[1.69125,9.50375,1.78125,9.59375],"rotation":0,"texture":"#0","tintindex":0},"south":{"uv":[2.56625,9.56625,2.62125,9.65625],"rotation":0,"texture":"#0","tintindex":0},"north":{"uv":[9.56625,2.12875,9.62125,2.21875],"rotation":0,"texture":"#0","tintindex":0},"west":{"uv":[1.81625,9.50375,1.90625,9.59375],"rotation":0,"texture":"#0","tintindex":0},"up":{"uv":[2.68375,9.65625,2.62875,9.56625],"rotation":0,"texture":"#0","tintindex":0},"down":{"uv":[9.62125,2.62875,9.56625,2.71875],"rotation":0,"texture":"#0","tintindex":0}}},{"from":[14.857143,12.714286,9.714286],"to":[18.285715,16.142857,15.714286],"rotation":{"angle":-45.0,"axis":"z","origin":[15.285715,17.285715,-4.000001]},"faces":{"east":{"uv":[9.15625,4.94125,8.94125,5.05875],"rotation":0,"texture":"#0","tintindex":0},"south":{"uv":[2.43375,9.37875,2.31625,9.49625],"rotation":0,"texture":"#0","tintindex":0},"north":{"uv":[2.30875,9.37875,2.19125,9.49625],"rotation":0,"texture":"#0","tintindex":0},"west":{"uv":[9.15625,4.69125,8.94125,4.80875],"rotation":0,"texture":"#0","tintindex":0},"up":{"uv":[8.94125,5.96875,9.05875,5.75375],"rotation":0,"texture":"#0","tintindex":0},"down":{"uv":[6.44125,8.94125,6.55875,9.15625],"rotation":0,"texture":"#0","tintindex":0}}},{"from":[15.285715,16.142857,10.571428],"to":[17.857143,18.714287,14.857143],"rotation":{"angle":-45.0,"axis":"z","origin":[15.285715,17.285715,-4.000001]},"faces":{"east":{"uv":[9.21875,9.37875,9.06625,9.46875],"rotation":0,"texture":"#0","tintindex":0},"south":{"uv":[9.59375,2.00375,9.50375,2.09375],"rotation":0,"texture":"#0","tintindex":0},"north":{"uv":[2.03125,9.50375,1.94125,9.59375],"rotation":0,"texture":"#0","tintindex":0},"west":{"uv":[9.53125,8.69125,9.37875,8.78125],"rotation":0,"texture":"#0","tintindex":0},"up":{"uv":[9.37875,9.40625,9.46875,9.25375],"rotation":0,"texture":"#0","tintindex":0},"down":{"uv":[9.44125,0.00375,9.53125,0.15625],"rotation":0,"texture":"#0","tintindex":0}}},{"from":[15.714286,18.714287,11.428572],"to":[17.428572,21.285715,14.0],"rotation":{"angle":-45.0,"axis":"z","origin":[15.285715,17.285715,-4.000001]},"faces":{"east":{"uv":[1.90625,9.50375,1.81625,9.59375],"rotation":0,"texture":"#0","tintindex":0},"south":{"uv":[2.62125,9.56625,2.56625,9.65625],"rotation":0,"texture":"#0","tintindex":0},"north":{"uv":[9.62125,2.12875,9.56625,2.21875],"rotation":0,"texture":"#0","tintindex":0},"west":{"uv":[1.78125,9.50375,1.69125,9.59375],"rotation":0,"texture":"#0","tintindex":0},"up":{"uv":[2.62875,9.65625,2.68375,9.56625],"rotation":0,"texture":"#0","tintindex":0},"down":{"uv":[9.56625,2.62875,9.62125,2.71875],"rotation":0,"texture":"#0","tintindex":0}}},{"from":[-1.4285717,6.285714,6.285714],"to":[17.428572,13.142858,18.285715],"rotation":{"angle":0.0,"axis":"y","origin":[8.0,9.714286,6.285714]},"faces":{"east":{"uv":[7.37125,4.62875,6.94125,4.87125],"rotation":0,"texture":"#0","tintindex":0},"south":{"uv":[5.69125,0.87875,6.37125,1.12125],"rotation":0,"texture":"#0","tintindex":0},"north":{"uv":[5.56625,3.19125,6.24625,3.43375],"rotation":0,"texture":"#0","tintindex":0},"west":{"uv":[6.94125,4.62875,7.37125,4.87125],"rotation":0,"texture":"#0","tintindex":0},"up":{"uv":[0.68375,4.05875,0.00375,3.62875],"rotation":0,"texture":"#0","tintindex":0},"down":{"uv":[4.30875,3.00375,3.62875,3.43375],"rotation":0,"texture":"#0","tintindex":0}}}],"display":{"head":{"translation":[0.0,-6.4,0.0],"scale":[4.0,4.0,4.0]}}}