{"textures":{"0":"modelengine:entity/pitlord"},"elements":[{"from":[5.8571424,5.8571424,26.857143],"to":[10.142858,10.142858,30.285715],"rotation":{"angle":-45.0,"axis":"z","origin":[8.0,8.0,28.57143]},"faces":{"east":{"uv":[9.40625,5.31625,9.25375,5.43375],"rotation":0,"texture":"#0","tintindex":0},"south":{"uv":[9.40625,5.31625,9.25375,5.43375],"rotation":0,"texture":"#0","tintindex":0},"north":{"uv":[9.40625,5.31625,9.25375,5.43375],"rotation":0,"texture":"#0","tintindex":0},"west":{"uv":[9.40625,5.31625,9.25375,5.43375],"rotation":0,"texture":"#0","tintindex":0},"up":{"uv":[9.40625,5.31625,9.25375,5.43375],"rotation":0,"texture":"#0","tintindex":0},"down":{"uv":[9.40625,5.31625,9.25375,5.43375],"rotation":0,"texture":"#0","tintindex":0}}},{"from":[8.0,1.9999995,23.428572],"to":[8.0,14.0,32.0],"rotation":{"angle":0.0,"axis":"y","origin":[8.0,8.0,17.857143]},"faces":{"east":{"uv":[2.18375,6.56625,1.87875,6.99625],"rotation":0,"texture":"#0","tintindex":0},"south":{"uv":[0.00375,0.00375,0.00375,0.43375],"rotation":0,"texture":"#0","tintindex":0},"north":{"uv":[0.00375,0.00375,0.00375,0.43375],"rotation":0,"texture":"#0","tintindex":0},"west":{"uv":[1.87875,6.56625,2.18375,6.99625],"rotation":0,"texture":"#0","tintindex":0},"up":{"uv":[0.00375,0.30875,0.00375,0.00375],"rotation":0,"texture":"#0","tintindex":0},"down":{"uv":[0.00375,0.00375,0.00375,0.30875],"rotation":0,"texture":"#0","tintindex":0}}},{"from":[5.8571424,5.8571424,21.714287],"to":[10.142858,10.142858,25.142859],"rotation":{"angle":-45.0,"axis":"z","origin":[8.0,8.0,23.428572]},"faces":{"east":{"uv":[9.40625,8.37875,9.25375,8.49625],"rotation":0,"texture":"#0","tintindex":0},"south":{"uv":[9.40625,8.37875,9.25375,8.49625],"rotation":0,"texture":"#0","tintindex":0},"north":{"uv":[9.40625,8.37875,9.25375,8.49625],"rotation":0,"texture":"#0","tintindex":0},"west":{"uv":[9.40625,8.37875,9.25375,8.49625],"rotation":0,"texture":"#0","tintindex":0},"up":{"uv":[9.40625,8.37875,9.25375,8.49625],"rotation":0,"texture":"#0","tintindex":0},"down":{"uv":[9.40625,8.37875,9.25375,8.49625],"rotation":0,"texture":"#0","tintindex":0}}},{"from":[1.9999995,8.0,23.428572],"to":[14.0,8.0,32.0],"rotation":{"angle":0.0,"axis":"y","origin":[8.0,8.0,17.857143]},"faces":{"east":{"uv":[0.00375,0.00375,0.30875,0.00375],"rotation":0,"texture":"#0","tintindex":0},"south":{"uv":[0.00375,0.00375,0.43375,0.00375],"rotation":0,"texture":"#0","tintindex":0},"north":{"uv":[0.00375,0.00375,0.43375,0.00375],"rotation":0,"texture":"#0","tintindex":0},"west":{"uv":[0.00375,0.00375,0.30875,0.00375],"rotation":0,"texture":"#0","tintindex":0},"up":{"uv":[6.87125,4.49625,6.44125,4.19125],"rotation":0,"texture":"#0","tintindex":0},"down":{"uv":[6.87125,4.19125,6.44125,4.49625],"rotation":0,"texture":"#0","tintindex":0}}},{"from":[8.0,0.28571415,-16.0],"to":[8.0,15.714286,21.714287],"rotation":{"angle":0.0,"axis":"y","origin":[8.0,8.0,7.57143]},"faces":{"east":{"uv":[1.37125,0.56625,0.00375,1.12125],"rotation":0,"texture":"#0","tintindex":0},"south":{"uv":[0.00375,0.00375,0.00375,0.55875],"rotation":0,"texture":"#0","tintindex":0},"north":{"uv":[0.00375,0.00375,0.00375,0.55875],"rotation":0,"texture":"#0","tintindex":0},"west":{"uv":[0.00375,0.56625,1.37125,1.12125],"rotation":0,"texture":"#0","tintindex":0},"up":{"uv":[0.00375,1.37125,0.00375,0.00375],"rotation":0,"texture":"#0","tintindex":0},"down":{"uv":[0.00375,0.00375,0.00375,1.37125],"rotation":0,"texture":"#0","tintindex":0}}},{"from":[7.142857,6.714286,6.285713],"to":[8.857143,9.285714,21.714287],"rotation":{"angle":0.0,"axis":"y","origin":[8.428572,9.285714,7.57143]},"faces":{"east":{"uv":[8.12875,3.50375,8.68375,3.59375],"rotation":0,"texture":"#0","tintindex":0},"south":{"uv":[4.12875,9.56625,4.18375,9.65625],"rotation":0,"texture":"#0","tintindex":0},"north":{"uv":[4.06625,9.56625,4.12125,9.65625],"rotation":0,"texture":"#0","tintindex":0},"west":{"uv":[8.19125,2.37875,8.74625,2.46875],"rotation":0,"texture":"#0","tintindex":0},"up":{"uv":[5.93375,7.74625,5.87875,7.19125],"rotation":0,"texture":"#0","tintindex":0},"down":{"uv":[1.62125,8.62875,1.56625,9.18375],"rotation":0,"texture":"#0","tintindex":0}}},{"from":[7.142857,7.142857,2.8571434],"to":[8.857143,8.857143,6.285713],"rotation":{"angle":0.0,"axis":"y","origin":[8.428572,9.285714,4.1428566]},"faces":{"east":{"uv":[5.62875,9.50375,5.74625,9.55875],"rotation":0,"texture":"#0","tintindex":0},"south":{"uv":[0.62875,8.50375,0.68375,8.55875],"rotation":0,"texture":"#0","tintindex":0},"north":{"uv":[8.25375,7.12875,8.30875,7.18375],"rotation":0,"texture":"#0","tintindex":0},"west":{"uv":[5.75375,9.50375,5.87125,9.55875],"rotation":0,"texture":"#0","tintindex":0},"up":{"uv":[9.55875,5.87125,9.50375,5.75375],"rotation":0,"texture":"#0","tintindex":0},"down":{"uv":[5.93375,9.50375,5.87875,9.62125],"rotation":0,"texture":"#0","tintindex":0}}},{"from":[7.142857,7.5714283,1.1428566],"to":[8.857143,8.428572,2.8571434],"rotation":{"angle":0.0,"axis":"y","origin":[8.428572,9.285714,2.4285698]},"faces":{"east":{"uv":[8.56625,7.06625,8.62125,7.09375],"rotation":0,"texture":"#0","tintindex":0},"south":{"uv":[6.31625,8.62875,6.37125,8.65625],"rotation":0,"texture":"#0","tintindex":0},"north":{"uv":[6.12875,8.56625,6.18375,8.59375],"rotation":0,"texture":"#0","tintindex":0},"west":{"uv":[8.00375,8.62875,8.05875,8.65625],"rotation":0,"texture":"#0","tintindex":0},"up":{"uv":[8.62125,3.99625,8.56625,3.94125],"rotation":0,"texture":"#0","tintindex":0},"down":{"uv":[8.62125,5.75375,8.56625,5.80875],"rotation":0,"texture":"#0","tintindex":0}}},{"from":[7.5714283,1.9999995,-9.142857],"to":[7.5714283,14.0,20.0],"rotation":{"angle":0.0,"axis":"y","origin":[7.5714283,8.0,5.8571434]},"faces":{"east":{"uv":[3.80875,1.06625,2.75375,1.49625],"rotation":0,"texture":"#0","tintindex":0},"south":{"uv":[0.00375,0.00375,0.00375,0.43375],"rotation":0,"texture":"#0","tintindex":0},"north":{"uv":[0.00375,0.00375,0.00375,0.43375],"rotation":0,"texture":"#0","tintindex":0},"west":{"uv":[2.75375,1.06625,3.80875,1.49625],"rotation":0,"texture":"#0","tintindex":0},"up":{"uv":[0.00375,1.05875,0.00375,0.00375],"rotation":0,"texture":"#0","tintindex":0},"down":{"uv":[0.00375,0.00375,0.00375,1.05875],"rotation":0,"texture":"#0","tintindex":0}}},{"from":[8.428572,1.9999995,-9.142857],"to":[8.428572,14.0,20.0],"rotation":{"angle":0.0,"axis":"y","origin":[8.428572,8.0,5.8571434]},"faces":{"east":{"uv":[3.80875,1.06625,2.75375,1.49625],"rotation":0,"texture":"#0","tintindex":0},"south":{"uv":[0.00375,0.00375,0.00375,0.43375],"rotation":0,"texture":"#0","tintindex":0},"north":{"uv":[0.00375,0.00375,0.00375,0.43375],"rotation":0,"texture":"#0","tintindex":0},"west":{"uv":[2.75375,1.06625,3.80875,1.49625],"rotation":0,"texture":"#0","tintindex":0},"up":{"uv":[0.00375,1.05875,0.00375,0.00375],"rotation":0,"texture":"#0","tintindex":0},"down":{"uv":[0.00375,0.00375,0.00375,1.05875],"rotation":0,"texture":"#0","tintindex":0}}}],"display":{"head":{"translation":[0.0,-6.4,-157.7143],"scale":[4.0,4.0,4.0]}}}