{"textures":{"0":"modelengine:entity/pitlord"},"elements":[{"from":[8.0,1.9999995,-16.000002],"to":[8.0,14.0,-7.4285717],"rotation":{"angle":0.0,"axis":"y","origin":[8.0,8.0,-2.7142868]},"faces":{"east":{"uv":[1.87875,6.56625,2.18375,6.99625],"rotation":0,"texture":"#0","tintindex":0},"south":{"uv":[0.00375,0.00375,0.00375,0.43375],"rotation":0,"texture":"#0","tintindex":0},"north":{"uv":[0.00375,0.00375,0.00375,0.43375],"rotation":0,"texture":"#0","tintindex":0},"west":{"uv":[2.18375,6.56625,1.87875,6.99625],"rotation":0,"texture":"#0","tintindex":0},"up":{"uv":[0.00375,0.00375,0.00375,0.30875],"rotation":0,"texture":"#0","tintindex":0},"down":{"uv":[0.00375,0.30875,0.00375,0.00375],"rotation":0,"texture":"#0","tintindex":0}}},{"from":[1.9999995,8.0,-16.000002],"to":[14.0,8.0,-7.4285717],"rotation":{"angle":0.0,"axis":"y","origin":[8.0,8.0,-2.7142868]},"faces":{"east":{"uv":[0.30875,0.00375,0.00375,0.00375],"rotation":0,"texture":"#0","tintindex":0},"south":{"uv":[0.43375,0.00375,0.00375,0.00375],"rotation":0,"texture":"#0","tintindex":0},"north":{"uv":[0.43375,0.00375,0.00375,0.00375],"rotation":0,"texture":"#0","tintindex":0},"west":{"uv":[0.30875,0.00375,0.00375,0.00375],"rotation":0,"texture":"#0","tintindex":0},"up":{"uv":[6.87125,4.19125,6.44125,4.49625],"rotation":0,"texture":"#0","tintindex":0},"down":{"uv":[6.87125,4.49625,6.44125,4.19125],"rotation":0,"texture":"#0","tintindex":0}}},{"from":[5.8571424,5.8571424,-14.285715],"to":[10.142858,10.142858,-10.857143],"rotation":{"angle":-45.0,"axis":"z","origin":[8.0,8.0,-12.57143]},"faces":{"east":{"uv":[9.40625,5.43375,9.25375,5.31625],"rotation":0,"texture":"#0","tintindex":0},"south":{"uv":[9.40625,5.43375,9.25375,5.31625],"rotation":0,"texture":"#0","tintindex":0},"north":{"uv":[9.40625,5.43375,9.25375,5.31625],"rotation":0,"texture":"#0","tintindex":0},"west":{"uv":[9.40625,5.43375,9.25375,5.31625],"rotation":0,"texture":"#0","tintindex":0},"up":{"uv":[9.40625,5.43375,9.25375,5.31625],"rotation":0,"texture":"#0","tintindex":0},"down":{"uv":[9.40625,5.43375,9.25375,5.31625],"rotation":0,"texture":"#0","tintindex":0}}},{"from":[5.8571424,5.8571424,-9.1428585],"to":[10.142858,10.142858,-5.714287],"rotation":{"angle":-45.0,"axis":"z","origin":[8.0,8.0,-7.4285717]},"faces":{"east":{"uv":[9.40625,8.49625,9.25375,8.37875],"rotation":0,"texture":"#0","tintindex":0},"south":{"uv":[9.40625,8.49625,9.25375,8.37875],"rotation":0,"texture":"#0","tintindex":0},"north":{"uv":[9.40625,8.49625,9.25375,8.37875],"rotation":0,"texture":"#0","tintindex":0},"west":{"uv":[9.40625,8.49625,9.25375,8.37875],"rotation":0,"texture":"#0","tintindex":0},"up":{"uv":[9.40625,8.49625,9.25375,8.37875],"rotation":0,"texture":"#0","tintindex":0},"down":{"uv":[9.40625,8.49625,9.25375,8.37875],"rotation":0,"texture":"#0","tintindex":0}}},{"from":[8.0,0.28571415,-5.714287],"to":[8.0,15.714286,32.0],"rotation":{"angle":0.0,"axis":"y","origin":[8.0,8.0,8.42857]},"faces":{"east":{"uv":[0.00375,0.56625,1.37125,1.12125],"rotation":0,"texture":"#0","tintindex":0},"south":{"uv":[0.00375,0.00375,0.00375,0.55875],"rotation":0,"texture":"#0","tintindex":0},"north":{"uv":[0.00375,0.00375,0.00375,0.55875],"rotation":0,"texture":"#0","tintindex":0},"west":{"uv":[1.37125,0.56625,0.00375,1.12125],"rotation":0,"texture":"#0","tintindex":0},"up":{"uv":[0.00375,0.00375,0.00375,1.37125],"rotation":0,"texture":"#0","tintindex":0},"down":{"uv":[0.00375,1.37125,0.00375,0.00375],"rotation":0,"texture":"#0","tintindex":0}}},{"from":[7.142857,6.714286,-5.714287],"to":[8.857143,9.285714,9.714287],"rotation":{"angle":0.0,"axis":"y","origin":[8.428572,9.285714,8.42857]},"faces":{"east":{"uv":[8.68375,3.50375,8.12875,3.59375],"rotation":0,"texture":"#0","tintindex":0},"south":{"uv":[4.12125,9.56625,4.06625,9.65625],"rotation":0,"texture":"#0","tintindex":0},"north":{"uv":[4.18375,9.56625,4.12875,9.65625],"rotation":0,"texture":"#0","tintindex":0},"west":{"uv":[8.74625,2.37875,8.19125,2.46875],"rotation":0,"texture":"#0","tintindex":0},"up":{"uv":[5.93375,7.19125,5.87875,7.74625],"rotation":0,"texture":"#0","tintindex":0},"down":{"uv":[1.62125,9.18375,1.56625,8.62875],"rotation":0,"texture":"#0","tintindex":0}}},{"from":[7.142857,7.142857,9.714287],"to":[8.857143,8.857143,13.142857],"rotation":{"angle":0.0,"axis":"y","origin":[8.428572,9.285714,11.857143]},"faces":{"east":{"uv":[5.74625,9.50375,5.62875,9.55875],"rotation":0,"texture":"#0","tintindex":0},"south":{"uv":[8.30875,7.12875,8.25375,7.18375],"rotation":0,"texture":"#0","tintindex":0},"north":{"uv":[0.68375,8.50375,0.62875,8.55875],"rotation":0,"texture":"#0","tintindex":0},"west":{"uv":[5.87125,9.50375,5.75375,9.55875],"rotation":0,"texture":"#0","tintindex":0},"up":{"uv":[9.55875,5.75375,9.50375,5.87125],"rotation":0,"texture":"#0","tintindex":0},"down":{"uv":[5.93375,9.62125,5.87875,9.50375],"rotation":0,"texture":"#0","tintindex":0}}},{"from":[7.142857,7.5714283,13.142857],"to":[8.857143,8.428572,14.857143],"rotation":{"angle":0.0,"axis":"y","origin":[8.428572,9.285714,13.57143]},"faces":{"east":{"uv":[8.62125,7.06625,8.56625,7.09375],"rotation":0,"texture":"#0","tintindex":0},"south":{"uv":[6.18375,8.56625,6.12875,8.59375],"rotation":0,"texture":"#0","tintindex":0},"north":{"uv":[6.37125,8.62875,6.31625,8.65625],"rotation":0,"texture":"#0","tintindex":0},"west":{"uv":[8.05875,8.62875,8.00375,8.65625],"rotation":0,"texture":"#0","tintindex":0},"up":{"uv":[8.62125,3.94125,8.56625,3.99625],"rotation":0,"texture":"#0","tintindex":0},"down":{"uv":[8.62125,5.80875,8.56625,5.75375],"rotation":0,"texture":"#0","tintindex":0}}},{"from":[7.5714283,1.9999995,-4.0],"to":[7.5714283,14.0,25.142857],"rotation":{"angle":0.0,"axis":"y","origin":[7.5714283,8.0,10.142857]},"faces":{"east":{"uv":[2.75375,1.06625,3.80875,1.49625],"rotation":0,"texture":"#0","tintindex":0},"south":{"uv":[0.00375,0.00375,0.00375,0.43375],"rotation":0,"texture":"#0","tintindex":0},"north":{"uv":[0.00375,0.00375,0.00375,0.43375],"rotation":0,"texture":"#0","tintindex":0},"west":{"uv":[3.80875,1.06625,2.75375,1.49625],"rotation":0,"texture":"#0","tintindex":0},"up":{"uv":[0.00375,0.00375,0.00375,1.05875],"rotation":0,"texture":"#0","tintindex":0},"down":{"uv":[0.00375,1.05875,0.00375,0.00375],"rotation":0,"texture":"#0","tintindex":0}}},{"from":[8.428572,1.9999995,-4.0],"to":[8.428572,14.0,25.142857],"rotation":{"angle":0.0,"axis":"y","origin":[8.428572,8.0,10.142857]},"faces":{"east":{"uv":[2.75375,1.06625,3.80875,1.49625],"rotation":0,"texture":"#0","tintindex":0},"south":{"uv":[0.00375,0.00375,0.00375,0.43375],"rotation":0,"texture":"#0","tintindex":0},"north":{"uv":[0.00375,0.00375,0.00375,0.43375],"rotation":0,"texture":"#0","tintindex":0},"west":{"uv":[3.80875,1.06625,2.75375,1.49625],"rotation":0,"texture":"#0","tintindex":0},"up":{"uv":[0.00375,0.00375,0.00375,1.05875],"rotation":0,"texture":"#0","tintindex":0},"down":{"uv":[0.00375,1.05875,0.00375,0.00375],"rotation":0,"texture":"#0","tintindex":0}}}],"display":{"head":{"translation":[0.0,-6.4,157.7143],"scale":[4.0,4.0,4.0]}}}