{"textures":{"0":"modelengine:entity/pasted"},"elements":[{"from":[7.0,4.5,-16.0],"to":[9.0,11.5,14.0],"faces":{"east":{"uv":[6.90625,1.59375,7.375,1.703125],"tintindex":0,"rotation":0,"texture":"#0"},"south":{"uv":[7.578125,2.859375,7.609375,2.96875],"tintindex":0,"rotation":0,"texture":"#0"},"north":{"uv":[7.578125,2.734375,7.609375,2.84375],"tintindex":0,"rotation":0,"texture":"#0"},"west":{"uv":[6.9375,0.703125,7.40625,0.8125],"tintindex":0,"rotation":0,"texture":"#0"},"up":{"uv":[6.96875,7.84375,6.9375,7.375],"tintindex":0,"rotation":0,"texture":"#0"},"down":{"uv":[2.140625,7.4375,2.109375,7.90625],"tintindex":0,"rotation":0,"texture":"#0"}}}],"display":{"gui":{"rotation":[30,225,0]}}}