{"textures":{"0":"modelengine:entity/pasted"},"elements":[{"from":[5.25,7.75,-4.000002],"to":[6.25,11.75,20.0],"faces":{"east":{"uv":[5.953125,2.21875,6.703125,2.34375],"tintindex":0,"rotation":0,"texture":"#0"},"south":{"uv":[1.453125,7.578125,1.484375,7.703125],"tintindex":0,"rotation":0,"texture":"#0"},"north":{"uv":[3.453125,4.34375,3.484375,4.46875],"tintindex":0,"rotation":0,"texture":"#0"},"west":{"uv":[6.09375,0.984375,6.84375,1.109375],"tintindex":0,"rotation":0,"texture":"#0"},"up":{"uv":[2.28125,7.859375,2.25,7.109375],"tintindex":0,"rotation":0,"texture":"#0"},"down":{"uv":[6.203125,7.1875,6.171875,7.9375],"tintindex":0,"rotation":0,"texture":"#0"}}},{"from":[-8.75,7.75,-4.000002],"to":[-7.75,11.75,20.0],"faces":{"east":{"uv":[6.09375,1.125,6.84375,1.25],"tintindex":0,"rotation":0,"texture":"#0"},"south":{"uv":[2.203125,7.578125,2.234375,7.703125],"tintindex":0,"rotation":0,"texture":"#0"},"north":{"uv":[2.15625,7.578125,2.1875,7.703125],"tintindex":0,"rotation":0,"texture":"#0"},"west":{"uv":[6.140625,1.59375,6.890625,1.71875],"tintindex":0,"rotation":0,"texture":"#0"},"up":{"uv":[7.296875,7.859375,7.265625,7.109375],"tintindex":0,"rotation":0,"texture":"#0"},"down":{"uv":[4.578125,7.28125,4.546875,8.03125],"tintindex":0,"rotation":0,"texture":"#0"}}}],"display":{"gui":{"rotation":[30,225,0]}}}