{"textures":{"0":"modelengine:entity/pasted"},"elements":[{"from":[6.0,8.25,7.75],"to":[10.0,9.5,29.25],"faces":{"east":{"uv":[5.921875,1.40625,7.265625,1.484375],"tintindex":0,"rotation":0,"texture":"#0"},"south":{"uv":[7.40625,3.28125,7.65625,3.359375],"tintindex":0,"rotation":0,"texture":"#0"},"north":{"uv":[3.265625,7.40625,3.515625,7.484375],"tintindex":0,"rotation":0,"texture":"#0"},"west":{"uv":[5.921875,1.5,7.265625,1.578125],"tintindex":0,"rotation":0,"texture":"#0"},"up":{"uv":[0.984375,4.6875,0.734375,3.34375],"tintindex":0,"rotation":0,"texture":"#0"},"down":{"uv":[1.25,3.34375,1.0,4.6875],"tintindex":0,"rotation":0,"texture":"#0"}}},{"from":[4.75,7.0,-2.0],"to":[11.25,8.25,19.5],"faces":{"east":{"uv":[5.578125,0.796875,6.921875,0.875],"tintindex":0,"rotation":0,"texture":"#0"},"south":{"uv":[6.65625,7.109375,7.0625,7.1875],"tintindex":0,"rotation":0,"texture":"#0"},"north":{"uv":[7.109375,3.71875,7.515625,3.796875],"tintindex":0,"rotation":0,"texture":"#0"},"west":{"uv":[5.578125,0.890625,6.921875,0.96875],"tintindex":0,"rotation":0,"texture":"#0"},"up":{"uv":[1.25,2.703125,0.84375,1.359375],"tintindex":0,"rotation":0,"texture":"#0"},"down":{"uv":[1.671875,1.359375,1.265625,2.703125],"tintindex":0,"rotation":0,"texture":"#0"}}}],"display":{"gui":{"rotation":[30,225,0]}}}