{"textures":{"0":"modelengine:entity/pasted"},"elements":[{"from":[-3.0,7.0,-11.0],"to":[19.0,9.0,27.0],"faces":{"east":{"uv":[7.40625,7.0,8.0,7.03125],"tintindex":0,"rotation":0,"texture":"#0"},"south":{"uv":[7.46875,1.859375,7.8125,1.890625],"tintindex":0,"rotation":0,"texture":"#0"},"north":{"uv":[7.46875,1.8125,7.8125,1.84375],"tintindex":0,"rotation":0,"texture":"#0"},"west":{"uv":[7.40625,7.046875,8.0,7.078125],"tintindex":0,"rotation":0,"texture":"#0"},"up":{"uv":[5.359375,5.609375,5.015625,5.015625],"tintindex":0,"rotation":0,"texture":"#0"},"down":{"uv":[5.46875,1.96875,5.125,2.5625],"tintindex":0,"rotation":0,"texture":"#0"}}}],"display":{"gui":{"rotation":[30,225,0]}}}