{"textures":{"0":"modelengine:entity/pasted"},"elements":[{"from":[4.25,3.75,-7.0],"to":[11.75,13.25,23.0],"faces":{"east":{"uv":[2.5,4.171875,3.4375,4.46875],"tintindex":0,"rotation":0,"texture":"#0"},"south":{"uv":[6.609375,3.625,6.84375,3.921875],"tintindex":0,"rotation":0,"texture":"#0"},"north":{"uv":[6.4375,6.578125,6.671875,6.875],"tintindex":0,"rotation":0,"texture":"#0"},"west":{"uv":[4.390625,1.09375,5.328125,1.390625],"tintindex":0,"rotation":0,"texture":"#0"},"up":{"uv":[3.484375,5.421875,3.25,4.484375],"tintindex":0,"rotation":0,"texture":"#0"},"down":{"uv":[0.859375,4.703125,0.625,5.640625],"tintindex":0,"rotation":0,"texture":"#0"}}}],"display":{"gui":{"rotation":[30,225,0]}}}