{"textures":{"0":"modelengine:entity/pasted"},"elements":[{"from":[4.25,3.75,-7.0],"to":[11.75,13.25,15.5],"faces":{"east":{"uv":[4.921875,4.703125,5.625,5.0],"tintindex":0,"rotation":0,"texture":"#0"},"south":{"uv":[6.1875,6.53125,6.421875,6.828125],"tintindex":0,"rotation":0,"texture":"#0"},"north":{"uv":[5.9375,6.53125,6.171875,6.828125],"tintindex":0,"rotation":0,"texture":"#0"},"west":{"uv":[4.9375,3.734375,5.640625,4.03125],"tintindex":0,"rotation":0,"texture":"#0"},"up":{"uv":[4.59375,5.96875,4.359375,5.265625],"tintindex":0,"rotation":0,"texture":"#0"},"down":{"uv":[3.34375,5.4375,3.109375,6.140625],"tintindex":0,"rotation":0,"texture":"#0"}}}],"display":{"gui":{"rotation":[30,225,0]}}}