{"textures":{"0":"modelengine:entity/pasted"},"elements":[{"from":[3.0,7.0,-4.000002],"to":[8.5,7.5,20.0],"faces":{"east":{"uv":[7.296875,3.59375,8.046875,3.609375],"tintindex":0,"rotation":0,"texture":"#0"},"south":{"uv":[6.5,2.171875,6.671875,2.1875],"tintindex":0,"rotation":0,"texture":"#0"},"north":{"uv":[6.3125,6.265625,6.484375,6.28125],"tintindex":0,"rotation":0,"texture":"#0"},"west":{"uv":[7.40625,3.46875,8.15625,3.484375],"tintindex":0,"rotation":0,"texture":"#0"},"up":{"uv":[5.90625,2.15625,5.734375,1.40625],"tintindex":0,"rotation":0,"texture":"#0"},"down":{"uv":[4.109375,5.734375,3.9375,6.484375],"tintindex":0,"rotation":0,"texture":"#0"}}}],"display":{"gui":{"rotation":[30,225,0]}}}