{"textures":{"0":"modelengine:entity/pasted"},"elements":[{"from":[7.0,0.4999981,3.0],"to":[9.0,15.5,13.0],"faces":{"east":{"uv":[5.59375,6.53125,5.75,6.765625],"tintindex":0,"rotation":0,"texture":"#0"},"south":{"uv":[4.3125,5.734375,4.34375,5.96875],"tintindex":0,"rotation":0,"texture":"#0"},"north":{"uv":[4.609375,5.265625,4.640625,5.5],"tintindex":0,"rotation":0,"texture":"#0"},"west":{"uv":[7.0625,1.71875,7.21875,1.953125],"tintindex":0,"rotation":0,"texture":"#0"},"up":{"uv":[2.0,5.8125,1.96875,5.65625],"tintindex":0,"rotation":0,"texture":"#0"},"down":{"uv":[4.46875,6.6875,4.4375,6.84375],"tintindex":0,"rotation":0,"texture":"#0"}}}],"display":{"gui":{"rotation":[30,225,0]}}}