{"textures":{"0":"modelengine:entity/pasted"},"elements":[{"from":[6.1666665,-0.33333397,-15.0],"to":[9.833333,11.333334,0.33333302],"faces":{"east":{"uv":[2.921875,0.625,3.640625,1.171875],"tintindex":0,"rotation":0,"texture":"#0"},"south":{"uv":[5.984375,4.609375,6.15625,5.15625],"tintindex":0,"rotation":0,"texture":"#0"},"north":{"uv":[4.3125,5.984375,4.484375,6.53125],"tintindex":0,"rotation":0,"texture":"#0"},"west":{"uv":[2.171875,3.296875,2.890625,3.84375],"tintindex":0,"rotation":0,"texture":"#0"},"up":{"uv":[0.90625,6.484375,0.734375,5.765625],"tintindex":0,"rotation":0,"texture":"#0"},"down":{"uv":[3.53125,5.78125,3.359375,6.5],"tintindex":0,"rotation":0,"texture":"#0"}}},{"from":[6.1666665,2.1666665,0.33333302],"to":[9.833333,11.5,17.0],"faces":{"east":{"uv":[3.375,2.046875,4.15625,2.484375],"tintindex":0,"rotation":0,"texture":"#0"},"south":{"uv":[1.0625,6.296875,1.234375,6.734375],"tintindex":0,"rotation":0,"texture":"#0"},"north":{"uv":[2.5,6.171875,2.671875,6.609375],"tintindex":0,"rotation":0,"texture":"#0"},"west":{"uv":[3.375,2.5,4.15625,2.9375],"tintindex":0,"rotation":0,"texture":"#0"},"up":{"uv":[4.78125,6.40625,4.609375,5.625],"tintindex":0,"rotation":0,"texture":"#0"},"down":{"uv":[4.96875,5.625,4.796875,6.40625],"tintindex":0,"rotation":0,"texture":"#0"}}}],"display":{"gui":{"rotation":[30,225,0]}}}