{"textures":{"0":"modelengine:entity/pasted"},"elements":[{"from":[7.5,6.25,-7.0],"to":[8.5,9.75,17.0],"faces":{"east":{"uv":[6.3125,2.65625,7.0625,2.765625],"tintindex":0,"rotation":0,"texture":"#0"},"south":{"uv":[3.90625,7.578125,3.9375,7.6875],"tintindex":0,"rotation":0,"texture":"#0"},"north":{"uv":[3.859375,7.578125,3.890625,7.6875],"tintindex":0,"rotation":0,"texture":"#0"},"west":{"uv":[6.3125,4.21875,7.0625,4.328125],"tintindex":0,"rotation":0,"texture":"#0"},"up":{"uv":[1.890625,8.0625,1.859375,7.3125],"tintindex":0,"rotation":0,"texture":"#0"},"down":{"uv":[1.9375,7.3125,1.90625,8.0625],"tintindex":0,"rotation":0,"texture":"#0"}}}],"display":{"gui":{"rotation":[30,225,0]}}}