{"textures":{"0":"modelengine:entity/pasted"},"elements":[{"from":[6.0,4.0,-7.0],"to":[10.0,12.0,23.5],"faces":{"east":{"uv":[4.4375,3.46875,5.390625,3.71875],"tintindex":0,"rotation":0,"texture":"#0"},"south":{"uv":[3.765625,6.515625,3.890625,6.765625],"tintindex":0,"rotation":0,"texture":"#0"},"north":{"uv":[5.640625,4.640625,5.765625,4.890625],"tintindex":0,"rotation":0,"texture":"#0"},"west":{"uv":[4.453125,0.0,5.40625,0.25],"tintindex":0,"rotation":0,"texture":"#0"},"up":{"uv":[2.015625,6.796875,1.890625,5.84375],"tintindex":0,"rotation":0,"texture":"#0"},"down":{"uv":[2.15625,5.84375,2.03125,6.796875],"tintindex":0,"rotation":0,"texture":"#0"}}}],"display":{"gui":{"rotation":[30,225,0]}}}