{"textures":{"0":"modelengine:entity/pasted"},"elements":[{"from":[6.0,1.5,-4.5],"to":[12.0,16.5,15.5],"faces":{"east":{"uv":[4.84375,6.421875,5.15625,6.65625],"tintindex":0,"rotation":0,"texture":"#0"},"south":{"uv":[3.15625,7.3125,3.25,7.546875],"tintindex":0,"rotation":0,"texture":"#0"},"north":{"uv":[7.296875,3.25,7.390625,3.484375],"tintindex":0,"rotation":0,"texture":"#0"},"west":{"uv":[6.46875,1.734375,6.78125,1.96875],"tintindex":0,"rotation":0,"texture":"#0"},"up":{"uv":[3.421875,7.390625,3.328125,7.078125],"tintindex":0,"rotation":0,"texture":"#0"},"down":{"uv":[3.53125,7.078125,3.4375,7.390625],"tintindex":0,"rotation":0,"texture":"#0"}}}],"display":{"gui":{"rotation":[30,225,0]}}}