{"textures":{"0":"modelengine:entity/pasted"},"elements":[{"from":[5.5,0.0,5.5],"to":[10.5,17.0,11.5],"faces":{"east":{"uv":[7.15625,5.109375,7.25,5.375],"tintindex":0,"rotation":0,"texture":"#0"},"south":{"uv":[5.8125,7.359375,5.890625,7.625],"tintindex":0,"rotation":0,"texture":"#0"},"north":{"uv":[0.265625,7.359375,0.34375,7.625],"tintindex":0,"rotation":0,"texture":"#0"},"west":{"uv":[7.15625,7.109375,7.25,7.375],"tintindex":0,"rotation":0,"texture":"#0"},"up":{"uv":[0.078125,7.609375,0.0,7.515625],"tintindex":0,"rotation":0,"texture":"#0"},"down":{"uv":[0.515625,7.515625,0.4375,7.609375],"tintindex":0,"rotation":0,"texture":"#0"}}},{"from":[5.75,-16.0,4.5],"to":[10.75,1.0,10.5],"faces":{"east":{"uv":[6.34375,7.171875,6.4375,7.4375],"tintindex":0,"rotation":0,"texture":"#0"},"south":{"uv":[6.84375,7.375,6.921875,7.640625],"tintindex":0,"rotation":0,"texture":"#0"},"north":{"uv":[6.75,7.375,6.828125,7.640625],"tintindex":0,"rotation":0,"texture":"#0"},"west":{"uv":[6.453125,7.171875,6.546875,7.4375],"tintindex":0,"rotation":0,"texture":"#0"},"up":{"uv":[5.1875,7.640625,5.109375,7.546875],"tintindex":0,"rotation":0,"texture":"#0"},"down":{"uv":[6.4375,7.546875,6.359375,7.640625],"tintindex":0,"rotation":0,"texture":"#0"}}}],"display":{"gui":{"rotation":[30,225,0]}}}