{"textures":{"0":"modelengine:entity/pasted"},"elements":[{"from":[-3.0,4.25,-4.5],"to":[10.0,6.75,10.0],"faces":{"east":{"uv":[3.65625,1.09375,4.109375,1.171875],"tintindex":0,"rotation":0,"texture":"#0"},"south":{"uv":[7.109375,1.046875,7.515625,1.125],"tintindex":0,"rotation":0,"texture":"#0"},"north":{"uv":[7.109375,0.953125,7.515625,1.03125],"tintindex":0,"rotation":0,"texture":"#0"},"west":{"uv":[6.3125,4.515625,6.765625,4.59375],"tintindex":0,"rotation":0,"texture":"#0"},"up":{"uv":[4.34375,5.71875,3.9375,5.265625],"tintindex":0,"rotation":0,"texture":"#0"},"down":{"uv":[5.78125,5.015625,5.375,5.46875],"tintindex":0,"rotation":0,"texture":"#0"}}}],"display":{"gui":{"rotation":[30,225,0]}}}