{"textures":{"0":"modelengine:entity/pasted"},"elements":[{"from":[2.4490943,6.8442955,6.984571],"to":[3.020523,7.7014384,10.413143],"faces":{"east":{"uv":[7.078125,2.5,7.453125,2.59375],"tintindex":0,"rotation":0,"texture":"#0"},"south":{"uv":[3.125,7.5625,3.1875,7.65625],"tintindex":0,"rotation":0,"texture":"#0"},"north":{"uv":[2.890625,7.5625,2.953125,7.65625],"tintindex":0,"rotation":0,"texture":"#0"},"west":{"uv":[7.078125,2.609375,7.453125,2.703125],"tintindex":0,"rotation":0,"texture":"#0"},"up":{"uv":[4.734375,7.65625,4.671875,7.28125],"tintindex":0,"rotation":0,"texture":"#0"},"down":{"uv":[7.359375,0.25,7.296875,0.625],"tintindex":0,"rotation":0,"texture":"#0"}}},{"from":[6.142857,3.142857,-5.5714293],"to":[9.857143,3.8571424,8.714286],"faces":{"east":{"uv":[5.421875,0.0,6.984375,0.078125],"tintindex":0,"rotation":0,"texture":"#0"},"south":{"uv":[5.8125,7.09375,6.21875,7.171875],"tintindex":0,"rotation":0,"texture":"#0"},"north":{"uv":[7.078125,4.21875,7.484375,4.296875],"tintindex":0,"rotation":0,"texture":"#0"},"west":{"uv":[5.421875,0.09375,6.984375,0.171875],"tintindex":0,"rotation":0,"texture":"#0"},"up":{"uv":[0.40625,1.5625,0.0,0.0],"tintindex":0,"rotation":0,"texture":"#0"},"down":{"uv":[0.828125,0.0,0.421875,1.5625],"tintindex":0,"rotation":0,"texture":"#0"}}},{"from":[9.285714,5.1963387,0.01794672],"to":[11.428572,7.3391957,2.1608038],"faces":{"east":{"uv":[6.859375,0.984375,7.09375,1.21875],"tintindex":0,"rotation":0,"texture":"#0"},"south":{"uv":[2.046875,6.859375,2.28125,7.09375],"tintindex":0,"rotation":0,"texture":"#0"},"north":{"uv":[6.6875,6.84375,6.921875,7.078125],"tintindex":0,"rotation":0,"texture":"#0"},"west":{"uv":[6.859375,3.625,7.09375,3.859375],"tintindex":0,"rotation":0,"texture":"#0"},"up":{"uv":[4.265625,7.09375,4.03125,6.859375],"tintindex":0,"rotation":0,"texture":"#0"},"down":{"uv":[2.890625,6.875,2.65625,7.109375],"tintindex":0,"rotation":0,"texture":"#0"}},"rotation":{"origin":[10.357143,6.267767,1.0893755],"angle":45.0,"axis":"x"}},{"from":[9.5,4.1071424,-6.714287],"to":[10.071428,6.392857,-2.5714293],"faces":{"east":{"uv":[2.921875,1.1875,3.375,1.4375],"tintindex":0,"rotation":0,"texture":"#0"},"south":{"uv":[1.953125,7.4375,2.015625,7.6875],"tintindex":0,"rotation":0,"texture":"#0"},"north":{"uv":[7.421875,7.09375,7.484375,7.34375],"tintindex":0,"rotation":0,"texture":"#0"},"west":{"uv":[2.171875,3.015625,2.625,3.265625],"tintindex":0,"rotation":0,"texture":"#0"},"up":{"uv":[4.171875,7.5625,4.109375,7.109375],"tintindex":0,"rotation":0,"texture":"#0"},"down":{"uv":[4.25,7.109375,4.1875,7.5625],"tintindex":0,"rotation":0,"texture":"#0"}},"rotation":{"origin":[9.785714,5.25,-4.5714293],"angle":-22.5,"axis":"x"}},{"from":[9.721406,4.7097616,-7.9964085],"to":[10.149977,5.852618,-7.42498],"faces":{"east":{"uv":[3.453125,7.5,3.515625,7.625],"tintindex":0,"rotation":0,"texture":"#0"},"south":{"uv":[5.109375,6.671875,5.15625,6.796875],"tintindex":0,"rotation":0,"texture":"#0"},"north":{"uv":[4.4375,6.546875,4.484375,6.671875],"tintindex":0,"rotation":0,"texture":"#0"},"west":{"uv":[7.5,5.90625,7.5625,6.03125],"tintindex":0,"rotation":0,"texture":"#0"},"up":{"uv":[2.21875,6.53125,2.171875,6.46875],"tintindex":0,"rotation":0,"texture":"#0"},"down":{"uv":[1.234375,6.921875,1.1875,6.984375],"tintindex":0,"rotation":0,"texture":"#0"}},"rotation":{"origin":[9.935692,5.28119,-7.7106943],"angle":45.0,"axis":"y"}},{"from":[9.5,3.6631112,-6.498308],"to":[10.071428,4.520254,-2.3554506],"faces":{"east":{"uv":[6.9375,7.0,7.390625,7.09375],"tintindex":0,"rotation":0,"texture":"#0"},"south":{"uv":[2.8125,7.5625,2.875,7.65625],"tintindex":0,"rotation":0,"texture":"#0"},"north":{"uv":[2.734375,7.5625,2.796875,7.65625],"tintindex":0,"rotation":0,"texture":"#0"},"west":{"uv":[0.921875,7.015625,1.375,7.109375],"tintindex":0,"rotation":0,"texture":"#0"},"up":{"uv":[7.140625,7.5625,7.078125,7.109375],"tintindex":0,"rotation":0,"texture":"#0"},"down":{"uv":[0.984375,7.125,0.921875,7.578125],"tintindex":0,"rotation":0,"texture":"#0"}}},{"from":[14.83662,6.4157243,8.698857],"to":[15.693763,7.272867,9.127428],"faces":{"east":{"uv":[3.203125,6.71875,3.25,6.8125],"tintindex":0,"rotation":0,"texture":"#0"},"south":{"uv":[1.640625,7.46875,1.734375,7.5625],"tintindex":0,"rotation":0,"texture":"#0"},"north":{"uv":[0.734375,5.65625,0.828125,5.75],"tintindex":0,"rotation":0,"texture":"#0"},"west":{"uv":[5.109375,6.8125,5.15625,6.90625],"tintindex":0,"rotation":0,"texture":"#0"},"up":{"uv":[0.71875,4.671875,0.625,4.625],"tintindex":0,"rotation":0,"texture":"#0"},"down":{"uv":[5.21875,2.578125,5.125,2.625],"tintindex":0,"rotation":0,"texture":"#0"}},"rotation":{"origin":[15.33662,6.8442955,9.127428],"angle":45.0,"axis":"x"}},{"from":[9.857143,9.428572,4.714286],"to":[11.714286,11.857143,14.285715],"faces":{"east":{"uv":[4.171875,2.65625,5.21875,2.921875],"tintindex":0,"rotation":0,"texture":"#0"},"south":{"uv":[4.28125,6.859375,4.484375,7.125],"tintindex":0,"rotation":0,"texture":"#0"},"north":{"uv":[1.453125,2.71875,1.65625,2.984375],"tintindex":0,"rotation":0,"texture":"#0"},"west":{"uv":[4.390625,1.40625,5.4375,1.671875],"tintindex":0,"rotation":0,"texture":"#0"},"up":{"uv":[1.078125,5.75,0.875,4.703125],"tintindex":0,"rotation":0,"texture":"#0"},"down":{"uv":[3.703125,4.71875,3.5,5.765625],"tintindex":0,"rotation":0,"texture":"#0"}}},{"from":[4.5714283,8.857143,5.285714],"to":[6.142857,9.428572,13.857143],"faces":{"east":{"uv":[6.609375,4.015625,7.546875,4.078125],"tintindex":0,"rotation":0,"texture":"#0"},"south":{"uv":[7.46875,0.296875,7.640625,0.359375],"tintindex":0,"rotation":0,"texture":"#0"},"north":{"uv":[7.46875,0.21875,7.640625,0.28125],"tintindex":0,"rotation":0,"texture":"#0"},"west":{"uv":[6.71875,2.171875,7.65625,2.234375],"tintindex":0,"rotation":0,"texture":"#0"},"up":{"uv":[1.875,6.46875,1.703125,5.53125],"tintindex":0,"rotation":0,"texture":"#0"},"down":{"uv":[2.40625,5.59375,2.234375,6.53125],"tintindex":0,"rotation":0,"texture":"#0"}}},{"from":[9.428572,3.5714283,-0.4285717],"to":[11.571428,6.285714,8.285714],"faces":{"east":{"uv":[3.65625,0.78125,4.609375,1.078125],"tintindex":0,"rotation":0,"texture":"#0"},"south":{"uv":[3.515625,6.515625,3.75,6.8125],"tintindex":0,"rotation":0,"texture":"#0"},"north":{"uv":[3.265625,6.515625,3.5,6.8125],"tintindex":0,"rotation":0,"texture":"#0"},"west":{"uv":[2.5,3.859375,3.453125,4.15625],"tintindex":0,"rotation":0,"texture":"#0"},"up":{"uv":[1.5,5.234375,1.265625,4.28125],"tintindex":0,"rotation":0,"texture":"#0"},"down":{"uv":[1.75,4.28125,1.515625,5.234375],"tintindex":0,"rotation":0,"texture":"#0"}}},{"from":[4.5714283,5.1963387,0.01794672],"to":[6.714286,7.3391957,2.1608038],"faces":{"east":{"uv":[3.203125,6.828125,3.4375,7.0625],"tintindex":0,"rotation":0,"texture":"#0"},"south":{"uv":[3.453125,6.828125,3.6875,7.0625],"tintindex":0,"rotation":0,"texture":"#0"},"north":{"uv":[0.46875,3.046875,0.703125,3.28125],"tintindex":0,"rotation":0,"texture":"#0"},"west":{"uv":[5.34375,6.84375,5.578125,7.078125],"tintindex":0,"rotation":0,"texture":"#0"},"up":{"uv":[6.09375,7.078125,5.859375,6.84375],"tintindex":0,"rotation":0,"texture":"#0"},"down":{"uv":[6.34375,6.84375,6.109375,7.078125],"tintindex":0,"rotation":0,"texture":"#0"}},"rotation":{"origin":[5.642857,6.267767,1.0893755],"angle":45.0,"axis":"x"}},{"from":[9.607143,3.6785712,-2.8571434],"to":[10.178572,7.107143,8.285714],"faces":{"east":{"uv":[1.6875,0.0,2.90625,0.375],"tintindex":0,"rotation":0,"texture":"#0"},"south":{"uv":[4.59375,7.28125,4.65625,7.65625],"tintindex":0,"rotation":0,"texture":"#0"},"north":{"uv":[7.265625,5.109375,7.328125,5.484375],"tintindex":0,"rotation":0,"texture":"#0"},"west":{"uv":[1.6875,0.390625,2.90625,0.765625],"tintindex":0,"rotation":0,"texture":"#0"},"up":{"uv":[2.484375,6.8125,2.421875,5.59375],"tintindex":0,"rotation":0,"texture":"#0"},"down":{"uv":[0.25,5.9375,0.1875,7.15625],"tintindex":0,"rotation":0,"texture":"#0"}}},{"from":[7.714286,5.785714,29.07143],"to":[8.285714,13.071428,31.357143],