{"textures":{"0":"modelengine:entity/pasted"},"elements":[{"from":[1.5,19.0,13.25],"to":[4.75,23.25,30.0],"faces":{"east":{"uv":[4.390625,1.6875,5.4375,1.953125],"tintindex":0,"rotation":0,"texture":"#0"},"south":{"uv":[0.34375,6.90625,0.546875,7.171875],"tintindex":0,"rotation":0,"texture":"#0"},"north":{"uv":[6.359375,6.890625,6.5625,7.15625],"tintindex":0,"rotation":0,"texture":"#0"},"west":{"uv":[3.96875,4.421875,5.015625,4.6875],"tintindex":0,"rotation":0,"texture":"#0"},"up":{"uv":[3.921875,5.765625,3.71875,4.71875],"tintindex":0,"rotation":0,"texture":"#0"},"down":{"uv":[2.21875,4.78125,2.015625,5.828125],"tintindex":0,"rotation":0,"texture":"#0"}}},{"from":[4.375,9.6875,-6.75],"to":[5.375,13.6875,0.5],"faces":{"east":{"uv":[0.0,3.046875,0.453125,3.296875],"tintindex":0,"rotation":0,"texture":"#0"},"south":{"uv":[0.15625,7.453125,0.21875,7.703125],"tintindex":0,"rotation":0,"texture":"#0"},"north":{"uv":[7.4375,5.640625,7.5,5.890625],"tintindex":0,"rotation":0,"texture":"#0"},"west":{"uv":[5.484375,2.171875,5.9375,2.421875],"tintindex":0,"rotation":0,"texture":"#0"},"up":{"uv":[1.0625,7.578125,1.0,7.125],"tintindex":0,"rotation":0,"texture":"#0"},"down":{"uv":[1.140625,7.125,1.078125,7.578125],"tintindex":0,"rotation":0,"texture":"#0"}},"rotation":{"origin":[4.875,11.6875,-3.0],"angle":-22.5,"axis":"x"}},{"from":[1.75,8.75,4.25],"to":[5.5,13.5,19.5],"faces":{"east":{"uv":[3.96875,3.796875,4.921875,4.09375],"tintindex":0,"rotation":0,"texture":"#0"},"south":{"uv":[2.6875,6.5625,2.921875,6.859375],"tintindex":0,"rotation":0,"texture":"#0"},"north":{"uv":[4.1875,6.546875,4.421875,6.84375],"tintindex":0,"rotation":0,"texture":"#0"},"west":{"uv":[3.96875,4.109375,4.921875,4.40625],"tintindex":0,"rotation":0,"texture":"#0"},"up":{"uv":[2.0,5.234375,1.765625,4.28125],"tintindex":0,"rotation":0,"texture":"#0"},"down":{"uv":[2.734375,4.484375,2.5,5.4375],"tintindex":0,"rotation":0,"texture":"#0"}}},{"from":[4.1875,8.9375,0.0],"to":[5.1875,14.9375,19.5],"faces":{"east":{"uv":[1.6875,0.78125,2.90625,1.15625],"tintindex":0,"rotation":0,"texture":"#0"},"south":{"uv":[1.78125,7.3125,1.84375,7.6875],"tintindex":0,"rotation":0,"texture":"#0"},"north":{"uv":[7.296875,2.859375,7.359375,3.234375],"tintindex":0,"rotation":0,"texture":"#0"},"west":{"uv":[1.6875,1.171875,2.90625,1.546875],"tintindex":0,"rotation":0,"texture":"#0"},"up":{"uv":[0.328125,7.15625,0.265625,5.9375],"tintindex":0,"rotation":0,"texture":"#0"},"down":{"uv":[4.5625,5.984375,4.5,7.203125],"tintindex":0,"rotation":0,"texture":"#0"}}},{"from":[10.0,13.0,19.25],"to":[12.75,22.75,30.75],"faces":{"east":{"uv":[0.71875,2.71875,1.4375,3.328125],"tintindex":0,"rotation":0,"texture":"#0"},"south":{"uv":[5.953125,1.59375,6.125,2.203125],"tintindex":0,"rotation":0,"texture":"#0"},"north":{"uv":[5.9375,5.828125,6.109375,6.4375],"tintindex":0,"rotation":0,"texture":"#0"},"west":{"uv":[2.921875,0.0,3.640625,0.609375],"tintindex":0,"rotation":0,"texture":"#0"},"up":{"uv":[3.71875,6.5,3.546875,5.78125],"tintindex":0,"rotation":0,"texture":"#0"},"down":{"uv":[3.90625,5.78125,3.734375,6.5],"tintindex":0,"rotation":0,"texture":"#0"}}}],"display":{"gui":{"rotation":[30,225,0]}}}