{"textures":{"0":"modelengine:entity/pasted"},"elements":[{"from":[7.0,0.4999981,3.0],"to":[9.0,15.5,13.0],"faces":{"east":{"uv":[7.0625,4.34375,7.21875,4.578125],"tintindex":0,"rotation":0,"texture":"#0"},"south":{"uv":[1.84375,6.484375,1.875,6.71875],"tintindex":0,"rotation":0,"texture":"#0"},"north":{"uv":[2.6875,6.171875,2.71875,6.40625],"tintindex":0,"rotation":0,"texture":"#0"},"west":{"uv":[4.75,7.0625,4.90625,7.296875],"tintindex":0,"rotation":0,"texture":"#0"},"up":{"uv":[1.21875,6.90625,1.1875,6.75],"tintindex":0,"rotation":0,"texture":"#0"},"down":{"uv":[3.734375,6.828125,3.703125,6.984375],"tintindex":0,"rotation":0,"texture":"#0"}}}],"display":{"gui":{"rotation":[30,225,0]}}}