{"textures":{"0":"modelengine:entity/pasted"},"elements":[{"from":[7.0,4.5,-16.0],"to":[9.0,11.5,14.0],"faces":{"east":{"uv":[6.9375,0.828125,7.40625,0.9375],"tintindex":0,"rotation":0,"texture":"#0"},"south":{"uv":[3.8125,7.578125,3.84375,7.6875],"tintindex":0,"rotation":0,"texture":"#0"},"north":{"uv":[7.578125,3.109375,7.609375,3.21875],"tintindex":0,"rotation":0,"texture":"#0"},"west":{"uv":[4.84375,6.9375,5.3125,7.046875],"tintindex":0,"rotation":0,"texture":"#0"},"up":{"uv":[0.796875,7.921875,0.765625,7.453125],"tintindex":0,"rotation":0,"texture":"#0"},"down":{"uv":[4.53125,7.453125,4.5,7.921875],"tintindex":0,"rotation":0,"texture":"#0"}}}],"display":{"gui":{"rotation":[30,225,0]}}}