{"textures":{"0":"modelengine:entity/pasted"},"elements":[{"from":[5.5,1.5000019,5.0],"to":[10.5,21.5,11.0],"faces":{"east":{"uv":[5.4375,7.09375,5.53125,7.40625],"tintindex":0,"rotation":0,"texture":"#0"},"south":{"uv":[0.4375,7.1875,0.515625,7.5],"tintindex":0,"rotation":0,"texture":"#0"},"north":{"uv":[3.265625,6.15625,3.34375,6.46875],"tintindex":0,"rotation":0,"texture":"#0"},"west":{"uv":[6.234375,7.09375,6.328125,7.40625],"tintindex":0,"rotation":0,"texture":"#0"},"up":{"uv":[7.59375,5.828125,7.515625,5.734375],"tintindex":0,"rotation":0,"texture":"#0"},"down":{"uv":[6.0625,7.515625,5.984375,7.609375],"tintindex":0,"rotation":0,"texture":"#0"}}}],"display":{"gui":{"rotation":[30,225,0]}}}