{"textures":{"0":"modelengine:entity/pasted"},"elements":[{"from":[7.5,0.5,-7.0],"to":[8.5,15.5,23.0],"faces":{"east":{"uv":[1.6875,1.5625,2.625,2.03125],"tintindex":0,"rotation":0,"texture":"#0"},"south":{"uv":[1.5,7.328125,1.53125,7.796875],"tintindex":0,"rotation":0,"texture":"#0"},"north":{"uv":[2.171875,5.84375,2.203125,6.3125],"tintindex":0,"rotation":0,"texture":"#0"},"west":{"uv":[1.6875,2.046875,2.625,2.515625],"tintindex":0,"rotation":0,"texture":"#0"},"up":{"uv":[2.40625,7.796875,2.375,6.859375],"tintindex":0,"rotation":0,"texture":"#0"},"down":{"uv":[0.671875,6.90625,0.640625,7.84375],"tintindex":0,"rotation":0,"texture":"#0"}}}],"display":{"gui":{"rotation":[30,225,0]}}}