{"textures":{"0":"modelengine:entity/pasted"},"elements":[{"from":[7.25,13.875,22.0],"to":[19.0,14.375,26.25],"faces":{"east":{"uv":[7.5,4.21875,7.765625,4.25],"tintindex":0,"rotation":0,"texture":"#0"},"south":{"uv":[7.234375,4.546875,7.96875,4.578125],"tintindex":0,"rotation":0,"texture":"#0"},"north":{"uv":[7.234375,1.953125,7.96875,1.984375],"tintindex":0,"rotation":0,"texture":"#0"},"west":{"uv":[7.5,4.265625,7.765625,4.296875],"tintindex":0,"rotation":0,"texture":"#0"},"up":{"uv":[1.828125,5.515625,1.09375,5.25],"tintindex":0,"rotation":0,"texture":"#0"},"down":{"uv":[6.078125,1.015625,5.34375,1.28125],"tintindex":0,"rotation":0,"texture":"#0"}}},{"from":[0.25,7.625,4.25],"to":[12.75,8.625,10.25],"faces":{"east":{"uv":[7.28125,1.421875,7.65625,1.484375],"tintindex":0,"rotation":0,"texture":"#0"},"south":{"uv":[6.9375,6.921875,7.71875,6.984375],"tintindex":0,"rotation":0,"texture":"#0"},"north":{"uv":[6.9375,6.84375,7.71875,6.90625],"tintindex":0,"rotation":0,"texture":"#0"},"west":{"uv":[7.28125,1.5,7.65625,1.5625],"tintindex":0,"rotation":0,"texture":"#0"},"up":{"uv":[4.4375,0.375,3.65625,0.0],"tintindex":0,"rotation":0,"texture":"#0"},"down":{"uv":[4.4375,0.390625,3.65625,0.765625],"tintindex":0,"rotation":0,"texture":"#0"}}}],"display":{"gui":{"rotation":[30,225,0]}}}