{"textures":{"0":"modelengine:entity/pasted"},"elements":[{"from":[5.0,7.6666665,3.333332],"to":[12.333334,8.333333,29.999998],"faces":{"east":{"uv":[6.859375,3.875,8.109375,3.90625],"tintindex":0,"rotation":0,"texture":"#0"},"south":{"uv":[7.46875,2.5,7.8125,2.53125],"tintindex":0,"rotation":0,"texture":"#0"},"north":{"uv":[7.46875,1.90625,7.8125,1.9375],"tintindex":0,"rotation":0,"texture":"#0"},"west":{"uv":[6.96875,4.171875,8.21875,4.203125],"tintindex":0,"rotation":0,"texture":"#0"},"up":{"uv":[1.796875,4.265625,1.453125,3.015625],"tintindex":0,"rotation":0,"texture":"#0"},"down":{"uv":[2.15625,3.015625,1.8125,4.265625],"tintindex":0,"rotation":0,"texture":"#0"}}}],"display":{"gui":{"rotation":[30,225,0]}}}