{"textures":{"0":"modelengine:entity/pasted"},"elements":[{"from":[7.5,6.25,-7.0],"to":[8.5,9.75,17.0],"faces":{"east":{"uv":[6.203125,4.09375,6.953125,4.203125],"tintindex":0,"rotation":0,"texture":"#0"},"south":{"uv":[2.609375,7.578125,2.640625,7.6875],"tintindex":0,"rotation":0,"texture":"#0"},"north":{"uv":[7.234375,1.28125,7.265625,1.390625],"tintindex":0,"rotation":0,"texture":"#0"},"west":{"uv":[6.3125,2.53125,7.0625,2.640625],"tintindex":0,"rotation":0,"texture":"#0"},"up":{"uv":[0.84375,7.96875,0.8125,7.21875],"tintindex":0,"rotation":0,"texture":"#0"},"down":{"uv":[0.890625,7.21875,0.859375,7.96875],"tintindex":0,"rotation":0,"texture":"#0"}}}],"display":{"gui":{"rotation":[30,225,0]}}}