{"textures":{"0":"modelengine:entity/pasted"},"elements":[{"from":[4.25,3.75,-7.0],"to":[11.75,13.25,23.0],"faces":{"east":{"uv":[4.171875,2.03125,5.109375,2.328125],"tintindex":0,"rotation":0,"texture":"#0"},"south":{"uv":[5.34375,6.53125,5.578125,6.828125],"tintindex":0,"rotation":0,"texture":"#0"},"north":{"uv":[6.53125,5.109375,6.765625,5.40625],"tintindex":0,"rotation":0,"texture":"#0"},"west":{"uv":[4.171875,2.34375,5.109375,2.640625],"tintindex":0,"rotation":0,"texture":"#0"},"up":{"uv":[2.984375,5.421875,2.75,4.484375],"tintindex":0,"rotation":0,"texture":"#0"},"down":{"uv":[3.234375,4.484375,3.0,5.421875],"tintindex":0,"rotation":0,"texture":"#0"}},"rotation":{"origin":[8.0,8.0,8.0],"angle":0.0,"axis":"x"}}],"display":{"gui":{"rotation":[30,225,0]}}}