{"textures":{"0":"modelengine:entity/pasted"},"elements":[{"from":[6.0,4.0,-7.0],"to":[10.0,12.0,23.5],"faces":{"east":{"uv":[4.4375,2.9375,5.390625,3.1875],"tintindex":0,"rotation":0,"texture":"#0"},"south":{"uv":[3.359375,5.4375,3.484375,5.6875],"tintindex":0,"rotation":0,"texture":"#0"},"north":{"uv":[3.5,4.34375,3.625,4.59375],"tintindex":0,"rotation":0,"texture":"#0"},"west":{"uv":[4.4375,3.203125,5.390625,3.453125],"tintindex":0,"rotation":0,"texture":"#0"},"up":{"uv":[1.046875,6.71875,0.921875,5.765625],"tintindex":0,"rotation":0,"texture":"#0"},"down":{"uv":[5.921875,5.828125,5.796875,6.78125],"tintindex":0,"rotation":0,"texture":"#0"}}}],"display":{"gui":{"rotation":[30,225,0]}}}