{"textures":{"0":"modelengine:entity/pasted"},"elements":[{"from":[5.5,1.5000019,5.0],"to":[10.5,21.5,11.0],"faces":{"east":{"uv":[1.953125,7.109375,2.046875,7.421875],"tintindex":0,"rotation":0,"texture":"#0"},"south":{"uv":[6.078125,7.1875,6.15625,7.5],"tintindex":0,"rotation":0,"texture":"#0"},"north":{"uv":[5.984375,7.1875,6.0625,7.5],"tintindex":0,"rotation":0,"texture":"#0"},"west":{"uv":[2.0625,7.109375,2.15625,7.421875],"tintindex":0,"rotation":0,"texture":"#0"},"up":{"uv":[7.609375,1.03125,7.53125,0.9375],"tintindex":0,"rotation":0,"texture":"#0"},"down":{"uv":[7.609375,1.046875,7.53125,1.140625],"tintindex":0,"rotation":0,"texture":"#0"}}}],"display":{"gui":{"rotation":[30,225,0]}}}