{"textures":{"0":"modelengine:entity/pasted"},"elements":[{"from":[4.25,3.75,-7.0],"to":[11.75,13.25,15.5],"faces":{"east":{"uv":[4.9375,4.046875,5.640625,4.34375],"tintindex":0,"rotation":0,"texture":"#0"},"south":{"uv":[2.171875,6.546875,2.40625,6.84375],"tintindex":0,"rotation":0,"texture":"#0"},"north":{"uv":[6.53125,6.265625,6.765625,6.5625],"tintindex":0,"rotation":0,"texture":"#0"},"west":{"uv":[3.9375,4.953125,4.640625,5.25],"tintindex":0,"rotation":0,"texture":"#0"},"up":{"uv":[2.734375,6.15625,2.5,5.453125],"tintindex":0,"rotation":0,"texture":"#0"},"down":{"uv":[5.71875,1.40625,5.484375,2.109375],"tintindex":0,"rotation":0,"texture":"#0"}}}],"display":{"gui":{"rotation":[30,225,0]}}}