{"textures":{"0":"modelengine:entity/pasted"},"elements":[{"from":[9.5625,1.1875,-14.0],"to":[22.0625,2.1875,-8.0],"faces":{"east":{"uv":[4.625,1.015625,5.0,1.078125],"tintindex":0,"rotation":0,"texture":"#0"},"south":{"uv":[6.84375,2.421875,7.625,2.484375],"tintindex":0,"rotation":0,"texture":"#0"},"north":{"uv":[6.71875,2.25,7.5,2.3125],"tintindex":0,"rotation":0,"texture":"#0"},"west":{"uv":[7.0625,6.171875,7.4375,6.234375],"tintindex":0,"rotation":0,"texture":"#0"},"up":{"uv":[4.375,2.015625,3.59375,1.640625],"tintindex":0,"rotation":0,"texture":"#0"},"down":{"uv":[4.421875,3.40625,3.640625,3.78125],"tintindex":0,"rotation":0,"texture":"#0"}}},{"from":[3.25,7.625,4.25],"to":[15.0,8.125,8.5],"faces":{"east":{"uv":[4.828125,1.96875,5.09375,2.0],"tintindex":0,"rotation":0,"texture":"#0"},"south":{"uv":[7.109375,3.8125,7.84375,3.84375],"tintindex":0,"rotation":0,"texture":"#0"},"north":{"uv":[7.046875,6.46875,7.78125,6.5],"tintindex":0,"rotation":0,"texture":"#0"},"west":{"uv":[7.46875,3.0625,7.734375,3.09375],"tintindex":0,"rotation":0,"texture":"#0"},"up":{"uv":[5.765625,4.625,5.03125,4.359375],"tintindex":0,"rotation":0,"texture":"#0"},"down":{"uv":[5.96875,2.578125,5.234375,2.84375],"tintindex":0,"rotation":0,"texture":"#0"}}}],"display":{"gui":{"rotation":[30,225,0]}}}