{"textures":{"0":"modelengine:entity/pasted"},"elements":[{"from":[5.999996,1.5,-4.500002],"to":[13.0,15.5,20.5],"faces":{"east":{"uv":[6.203125,3.625,6.59375,3.84375],"tintindex":0,"rotation":0,"texture":"#0"},"south":{"uv":[4.421875,7.21875,4.53125,7.4375],"tintindex":0,"rotation":0,"texture":"#0"},"north":{"uv":[0.6875,7.21875,0.796875,7.4375],"tintindex":0,"rotation":0,"texture":"#0"},"west":{"uv":[6.203125,3.859375,6.59375,4.078125],"tintindex":0,"rotation":0,"texture":"#0"},"up":{"uv":[0.828125,2.6875,0.71875,2.296875],"tintindex":0,"rotation":0,"texture":"#0"},"down":{"uv":[2.0,5.25,1.890625,5.640625],"tintindex":0,"rotation":0,"texture":"#0"}}}],"display":{"gui":{"rotation":[30,225,0]}}}