{"textures":{"0":"modelengine:entity/pasted"},"elements":[{"from":[3.5,5.5,18.375],"to":[11.5,15.0,20.375],"faces":{"east":{"uv":[0.359375,7.359375,0.421875,7.65625],"tintindex":0,"rotation":0,"texture":"#0"},"south":{"uv":[4.578125,6.421875,4.828125,6.71875],"tintindex":0,"rotation":0,"texture":"#0"},"north":{"uv":[3.375,2.953125,3.625,3.25],"tintindex":0,"rotation":0,"texture":"#0"},"west":{"uv":[5.90625,7.359375,5.96875,7.65625],"tintindex":0,"rotation":0,"texture":"#0"},"up":{"uv":[5.265625,1.078125,5.015625,1.015625],"tintindex":0,"rotation":0,"texture":"#0"},"down":{"uv":[7.671875,6.515625,7.421875,6.578125],"tintindex":0,"rotation":0,"texture":"#0"}},"rotation":{"origin":[8.5,11.75,18.875],"angle":22.5,"axis":"x"}},{"from":[2.0,-1.0,-7.875],"to":[13.0,7.0,-6.875],"faces":{"east":{"uv":[3.546875,1.1875,3.578125,1.4375],"tintindex":0,"rotation":0,"texture":"#0"},"south":{"uv":[6.171875,5.375,6.515625,5.625],"tintindex":0,"rotation":0,"texture":"#0"},"north":{"uv":[6.171875,5.109375,6.515625,5.359375],"tintindex":0,"rotation":0,"texture":"#0"},"west":{"uv":[1.84375,5.25,1.875,5.5],"tintindex":0,"rotation":0,"texture":"#0"},"up":{"uv":[7.8125,1.75,7.46875,1.71875],"tintindex":0,"rotation":0,"texture":"#0"},"down":{"uv":[7.8125,1.765625,7.46875,1.796875],"tintindex":0,"rotation":0,"texture":"#0"}},"rotation":{"origin":[5.0,-0.5,-7.375],"angle":45.0,"axis":"x"}},{"from":[2.0,10.25,-5.875],"to":[13.0,11.25,-1.625],"faces":{"east":{"uv":[3.390625,1.515625,3.53125,1.546875],"tintindex":0,"rotation":0,"texture":"#0"},"south":{"uv":[7.46875,0.421875,7.8125,0.453125],"tintindex":0,"rotation":0,"texture":"#0"},"north":{"uv":[7.46875,0.375,7.8125,0.40625],"tintindex":0,"rotation":0,"texture":"#0"},"west":{"uv":[5.40625,0.703125,5.546875,0.734375],"tintindex":0,"rotation":0,"texture":"#0"},"up":{"uv":[7.296875,6.671875,6.953125,6.53125],"tintindex":0,"rotation":0,"texture":"#0"},"down":{"uv":[7.296875,6.6875,6.953125,6.828125],"tintindex":0,"rotation":0,"texture":"#0"}}},{"from":[2.0,0.81796503,-3.4407454],"to":[13.0,10.817965,1.0592551],"faces":{"east":{"uv":[3.390625,1.1875,3.53125,1.5],"tintindex":0,"rotation":0,"texture":"#0"},"south":{"uv":[5.84375,3.953125,6.1875,4.265625],"tintindex":0,"rotation":0,"texture":"#0"},"north":{"uv":[5.84375,3.625,6.1875,3.9375],"tintindex":0,"rotation":0,"texture":"#0"},"west":{"uv":[2.015625,4.28125,2.15625,4.59375],"tintindex":0,"rotation":0,"texture":"#0"},"up":{"uv":[7.328125,5.78125,6.984375,5.640625],"tintindex":0,"rotation":0,"texture":"#0"},"down":{"uv":[7.328125,5.796875,6.984375,5.9375],"tintindex":0,"rotation":0,"texture":"#0"}},"rotation":{"origin":[7.5,5.8179646,-1.1907454],"angle":-22.5,"axis":"x"}},{"from":[4.5,14.973234,18.783356],"to":[10.5,18.973234,21.283356],"faces":{"east":{"uv":[7.15625,5.390625,7.234375,5.515625],"tintindex":0,"rotation":0,"texture":"#0"},"south":{"uv":[7.28125,1.28125,7.46875,1.40625],"tintindex":0,"rotation":0,"texture":"#0"},"north":{"uv":[7.265625,2.71875,7.453125,2.84375],"tintindex":0,"rotation":0,"texture":"#0"},"west":{"uv":[1.546875,7.46875,1.625,7.59375],"tintindex":0,"rotation":0,"texture":"#0"},"up":{"uv":[7.609375,6.671875,7.421875,6.59375],"tintindex":0,"rotation":0,"texture":"#0"},"down":{"uv":[5.203125,7.453125,5.015625,7.53125],"tintindex":0,"rotation":0,"texture":"#0"}},"rotation":{"origin":[7.5,16.723234,19.783356],"angle":0.0,"axis":"x"}},{"from":[2.5,-4.0,22.375],"to":[12.5,25.0,31.875],"faces":{"east":{"uv":[0.0,3.90625,0.296875,4.8125],"tintindex":0,"rotation":0,"texture":"#0"},"south":{"uv":[2.171875,3.859375,2.484375,4.765625],"tintindex":0,"rotation":0,"texture":"#0"},"north":{"uv":[3.640625,3.796875,3.953125,4.703125],"tintindex":0,"rotation":0,"texture":"#0"},"west":{"uv":[0.3125,3.90625,0.609375,4.8125],"tintindex":0,"rotation":0,"texture":"#0"},"up":{"uv":[6.453125,2.03125,6.140625,1.734375],"tintindex":0,"rotation":0,"texture":"#0"},"down":{"uv":[3.25,6.15625,2.9375,6.453125],"tintindex":0,"rotation":0,"texture":"#0"}}},{"from":[3.5,2.5,9.375],"to":[11.5,5.0,18.375],"faces":{"east":{"uv":[6.5,5.984375,6.78125,6.0625],"tintindex":0,"rotation":0,"texture":"#0"},"south":{"uv":[7.375,0.53125,7.625,0.609375],"tintindex":0,"rotation":0,"texture":"#0"},"north":{"uv":[4.125,1.09375,4.375,1.171875],"tintindex":0,"rotation":0,"texture":"#0"},"west":{"uv":[7.296875,3.5,7.578125,3.578125],"tintindex":0,"rotation":0,"texture":"#0"},"up":{"uv":[1.828125,6.765625,1.578125,6.484375],"tintindex":0,"rotation":0,"texture":"#0"},"down":{"uv":[4.171875,6.5,3.921875,6.78125],"tintindex":0,"rotation":0,"texture":"#0"}},"rotation":{"origin":[7.5,3.75,13.625],"angle":0.0,"axis":"x"}}],"display":{"gui":{"rotation":[30,225,0]}}}