{"textures":{"0":"modelengine:entity/pasted"},"elements":[{"from":[11.65,10.5,-9.6],"to":[12.65,13.9,-8.4],"faces":{"east":{"uv":[5.03125,7.171875,5.125,7.4375],"tintindex":0,"rotation":0,"texture":"#0"},"south":{"uv":[6.65625,7.375,6.734375,7.640625],"tintindex":0,"rotation":0,"texture":"#0"},"north":{"uv":[7.375,2.859375,7.453125,3.125],"tintindex":0,"rotation":0,"texture":"#0"},"west":{"uv":[5.140625,7.171875,5.234375,7.4375],"tintindex":0,"rotation":0,"texture":"#0"},"up":{"uv":[7.609375,3.71875,7.53125,3.625],"tintindex":0,"rotation":0,"texture":"#0"},"down":{"uv":[5.09375,7.546875,5.015625,7.640625],"tintindex":0,"rotation":0,"texture":"#0"}},"rotation":{"origin":[12.15,12.1,-9.1],"angle":22.5,"axis":"x"}},{"from":[11.35,7.9,-11.4],"to":[12.35,11.3,-10.200001],"faces":{"east":{"uv":[0.15625,7.171875,0.25,7.4375],"tintindex":0,"rotation":0,"texture":"#0"},"south":{"uv":[7.375,0.1875,7.453125,0.453125],"tintindex":0,"rotation":0,"texture":"#0"},"north":{"uv":[7.3125,7.359375,7.390625,7.625],"tintindex":0,"rotation":0,"texture":"#0"},"west":{"uv":[4.921875,7.171875,5.015625,7.4375],"tintindex":0,"rotation":0,"texture":"#0"},"up":{"uv":[6.15625,7.609375,6.078125,7.515625],"tintindex":0,"rotation":0,"texture":"#0"},"down":{"uv":[7.578125,7.515625,7.5,7.609375],"tintindex":0,"rotation":0,"texture":"#0"}},"rotation":{"origin":[11.85,9.5,-10.9],"angle":22.5,"axis":"x"}},{"from":[11.80061,13.334942,-7.4000006],"to":[12.20061,14.7349415,-1.4000006],"faces":{"east":{"uv":[6.90625,1.59375,7.375,1.703125],"tintindex":0,"rotation":0,"texture":"#0"},"south":{"uv":[7.578125,2.859375,7.609375,2.96875],"tintindex":0,"rotation":0,"texture":"#0"},"north":{"uv":[7.578125,2.734375,7.609375,2.84375],"tintindex":0,"rotation":0,"texture":"#0"},"west":{"uv":[6.9375,0.703125,7.40625,0.8125],"tintindex":0,"rotation":0,"texture":"#0"},"up":{"uv":[6.96875,7.84375,6.9375,7.375],"tintindex":0,"rotation":0,"texture":"#0"},"down":{"uv":[2.140625,7.4375,2.109375,7.90625],"tintindex":0,"rotation":0,"texture":"#0"}},"rotation":{"origin":[12.00061,14.034943,-2.6000004],"angle":0.0,"axis":"x"}},{"from":[11.1895275,7.9227877,-10.65],"to":[11.589528,10.922789,-8.65],"faces":{"east":{"uv":[7.0625,4.34375,7.21875,4.578125],"tintindex":0,"rotation":0,"texture":"#0"},"south":{"uv":[1.84375,6.484375,1.875,6.71875],"tintindex":0,"rotation":0,"texture":"#0"},"north":{"uv":[2.6875,6.171875,2.71875,6.40625],"tintindex":0,"rotation":0,"texture":"#0"},"west":{"uv":[4.75,7.0625,4.90625,7.296875],"tintindex":0,"rotation":0,"texture":"#0"},"up":{"uv":[1.21875,6.90625,1.1875,6.75],"tintindex":0,"rotation":0,"texture":"#0"},"down":{"uv":[3.734375,6.828125,3.703125,6.984375],"tintindex":0,"rotation":0,"texture":"#0"}},"rotation":{"origin":[11.389528,9.422789,-9.65],"angle":-22.5,"axis":"y"}},{"from":[15.79939,13.334942,-7.4000006],"to":[16.19939,14.7349415,-1.4000006],"faces":{"east":{"uv":[6.9375,0.828125,7.40625,0.9375],"tintindex":0,"rotation":0,"texture":"#0"},"south":{"uv":[3.8125,7.578125,3.84375,7.6875],"tintindex":0,"rotation":0,"texture":"#0"},"north":{"uv":[7.578125,3.109375,7.609375,3.21875],"tintindex":0,"rotation":0,"texture":"#0"},"west":{"uv":[4.84375,6.9375,5.3125,7.046875],"tintindex":0,"rotation":0,"texture":"#0"},"up":{"uv":[0.796875,7.921875,0.765625,7.453125],"tintindex":0,"rotation":0,"texture":"#0"},"down":{"uv":[4.53125,7.453125,4.5,7.921875],"tintindex":0,"rotation":0,"texture":"#0"}},"rotation":{"origin":[15.99939,14.034943,-2.6000004],"angle":0.0,"axis":"x"}},{"from":[15.35,10.5,-9.6],"to":[16.35,13.9,-8.4],"faces":{"east":{"uv":[7.15625,5.109375,7.25,5.375],"tintindex":0,"rotation":0,"texture":"#0"},"south":{"uv":[5.8125,7.359375,5.890625,7.625],"tintindex":0,"rotation":0,"texture":"#0"},"north":{"uv":[0.265625,7.359375,0.34375,7.625],"tintindex":0,"rotation":0,"texture":"#0"},"west":{"uv":[7.15625,7.109375,7.25,7.375],"tintindex":0,"rotation":0,"texture":"#0"},"up":{"uv":[0.078125,7.609375,0.0,7.515625],"tintindex":0,"rotation":0,"texture":"#0"},"down":{"uv":[0.515625,7.515625,0.4375,7.609375],"tintindex":0,"rotation":0,"texture":"#0"}},"rotation":{"origin":[15.85,12.1,-9.1],"angle":22.5,"axis":"x"}},{"from":[16.410473,7.9227877,-10.65],"to":[16.810472,10.922789,-8.65],"faces":{"east":{"uv":[5.59375,6.53125,5.75,6.765625],"tintindex":0,"rotation":0,"texture":"#0"},"south":{"uv":[4.3125,5.734375,4.34375,5.96875],"tintindex":0,"rotation":0,"texture":"#0"},"north":{"uv":[4.609375,5.265625,4.640625,5.5],"tintindex":0,"rotation":0,"texture":"#0"},"west":{"uv":[7.0625,1.71875,7.21875,1.953125],"tintindex":0,"rotation":0,"texture":"#0"},"up":{"uv":[2.0,5.8125,1.96875,5.65625],"tintindex":0,"rotation":0,"texture":"#0"},"down":{"uv":[4.46875,6.6875,4.4375,6.84375],"tintindex":0,"rotation":0,"texture":"#0"}},"rotation":{"origin":[16.610474,9.422789,-9.65],"angle":22.5,"axis":"y"}},{"from":[15.65,7.9,-11.4],"to":[16.650002,11.3,-10.200001],"faces":{"east":{"uv":[6.34375,7.171875,6.4375,7.4375],"tintindex":0,"rotation":0,"texture":"#0"},"south":{"uv":[6.84375,7.375,6.921875,7.640625],"tintindex":0,"rotation":0,"texture":"#0"},"north":{"uv":[6.75,7.375,6.828125,7.640625],"tintindex":0,"rotation":0,"texture":"#0"},"west":{"uv":[6.453125,7.171875,6.546875,7.4375],"tintindex":0,"rotation":0,"texture":"#0"},"up":{"uv":[5.1875,7.640625,5.109375,7.546875],"tintindex":0,"rotation":0,"texture":"#0"},"down":{"uv":[6.4375,7.546875,6.359375,7.640625],"tintindex":0,"rotation":0,"texture":"#0"}},"rotation":{"origin":[16.150002,9.5,-10.9],"angle":22.5,"axis":"x"}},{"from":[15.800984,8.1960945,-10.521],"to":[16.800983,12.1960945,-9.320999],"faces":{"east":{"uv":[5.4375,7.09375,5.53125,7.40625],"tintindex":0,"rotation":0,"texture":"#0"},"south":{"uv":[0.4375,7.1875,0.515625,7.5],"tintindex":0,"rotation":0,"texture":"#0"},"north":{"uv":[3.265625,6.15625,3.34375,6.46875],"tintindex":0,"rotation":0,"texture":"#0"},"west":{"uv":[6.234375,7.09375,6.328125,7.40625],"tintindex":0,"rotation":0,"texture":"#0"},"up":{"uv":[7.59375,5.828125,7.515625,5.734375],"tintindex":0,"rotation":0,"texture":"#0"},"down":{"uv":[6.0625,7.515625,5.984375,7.609375],"tintindex":0,"rotation":0,"texture":"#0"}},"rotation":{"origin":[16.300983,9.496094,-9.921],"angle":45.0,"axis":"x"}},{"from":[11.199016,8.1960945,-10.521],"to":[12.199017,12.1960945,-9.320999],"faces":{"east":{"uv":[1.953125,7.109375,2.046875,7.421875],"tintindex":0,"rotation":0,"texture":"#0"},"south":{"uv":[6.078125,7.1875,6.15625,7.5],"tintindex":0,"rotation":0,"texture":"#0"},"north":{"uv":[5.984375,7.1875,6.0625,7.5],"tintindex":0,"rotation":0,"texture":"#0"},"west":{"uv":[2.0625,7.109375,2.15625,7.421875],"tintindex":0,"rotation":0,"texture":"#0"},"up":{"uv":[7.609375,1.03125,7.53125,0.9375],"tintindex":0,"rotation":0,"texture":"#0"},"down":{"uv":[7.609375,1.046875,7.53125,1.140625],"tintindex":0,"rotation":0,"texture":"#0"}},"rotation":{"origin":[11.699016,9.496094,-9.921],"angle":45.0,"axis":"x"}}],"display":{"gui":{"rotation":[30,225,0]}}}