{"textures":{"0":"modelengine:entity/pasted"},"elements":[{"from":[6.1666665,2.1666665,0.33333302],"to":[9.833333,11.5,17.0],"faces":{"east":{"uv":[3.59375,1.1875,4.375,1.625],"tintindex":0,"rotation":0,"texture":"#0"},"south":{"uv":[0.34375,6.40625,0.515625,6.84375],"tintindex":0,"rotation":0,"texture":"#0"},"north":{"uv":[6.3125,5.640625,6.484375,6.078125],"tintindex":0,"rotation":0,"texture":"#0"},"west":{"uv":[3.640625,2.953125,4.421875,3.390625],"tintindex":0,"rotation":0,"texture":"#0"},"up":{"uv":[5.15625,6.40625,4.984375,5.625],"tintindex":0,"rotation":0,"texture":"#0"},"down":{"uv":[5.34375,5.625,5.171875,6.40625],"tintindex":0,"rotation":0,"texture":"#0"}}},{"from":[6.1666665,-0.33333397,-15.0],"to":[9.833333,11.333334,0.33333302],"faces":{"east":{"uv":[2.90625,3.296875,3.625,3.84375],"tintindex":0,"rotation":0,"texture":"#0"},"south":{"uv":[6.125,5.734375,6.296875,6.28125],"tintindex":0,"rotation":0,"texture":"#0"},"north":{"uv":[5.984375,5.171875,6.15625,5.71875],"tintindex":0,"rotation":0,"texture":"#0"},"west":{"uv":[0.0,3.34375,0.71875,3.890625],"tintindex":0,"rotation":0,"texture":"#0"},"up":{"uv":[5.96875,5.078125,5.796875,4.359375],"tintindex":0,"rotation":0,"texture":"#0"},"down":{"uv":[5.96875,5.09375,5.796875,5.8125],"tintindex":0,"rotation":0,"texture":"#0"}}}],"display":{"gui":{"rotation":[30,225,0]}}}