{"textures":{"0":"modelengine:entity/pasted"},"elements":[{"from":[7.5,0.5,-7.0],"to":[8.5,15.5,23.0],"faces":{"east":{"uv":[1.6875,2.53125,2.625,3.0],"tintindex":0,"rotation":0,"texture":"#0"},"south":{"uv":[6.3125,7.453125,6.34375,7.921875],"tintindex":0,"rotation":0,"texture":"#0"},"north":{"uv":[7.453125,5.90625,7.484375,6.375],"tintindex":0,"rotation":0,"texture":"#0"},"west":{"uv":[2.640625,1.5625,3.578125,2.03125],"tintindex":0,"rotation":0,"texture":"#0"},"up":{"uv":[3.6875,8.015625,3.65625,7.078125],"tintindex":0,"rotation":0,"texture":"#0"},"down":{"uv":[5.578125,7.09375,5.546875,8.03125],"tintindex":0,"rotation":0,"texture":"#0"}}}],"display":{"gui":{"rotation":[30,225,0]}}}