{"textures":{"0":"modelengine:entity/pasted"},"elements":[{"from":[3.0,1.5,-4.500002],"to":[10.000004,15.5,20.5],"faces":{"east":{"uv":[5.359375,6.296875,5.75,6.515625],"tintindex":0,"rotation":0,"texture":"#0"},"south":{"uv":[7.234375,4.3125,7.34375,4.53125],"tintindex":0,"rotation":0,"texture":"#0"},"north":{"uv":[7.234375,1.71875,7.34375,1.9375],"tintindex":0,"rotation":0,"texture":"#0"},"west":{"uv":[6.125,6.296875,6.515625,6.515625],"tintindex":0,"rotation":0,"texture":"#0"},"up":{"uv":[3.015625,7.375,2.90625,6.984375],"tintindex":0,"rotation":0,"texture":"#0"},"down":{"uv":[3.140625,6.984375,3.03125,7.375],"tintindex":0,"rotation":0,"texture":"#0"}}}],"display":{"gui":{"rotation":[30,225,0]}}}