{"textures":{"0":"modelengine:entity/pasted"},"elements":[{"from":[-13.042536,7.4,7.4],"to":[-11.842535,8.6,8.0],"faces":{"east":{"uv":[3.203125,7.5625,3.25,7.65625],"tintindex":0,"rotation":0,"texture":"#0"},"south":{"uv":[3.265625,7.5,3.359375,7.59375],"tintindex":0,"rotation":0,"texture":"#0"},"north":{"uv":[3.703125,7.484375,3.796875,7.578125],"tintindex":0,"rotation":0,"texture":"#0"},"west":{"uv":[1.390625,7.578125,1.4375,7.671875],"tintindex":0,"rotation":0,"texture":"#0"},"up":{"uv":[1.734375,7.625,1.640625,7.578125],"tintindex":0,"rotation":0,"texture":"#0"},"down":{"uv":[2.59375,7.578125,2.5,7.625],"tintindex":0,"rotation":0,"texture":"#0"}}},{"from":[7.3,7.4,7.4],"to":[8.5,8.6,8.0],"faces":{"east":{"uv":[4.859375,7.3125,4.90625,7.40625],"tintindex":0,"rotation":0,"texture":"#0"},"south":{"uv":[7.46875,2.84375,7.5625,2.9375],"tintindex":0,"rotation":0,"texture":"#0"},"north":{"uv":[7.46875,2.734375,7.5625,2.828125],"tintindex":0,"rotation":0,"texture":"#0"},"west":{"uv":[0.09375,7.515625,0.140625,7.609375],"tintindex":0,"rotation":0,"texture":"#0"},"up":{"uv":[1.1875,5.234375,1.09375,5.1875],"tintindex":0,"rotation":0,"texture":"#0"},"down":{"uv":[5.328125,2.859375,5.234375,2.90625],"tintindex":0,"rotation":0,"texture":"#0"}}}],"display":{"gui":{"rotation":[30,225,0]}}}