{"textures":{"0":"modelengine:entity/pasted"},"elements":[{"from":[5.5,13.0,6.25],"to":[10.5,30.0,12.25],"faces":{"east":{"uv":[5.03125,7.171875,5.125,7.4375],"tintindex":0,"rotation":0,"texture":"#0"},"south":{"uv":[6.65625,7.375,6.734375,7.640625],"tintindex":0,"rotation":0,"texture":"#0"},"north":{"uv":[7.375,2.859375,7.453125,3.125],"tintindex":0,"rotation":0,"texture":"#0"},"west":{"uv":[5.140625,7.171875,5.234375,7.4375],"tintindex":0,"rotation":0,"texture":"#0"},"up":{"uv":[7.609375,3.71875,7.53125,3.625],"tintindex":0,"rotation":0,"texture":"#0"},"down":{"uv":[5.09375,7.546875,5.015625,7.640625],"tintindex":0,"rotation":0,"texture":"#0"}}},{"from":[5.5,0.0,5.5],"to":[10.5,17.0,11.5],"faces":{"east":{"uv":[0.15625,7.171875,0.25,7.4375],"tintindex":0,"rotation":0,"texture":"#0"},"south":{"uv":[7.375,0.1875,7.453125,0.453125],"tintindex":0,"rotation":0,"texture":"#0"},"north":{"uv":[7.3125,7.359375,7.390625,7.625],"tintindex":0,"rotation":0,"texture":"#0"},"west":{"uv":[4.921875,7.171875,5.015625,7.4375],"tintindex":0,"rotation":0,"texture":"#0"},"up":{"uv":[6.15625,7.609375,6.078125,7.515625],"tintindex":0,"rotation":0,"texture":"#0"},"down":{"uv":[7.578125,7.515625,7.5,7.609375],"tintindex":0,"rotation":0,"texture":"#0"}}}],"display":{"gui":{"rotation":[30,225,0]}}}