{"textures":{"0":"modelengine:entity/pasted"},"elements":[{"from":[-3.0,4.25,-4.5],"to":[4.0,6.25,19.5],"faces":{"east":{"uv":[6.96875,4.09375,7.71875,4.15625],"tintindex":0,"rotation":0,"texture":"#0"},"south":{"uv":[7.453125,5.515625,7.671875,5.578125],"tintindex":0,"rotation":0,"texture":"#0"},"north":{"uv":[7.421875,6.6875,7.640625,6.75],"tintindex":0,"rotation":0,"texture":"#0"},"west":{"uv":[7.0,0.0,7.75,0.0625],"tintindex":0,"rotation":0,"texture":"#0"},"up":{"uv":[5.59375,6.234375,5.375,5.484375],"tintindex":0,"rotation":0,"texture":"#0"},"down":{"uv":[1.3125,5.53125,1.09375,6.28125],"tintindex":0,"rotation":0,"texture":"#0"}}}],"display":{"gui":{"rotation":[30,225,0]}}}