{"textures":{"0":"modelengine:entity/pasted"},"elements":[{"from":[7.5,7.0,-4.000002],"to":[13.0,7.5,20.0],"faces":{"east":{"uv":[6.09375,1.265625,6.84375,1.28125],"tintindex":0,"rotation":0,"texture":"#0"},"south":{"uv":[5.359375,6.25,5.53125,6.265625],"tintindex":0,"rotation":0,"texture":"#0"},"north":{"uv":[3.375,3.265625,3.546875,3.28125],"tintindex":0,"rotation":0,"texture":"#0"},"west":{"uv":[6.71875,2.328125,7.46875,2.34375],"tintindex":0,"rotation":0,"texture":"#0"},"up":{"uv":[0.53125,6.390625,0.359375,5.640625],"tintindex":0,"rotation":0,"texture":"#0"},"down":{"uv":[0.71875,5.65625,0.546875,6.40625],"tintindex":0,"rotation":0,"texture":"#0"}}}],"display":{"gui":{"rotation":[30,225,0]}}}