{"textures":{"0":"modelengine:entity/pasted"},"elements":[{"from":[8.5,7.75,7.45235],"to":[28.5,8.25,8.45235],"faces":{"east":{"uv":[7.078125,2.71875,7.171875,2.765625],"tintindex":0,"rotation":0,"texture":"#0"},"south":{"uv":[6.171875,4.796875,8.046875,4.84375],"tintindex":0,"rotation":0,"texture":"#0"},"north":{"uv":[6.171875,4.734375,8.046875,4.78125],"tintindex":0,"rotation":0,"texture":"#0"},"west":{"uv":[7.515625,5.84375,7.609375,5.890625],"tintindex":0,"rotation":0,"texture":"#0"},"up":{"uv":[7.28125,3.0625,5.40625,2.96875],"tintindex":0,"rotation":0,"texture":"#0"},"down":{"uv":[7.28125,3.078125,5.40625,3.171875],"tintindex":0,"rotation":0,"texture":"#0"}}}],"display":{"gui":{"rotation":[30,225,0]}}}