{"textures":{"0":"modelengine:entity/pasted"},"elements":[{"from":[7.5,11.166667,7.5],"to":[8.5,15.5,8.5],"faces":{"east":{"uv":[1.671875,7.046875,1.765625,7.453125],"tintindex":0,"rotation":0,"texture":"#0"},"south":{"uv":[7.046875,5.109375,7.140625,5.515625],"tintindex":0,"rotation":0,"texture":"#0"},"north":{"uv":[1.5625,7.046875,1.65625,7.453125],"tintindex":0,"rotation":0,"texture":"#0"},"west":{"uv":[3.703125,7.0625,3.796875,7.46875],"tintindex":0,"rotation":0,"texture":"#0"},"up":{"uv":[4.015625,7.5625,3.921875,7.46875],"tintindex":0,"rotation":0,"texture":"#0"},"down":{"uv":[7.5625,4.3125,7.46875,4.40625],"tintindex":0,"rotation":0,"texture":"#0"}}},{"from":[8.5,12.5,7.45235],"to":[28.5,13.0,8.45235],"faces":{"east":{"uv":[7.078125,2.71875,7.171875,2.765625],"tintindex":0,"rotation":0,"texture":"#0"},"south":{"uv":[6.171875,4.796875,8.046875,4.84375],"tintindex":0,"rotation":0,"texture":"#0"},"north":{"uv":[6.171875,4.734375,8.046875,4.78125],"tintindex":0,"rotation":0,"texture":"#0"},"west":{"uv":[7.515625,5.84375,7.609375,5.890625],"tintindex":0,"rotation":0,"texture":"#0"},"up":{"uv":[7.28125,3.0625,5.40625,2.96875],"tintindex":0,"rotation":0,"texture":"#0"},"down":{"uv":[7.28125,3.078125,5.40625,3.171875],"tintindex":0,"rotation":0,"texture":"#0"}}}],"display":{"gui":{"rotation":[30,225,0]}}}