{"textures":{"0":"modelengine:entity/pasted"},"elements":[{"from":[6.0,-4.75,4.0],"to":[9.0,20.75,9.5],"faces":{"east":{"uv":[1.265625,3.34375,1.4375,4.140625],"tintindex":0,"rotation":0,"texture":"#0"},"south":{"uv":[0.5625,6.90625,0.625,7.703125],"tintindex":0,"rotation":0,"texture":"#0"},"north":{"uv":[6.578125,6.890625,6.640625,7.6875],"tintindex":0,"rotation":0,"texture":"#0"},"west":{"uv":[5.609375,5.484375,5.78125,6.28125],"tintindex":0,"rotation":0,"texture":"#0"},"up":{"uv":[1.953125,5.828125,1.890625,5.65625],"tintindex":0,"rotation":0,"texture":"#0"},"down":{"uv":[1.3125,6.296875,1.25,6.46875],"tintindex":0,"rotation":0,"texture":"#0"}}}],"display":{"gui":{"rotation":[30,225,0]}}}