{"textures":{"0":"modelengine:entity/pasted"},"elements":[{"from":[4.0,1.5,-4.5],"to":[10.0,16.5,15.5],"faces":{"east":{"uv":[2.9375,6.46875,3.25,6.703125],"tintindex":0,"rotation":0,"texture":"#0"},"south":{"uv":[1.390625,7.328125,1.484375,7.5625],"tintindex":0,"rotation":0,"texture":"#0"},"north":{"uv":[7.3125,7.109375,7.40625,7.34375],"tintindex":0,"rotation":0,"texture":"#0"},"west":{"uv":[1.25,6.484375,1.5625,6.71875],"tintindex":0,"rotation":0,"texture":"#0"},"up":{"uv":[3.640625,7.390625,3.546875,7.078125],"tintindex":0,"rotation":0,"texture":"#0"},"down":{"uv":[5.421875,7.09375,5.328125,7.40625],"tintindex":0,"rotation":0,"texture":"#0"}}}],"display":{"gui":{"rotation":[30,225,0]}}}