{"textures":{"0":"modelengine:entity/pasted"},"elements":[{"from":[8.333333,7.75,7.5],"to":[28.333334,8.25,8.5],"faces":{"east":{"uv":[5.46875,4.640625,5.5625,4.6875],"tintindex":0,"rotation":0,"texture":"#0"},"south":{"uv":[5.953125,2.359375,7.828125,2.40625],"tintindex":0,"rotation":0,"texture":"#0"},"north":{"uv":[5.421875,0.1875,7.296875,0.234375],"tintindex":0,"rotation":0,"texture":"#0"},"west":{"uv":[3.359375,5.703125,3.453125,5.75],"tintindex":0,"rotation":0,"texture":"#0"},"up":{"uv":[7.21875,1.390625,5.34375,1.296875],"tintindex":0,"rotation":0,"texture":"#0"},"down":{"uv":[7.28125,0.265625,5.40625,0.359375],"tintindex":0,"rotation":0,"texture":"#0"}}}],"display":{"gui":{"rotation":[30,225,0]}}}