{"textures":{"2":"modelengine:entity/witch_fix_texture"},"elements":[{"from":[6.25,5.083333,5.25],"to":[10.5,8.333333,9.5],"faces":{"east":{"uv":[10.625,8.625,11.15625,9.03125],"tintindex":0,"rotation":0,"texture":"#2"},"south":{"uv":[10.75,4.375,11.28125,4.78125],"tintindex":0,"rotation":0,"texture":"#2"},"north":{"uv":[5.25,10.625,5.78125,11.03125],"tintindex":0,"rotation":0,"texture":"#2"},"west":{"uv":[10.75,7.25,11.28125,7.65625],"tintindex":0,"rotation":0,"texture":"#2"},"up":{"uv":[9.15625,5.03125,8.625,4.5],"tintindex":0,"rotation":0,"texture":"#2"},"down":{"uv":[9.28125,0.0,8.75,0.53125],"tintindex":0,"rotation":0,"texture":"#2"}}},{"from":[6.25,7.333333,7.25],"to":[10.25,12.583333,10.75],"faces":{"east":{"uv":[6.375,8.5,6.8125,9.15625],"tintindex":0,"rotation":0,"texture":"#2"},"south":{"uv":[8.25,7.375,8.75,8.03125],"tintindex":0,"rotation":0,"texture":"#2"},"north":{"uv":[8.25,3.25,8.75,3.90625],"tintindex":0,"rotation":0,"texture":"#2"},"west":{"uv":[1.125,8.625,1.5625,9.28125],"tintindex":0,"rotation":0,"texture":"#2"},"up":{"uv":[10.75,7.0625,10.25,6.625],"tintindex":0,"rotation":0,"texture":"#2"},"down":{"uv":[10.75,8.0,10.25,8.4375],"tintindex":0,"rotation":0,"texture":"#2"}}}],"display":{"gui":{"rotation":[30,225,0]}}}