{"textures":{"2":"modelengine:entity/witch_fix_texture"},"elements":[{"from":[6.127308,1.8096123,6.241468],"to":[9.627308,4.8096123,9.741468],"faces":{"east":{"uv":[2.5,11.75,2.9375,12.125],"tintindex":0,"rotation":0,"texture":"#2"},"south":{"uv":[11.75,5.0,12.1875,5.375],"tintindex":0,"rotation":0,"texture":"#2"},"north":{"uv":[11.75,0.375,12.1875,0.75],"tintindex":0,"rotation":0,"texture":"#2"},"west":{"uv":[11.75,5.5,12.1875,5.875],"tintindex":0,"rotation":0,"texture":"#2"},"up":{"uv":[11.5625,0.8125,11.125,0.375],"tintindex":0,"rotation":0,"texture":"#2"},"down":{"uv":[3.3125,11.125,2.875,11.5625],"tintindex":0,"rotation":0,"texture":"#2"}}},{"from":[6.5625,4.0624666,6.5],"to":[9.3125,9.312466,9.5],"faces":{"east":{"uv":[9.875,5.25,10.25,5.90625],"tintindex":0,"rotation":0,"texture":"#2"},"south":{"uv":[10.125,2.875,10.46875,3.53125],"tintindex":0,"rotation":0,"texture":"#2"},"north":{"uv":[8.25,10.0,8.59375,10.65625],"tintindex":0,"rotation":0,"texture":"#2"},"west":{"uv":[8.75,9.875,9.125,10.53125],"tintindex":0,"rotation":0,"texture":"#2"},"up":{"uv":[12.71875,9.5,12.375,9.125],"tintindex":0,"rotation":0,"texture":"#2"},"down":{"uv":[11.34375,12.375,11.0,12.75],"tintindex":0,"rotation":0,"texture":"#2"}}}],"display":{"gui":{"rotation":[30,225,0]}}}