{"textures":{"2":"modelengine:entity/witch_fix_texture"},"elements":[{"from":[9.0,6.3611374,5.8964467],"to":[9.5,8.861137,8.896446],"faces":{"east":{"uv":[12.75,6.875,13.125,7.1875],"tintindex":0,"rotation":0,"texture":"#2"},"south":{"uv":[14.5,0.0,14.5625,0.3125],"tintindex":0,"rotation":0,"texture":"#2"},"north":{"uv":[11.875,14.375,11.9375,14.6875],"tintindex":0,"rotation":0,"texture":"#2"},"west":{"uv":[12.75,7.375,13.125,7.6875],"tintindex":0,"rotation":0,"texture":"#2"},"up":{"uv":[8.3125,14.625,8.25,14.25],"tintindex":0,"rotation":0,"texture":"#2"},"down":{"uv":[10.8125,14.25,10.75,14.625],"tintindex":0,"rotation":0,"texture":"#2"}},"rotation":{"origin":[8.0,8.839689,8.0],"angle":-45.0,"axis":"x"}},{"from":[7.0,6.6111374,7.8535533],"to":[9.5,7.1111374,10.853554],"faces":{"east":{"uv":[10.25,14.25,10.625,14.3125],"tintindex":0,"rotation":0,"texture":"#2"},"south":{"uv":[14.375,11.375,14.6875,11.4375],"tintindex":0,"rotation":0,"texture":"#2"},"north":{"uv":[11.375,14.375,11.6875,14.4375],"tintindex":0,"rotation":0,"texture":"#2"},"west":{"uv":[14.375,5.375,14.75,5.4375],"tintindex":0,"rotation":0,"texture":"#2"},"up":{"uv":[4.1875,13.125,3.875,12.75],"tintindex":0,"rotation":0,"texture":"#2"},"down":{"uv":[13.0625,4.25,12.75,4.625],"tintindex":0,"rotation":0,"texture":"#2"}},"rotation":{"origin":[8.0,8.839689,8.0],"angle":45.0,"axis":"x"}},{"from":[7.0,8.611137,5.8964467],"to":[9.5,9.111137,8.896446],"faces":{"east":{"uv":[14.375,5.625,14.75,5.6875],"tintindex":0,"rotation":0,"texture":"#2"},"south":{"uv":[14.125,14.375,14.4375,14.4375],"tintindex":0,"rotation":0,"texture":"#2"},"north":{"uv":[13.625,14.375,13.9375,14.4375],"tintindex":0,"rotation":0,"texture":"#2"},"west":{"uv":[6.875,14.375,7.25,14.4375],"tintindex":0,"rotation":0,"texture":"#2"},"up":{"uv":[5.3125,13.125,5.0,12.75],"tintindex":0,"rotation":0,"texture":"#2"},"down":{"uv":[7.0625,12.75,6.75,13.125],"tintindex":0,"rotation":0,"texture":"#2"}},"rotation":{"origin":[8.0,8.839689,8.0],"angle":-45.0,"axis":"x"}},{"from":[7.0,6.3611374,5.8964467],"to":[7.5,8.861137,8.896446],"faces":{"east":{"uv":[12.75,7.875,13.125,8.1875],"tintindex":0,"rotation":0,"texture":"#2"},"south":{"uv":[1.5,14.5,1.5625,14.8125],"tintindex":0,"rotation":0,"texture":"#2"},"north":{"uv":[0.75,14.5,0.8125,14.8125],"tintindex":0,"rotation":0,"texture":"#2"},"west":{"uv":[12.75,8.375,13.125,8.6875],"tintindex":0,"rotation":0,"texture":"#2"},"up":{"uv":[12.5625,14.625,12.5,14.25],"tintindex":0,"rotation":0,"texture":"#2"},"down":{"uv":[7.4375,14.375,7.375,14.75],"tintindex":0,"rotation":0,"texture":"#2"}},"rotation":{"origin":[8.0,8.839689,8.0],"angle":-45.0,"axis":"x"}}],"display":{"gui":{"rotation":[30,225,0]}}}