{"textures":{"2":"modelengine:entity/witch_fix_texture"},"elements":[{"from":[6.4375,2.3125,6.25],"to":[9.6875,4.3125,9.75],"faces":{"east":{"uv":[12.875,9.625,13.3125,9.875],"tintindex":0,"rotation":0,"texture":"#2"},"south":{"uv":[7.625,13.25,8.03125,13.5],"tintindex":0,"rotation":0,"texture":"#2"},"north":{"uv":[13.25,7.25,13.65625,7.5],"tintindex":0,"rotation":0,"texture":"#2"},"west":{"uv":[10.875,12.875,11.3125,13.125],"tintindex":0,"rotation":0,"texture":"#2"},"up":{"uv":[1.65625,12.0625,1.25,11.625],"tintindex":0,"rotation":0,"texture":"#2"},"down":{"uv":[2.28125,11.625,1.875,12.0625],"tintindex":0,"rotation":0,"texture":"#2"}}},{"from":[6.9375,1.3125,6.75],"to":[9.1875,9.3125,9.25],"faces":{"east":{"uv":[4.75,6.375,5.0625,7.375],"tintindex":0,"rotation":0,"texture":"#2"},"south":{"uv":[3.625,8.875,3.90625,9.875],"tintindex":0,"rotation":0,"texture":"#2"},"north":{"uv":[2.875,8.375,3.15625,9.375],"tintindex":0,"rotation":0,"texture":"#2"},"west":{"uv":[0.625,8.375,0.9375,9.375],"tintindex":0,"rotation":0,"texture":"#2"},"up":{"uv":[13.65625,6.3125,13.375,6.0],"tintindex":0,"rotation":0,"texture":"#2"},"down":{"uv":[7.15625,13.375,6.875,13.6875],"tintindex":0,"rotation":0,"texture":"#2"}}},{"from":[6.6875,6.3125,6.5],"to":[9.6875,8.3125,9.5],"faces":{"east":{"uv":[10.875,13.25,11.25,13.5],"tintindex":0,"rotation":0,"texture":"#2"},"south":{"uv":[13.25,11.0,13.625,11.25],"tintindex":0,"rotation":0,"texture":"#2"},"north":{"uv":[13.25,10.625,13.625,10.875],"tintindex":0,"rotation":0,"texture":"#2"},"west":{"uv":[13.25,11.375,13.625,11.625],"tintindex":0,"rotation":0,"texture":"#2"},"up":{"uv":[5.625,12.625,5.25,12.25],"tintindex":0,"rotation":0,"texture":"#2"},"down":{"uv":[7.375,12.25,7.0,12.625],"tintindex":0,"rotation":0,"texture":"#2"}}}],"display":{"gui":{"rotation":[30,225,0]}}}