{"textures":{"0":"modelengine:entity/weweweweweaasd"},"elements":[{"from":[9.0,6.3611374,5.8964467],"to":[9.5,8.861137,8.896446],"faces":{"east":{"uv":[5.875,12.75,6.25,13.125],"tintindex":0,"rotation":0,"texture":"#0"},"south":{"uv":[13.875,1.375,14.0,1.75],"tintindex":0,"rotation":0,"texture":"#0"},"north":{"uv":[13.875,0.875,14.0,1.25],"tintindex":0,"rotation":0,"texture":"#0"},"west":{"uv":[12.75,6.0,13.125,6.375],"tintindex":0,"rotation":0,"texture":"#0"},"up":{"uv":[14.0,3.0,13.875,2.625],"tintindex":0,"rotation":0,"texture":"#0"},"down":{"uv":[3.625,13.875,3.5,14.25],"tintindex":0,"rotation":0,"texture":"#0"}},"rotation":{"origin":[8.0,8.839689,8.0],"angle":-45.0,"axis":"x"}},{"from":[7.0,6.6111374,7.8535533],"to":[9.5,7.1111374,10.853554],"faces":{"east":{"uv":[13.75,10.125,14.125,10.25],"tintindex":0,"rotation":0,"texture":"#0"},"south":{"uv":[13.75,10.375,14.125,10.5],"tintindex":0,"rotation":0,"texture":"#0"},"north":{"uv":[10.125,13.75,10.5,13.875],"tintindex":0,"rotation":0,"texture":"#0"},"west":{"uv":[13.75,10.625,14.125,10.75],"tintindex":0,"rotation":0,"texture":"#0"},"up":{"uv":[2.125,13.125,1.75,12.75],"tintindex":0,"rotation":0,"texture":"#0"},"down":{"uv":[2.625,12.75,2.25,13.125],"tintindex":0,"rotation":0,"texture":"#0"}},"rotation":{"origin":[8.0,8.839689,8.0],"angle":45.0,"axis":"x"}},{"from":[7.0,8.611137,5.8964467],"to":[9.5,9.111137,8.896446],"faces":{"east":{"uv":[13.75,11.125,14.125,11.25],"tintindex":0,"rotation":0,"texture":"#0"},"south":{"uv":[13.75,11.375,14.125,11.5],"tintindex":0,"rotation":0,"texture":"#0"},"north":{"uv":[13.75,10.875,14.125,11.0],"tintindex":0,"rotation":0,"texture":"#0"},"west":{"uv":[13.75,13.0,14.125,13.125],"tintindex":0,"rotation":0,"texture":"#0"},"up":{"uv":[5.25,13.125,4.875,12.75],"tintindex":0,"rotation":0,"texture":"#0"},"down":{"uv":[5.75,12.75,5.375,13.125],"tintindex":0,"rotation":0,"texture":"#0"}},"rotation":{"origin":[8.0,8.839689,8.0],"angle":-45.0,"axis":"x"}},{"from":[7.0,6.3611374,5.8964467],"to":[7.5,8.861137,8.896446],"faces":{"east":{"uv":[12.875,2.875,13.25,3.25],"tintindex":0,"rotation":0,"texture":"#0"},"south":{"uv":[13.875,4.375,14.0,4.75],"tintindex":0,"rotation":0,"texture":"#0"},"north":{"uv":[3.75,13.875,3.875,14.25],"tintindex":0,"rotation":0,"texture":"#0"},"west":{"uv":[12.875,3.375,13.25,3.75],"tintindex":0,"rotation":0,"texture":"#0"},"up":{"uv":[6.5,14.25,6.375,13.875],"tintindex":0,"rotation":0,"texture":"#0"},"down":{"uv":[11.375,13.875,11.25,14.25],"tintindex":0,"rotation":0,"texture":"#0"}},"rotation":{"origin":[8.0,8.839689,8.0],"angle":-45.0,"axis":"x"}}],"display":{"gui":{"rotation":[30,225,0]}}}