{"textures":{"0":"modelengine:entity/witherksel"},"elements":[{"from":[7.6875,11.268417,2.3779507],"to":[8.3125,12.268417,5.8779507],"faces":{"east":{"uv":[4.25,1.9375,4.6875,2.0625],"tintindex":0,"rotation":0,"texture":"#0"},"south":{"uv":[5.8125,3.1875,5.875,3.3125],"tintindex":0,"rotation":0,"texture":"#0"},"north":{"uv":[5.5,4.4375,5.5625,4.5625],"tintindex":0,"rotation":0,"texture":"#0"},"west":{"uv":[5.0,4.4375,5.4375,4.5625],"tintindex":0,"rotation":0,"texture":"#0"},"up":{"uv":[7.5,9.0625,7.4375,8.625],"tintindex":0,"rotation":0,"texture":"#0"},"down":{"uv":[0.0625,8.6875,0.0,9.125],"tintindex":0,"rotation":0,"texture":"#0"}},"rotation":{"origin":[8.3125,11.643417,4.1279507],"angle":22.5,"axis":"x"}},{"from":[7.5625,8.643417,-15.247049],"to":[8.4375,9.768417,-14.247049],"faces":{"east":{"uv":[4.375,7.5625,4.5,7.6875],"tintindex":0,"rotation":0,"texture":"#0"},"south":{"uv":[8.75,0.25,8.875,0.375],"tintindex":0,"rotation":0,"texture":"#0"},"north":{"uv":[3.5625,6.25,3.6875,6.375],"tintindex":0,"rotation":0,"texture":"#0"},"west":{"uv":[0.375,8.75,0.5,8.875],"tintindex":0,"rotation":0,"texture":"#0"},"up":{"uv":[8.875,0.5625,8.75,0.4375],"tintindex":0,"rotation":0,"texture":"#0"},"down":{"uv":[8.875,0.625,8.75,0.75],"tintindex":0,"rotation":0,"texture":"#0"}},"rotation":{"origin":[8.0625,8.018417,-14.872049],"angle":45.0,"axis":"x"}},{"from":[8.0625,8.143417,-14.747049],"to":[8.9375,9.268417,-13.747049],"faces":{"east":{"uv":[8.75,1.3125,8.875,1.4375],"tintindex":0,"rotation":0,"texture":"#0"},"south":{"uv":[8.75,1.5,8.875,1.625],"tintindex":0,"rotation":0,"texture":"#0"},"north":{"uv":[1.1875,8.75,1.3125,8.875],"tintindex":0,"rotation":0,"texture":"#0"},"west":{"uv":[8.75,1.6875,8.875,1.8125],"tintindex":0,"rotation":0,"texture":"#0"},"up":{"uv":[2.875,8.875,2.75,8.75],"tintindex":0,"rotation":0,"texture":"#0"},"down":{"uv":[3.0625,8.75,2.9375,8.875],"tintindex":0,"rotation":0,"texture":"#0"}},"rotation":{"origin":[8.0625,8.018417,-14.872049],"angle":45.0,"axis":"x"}},{"from":[7.5625,6.2684174,-15.247049],"to":[8.4375,8.393417,-14.247049],"faces":{"east":{"uv":[5.9375,8.625,6.0625,8.875],"tintindex":0,"rotation":0,"texture":"#0"},"south":{"uv":[6.125,8.625,6.25,8.875],"tintindex":0,"rotation":0,"texture":"#0"},"north":{"uv":[5.75,8.625,5.875,8.875],"tintindex":0,"rotation":0,"texture":"#0"},"west":{"uv":[7.0,8.625,7.125,8.875],"tintindex":0,"rotation":0,"texture":"#0"},"up":{"uv":[8.75,8.875,8.625,8.75],"tintindex":0,"rotation":0,"texture":"#0"},"down":{"uv":[0.6875,8.8125,0.5625,8.9375],"tintindex":0,"rotation":0,"texture":"#0"}},"rotation":{"origin":[8.0625,8.018417,-14.872049],"angle":-45.0,"axis":"x"}},{"from":[7.0625,8.143417,-14.747049],"to":[7.9375,9.268417,-13.747049],"faces":{"east":{"uv":[8.75,5.0625,8.875,5.1875],"tintindex":0,"rotation":0,"texture":"#0"},"south":{"uv":[5.125,8.75,5.25,8.875],"tintindex":0,"rotation":0,"texture":"#0"},"north":{"uv":[8.75,4.875,8.875,5.0],"tintindex":0,"rotation":0,"texture":"#0"},"west":{"uv":[8.75,5.25,8.875,5.375],"tintindex":0,"rotation":0,"texture":"#0"},"up":{"uv":[8.5625,8.875,8.4375,8.75],"tintindex":0,"rotation":0,"texture":"#0"},"down":{"uv":[8.875,8.5625,8.75,8.6875],"tintindex":0,"rotation":0,"texture":"#0"}},"rotation":{"origin":[8.0625,8.018417,-14.872049],"angle":45.0,"axis":"x"}},{"from":[7.6875,4.1434174,4.0029507],"to":[8.3125,11.643417,6.0029507],"faces":{"east":{"uv":[2.5625,5.75,2.8125,6.6875],"tintindex":0,"rotation":0,"texture":"#0"},"south":{"uv":[6.5,8.4375,6.5625,9.375],"tintindex":0,"rotation":0,"texture":"#0"},"north":{"uv":[1.9375,4.125,2.0,5.0625],"tintindex":0,"rotation":0,"texture":"#0"},"west":{"uv":[2.875,5.75,3.125,6.6875],"tintindex":0,"rotation":0,"texture":"#0"},"up":{"uv":[5.375,8.0625,5.3125,7.8125],"tintindex":0,"rotation":0,"texture":"#0"},"down":{"uv":[1.4375,8.75,1.375,9.0],"tintindex":0,"rotation":0,"texture":"#0"}}},{"from":[7.5625,6.5184174,-13.872049],"to":[8.4375,9.518417,4.6279507],"faces":{"east":{"uv":[0.75,2.9375,3.0625,3.3125],"tintindex":0,"rotation":0,"texture":"#0"},"south":{"uv":[8.5,6.6875,8.625,7.0625],"tintindex":0,"rotation":0,"texture":"#0"},"north":{"uv":[8.5,5.5,8.625,5.875],"tintindex":0,"rotation":0,"texture":"#0"},"west":{"uv":[3.125,2.9375,5.4375,3.3125],"tintindex":0,"rotation":0,"texture":"#0"},"up":{"uv":[1.6875,6.4375,1.5625,4.125],"tintindex":0,"rotation":0,"texture":"#0"},"down":{"uv":[1.875,4.125,1.75,6.4375],"tintindex":0,"rotation":0,"texture":"#0"}}},{"from":[7.0625,7.2684174,-13.997049],"to":[8.9375,8.768417,4.2529507],"faces":{"east":{"uv":[4.125,2.125,6.4375,2.3125],"tintindex":0,"rotation":0,"texture":"#0"},"south":{"uv":[8.5625,0.0,8.8125,0.1875],"tintindex":0,"rotation":0,"texture":"#0"},"north":{"uv":[6.0625,2.9375,6.3125,3.125],"tintindex":0,"rotation":0,"texture":"#0"},"west":{"uv":[4.125,2.375,6.4375,2.5625],"tintindex":0,"rotation":0,"texture":"#0"},"up":{"uv":[2.3125,5.6875,2.0625,3.375],"tintindex":0,"rotation":0,"texture":"#0"},"down":{"uv":[2.625,3.375,2.375,5.6875],"tintindex":0,"rotation":0,"texture":"#0"}}},{"from":[7.5625,7.1434174,3.8779507],"to":[8.4375,8.643417,10.877951],"faces":{"east":{"uv":[6.875,3.4375,7.75,3.625],"tintindex":0,"rotation":0,"texture":"#0"},"south":{"uv":[8.0,8.6875,8.125,8.875],"tintindex":0,"rotation":0,"texture":"#0"},"north":{"uv":[7.8125,8.6875,7.9375,8.875],"tintindex":0,"rotation":0,"texture":"#0"},"west":{"uv":[6.875,3.6875,7.75,3.875],"tintindex":0,"rotation":0,"texture":"#0"},"up":{"uv":[2.125,8.5,2.0,7.625],"tintindex":0,"rotation":0,"texture":"#0"},"down":{"uv":[5.25,7.8125,5.125,8.6875],"tintindex":0,"rotation":0,"texture":"#0"}}},{"from":[7.0625,6.8934174,10.752951],"to":[8.9375,8.893417,12.752951],"faces":{"east":{"uv":[8.3125,7.25,8.5625,7.5],"tintindex":0,"rotation":0,"texture":"#0"},"south":{"uv":[7.3125,8.3125,7.5625,8.5625],"tintindex":0,"rotation":0,"texture":"#0"},"north":{"uv":[7.0,8.3125,7.25,8.5625],"tintindex":0,"rotation":0,"texture":"#0"},"west":{"uv":[0.0,8.375,0.25,8.625],"tintindex":0,"rotation":0,"texture":"#0"},"up":{"uv":[8.6875,0.75,8.4375,0.5],"tintindex":0,"rotation":0,"texture":"#0"},"down":{"uv":[1.4375,8.4375,1.1875,8.6875],"tintindex":0,"rotation":0,"texture":"#0"}}},{"from":[7.6875,4.0184174,-0.37204933],"to":[8.3125,5.0184174,3.1279507],"faces":{"east":{"uv":[3.1875,8.5,3.625,8.625],"tintindex":0,"rotation":0,"texture":"#0"},"south":{"uv":[1.0,6.4375,1.0625,6.5625],"tintindex":0,"rotation":0,"texture":"#0"},"north":{"uv":[5.9375,4.9375,6.0,5.0625],"tintindex":0,"rotation":0,"texture":"#0"},"west":{"uv":[8.5,3.9375,8.9375,4.0625],"tintindex":0,"rotation":0,"texture":"#0"},"up":{"uv":[0.1875,9.125,0.125,8.6875],"tintindex":0,"rotation":0,"texture":"#0"},"down":{"uv":[0.3125,8.6875,0.25,9.125],"tintindex":0,"rotation":0,"texture":"#0"}},"rotation":{"origin":[8.3125,11.643417,4.1279507],"angle":-22.5,"axis":"x"}}],"display":{"gui":{"rotation":[30,225,0]}}}