{"textures":{"0":"modelengine:entity/pasted"},"elements":[{"from":[8.5,8.833333,7.5],"to":[28.5,9.333333,8.5],"faces":{"east":{"uv":[5.46875,4.640625,5.5625,4.6875],"tintindex":0,"rotation":0,"texture":"#0"},"south":{"uv":[5.953125,2.359375,7.828125,2.40625],"tintindex":0,"rotation":0,"texture":"#0"},"north":{"uv":[5.421875,0.1875,7.296875,0.234375],"tintindex":0,"rotation":0,"texture":"#0"},"west":{"uv":[3.359375,5.703125,3.453125,5.75],"tintindex":0,"rotation":0,"texture":"#0"},"up":{"uv":[7.21875,1.390625,5.34375,1.296875],"tintindex":0,"rotation":0,"texture":"#0"},"down":{"uv":[7.28125,0.265625,5.40625,0.359375],"tintindex":0,"rotation":0,"texture":"#0"}},"rotation":{"origin":[8.0,9.083333,8.0],"angle":45.0,"axis":"y"}},{"from":[8.5,8.833333,7.5],"to":[28.5,9.333333,8.5],"faces":{"east":{"uv":[5.46875,4.640625,5.5625,4.6875],"tintindex":0,"rotation":0,"texture":"#0"},"south":{"uv":[5.953125,2.359375,7.828125,2.40625],"tintindex":0,"rotation":0,"texture":"#0"},"north":{"uv":[5.421875,0.1875,7.296875,0.234375],"tintindex":0,"rotation":0,"texture":"#0"},"west":{"uv":[3.359375,5.703125,3.453125,5.75],"tintindex":0,"rotation":0,"texture":"#0"},"up":{"uv":[7.21875,1.390625,5.34375,1.296875],"tintindex":0,"rotation":0,"texture":"#0"},"down":{"uv":[7.28125,0.265625,5.40625,0.359375],"tintindex":0,"rotation":0,"texture":"#0"}},"rotation":{"origin":[8.0,9.083333,8.0],"angle":-45.0,"axis":"y"}},{"from":[7.5,7.3333335,7.5],"to":[8.5,14.833334,8.5],"faces":{"east":{"uv":[0.625,3.90625,0.71875,4.609375],"tintindex":0,"rotation":0,"texture":"#0"},"south":{"uv":[0.703125,6.5,0.796875,7.203125],"tintindex":0,"rotation":0,"texture":"#0"},"north":{"uv":[0.71875,1.578125,0.8125,2.28125],"tintindex":0,"rotation":0,"texture":"#0"},"west":{"uv":[0.8125,6.5,0.90625,7.203125],"tintindex":0,"rotation":0,"texture":"#0"},"up":{"uv":[7.5625,3.046875,7.46875,2.953125],"tintindex":0,"rotation":0,"texture":"#0"},"down":{"uv":[3.90625,7.46875,3.8125,7.5625],"tintindex":0,"rotation":0,"texture":"#0"}}},{"from":[8.5,8.833333,7.5],"to":[28.5,9.333333,8.5],"faces":{"east":{"uv":[5.46875,4.640625,5.5625,4.6875],"tintindex":0,"rotation":0,"texture":"#0"},"south":{"uv":[5.953125,2.359375,7.828125,2.40625],"tintindex":0,"rotation":0,"texture":"#0"},"north":{"uv":[5.421875,0.1875,7.296875,0.234375],"tintindex":0,"rotation":0,"texture":"#0"},"west":{"uv":[3.359375,5.703125,3.453125,5.75],"tintindex":0,"rotation":0,"texture":"#0"},"up":{"uv":[7.21875,1.390625,5.34375,1.296875],"tintindex":0,"rotation":0,"texture":"#0"},"down":{"uv":[7.28125,0.265625,5.40625,0.359375],"tintindex":0,"rotation":0,"texture":"#0"}}}],"display":{"gui":{"rotation":[30,225,0]}}}