{"textures":{"0":"modelengine:entity/pasted"},"elements":[{"from":[5.25,-0.75,-3.5],"to":[10.75,13.25,21.5],"faces":{"east":{"uv":[3.59375,1.1875,4.375,1.625],"tintindex":0,"rotation":0,"texture":"#0"},"south":{"uv":[0.34375,6.40625,0.515625,6.84375],"tintindex":0,"rotation":0,"texture":"#0"},"north":{"uv":[6.3125,5.640625,6.484375,6.078125],"tintindex":0,"rotation":0,"texture":"#0"},"west":{"uv":[3.640625,2.953125,4.421875,3.390625],"tintindex":0,"rotation":0,"texture":"#0"},"up":{"uv":[5.15625,6.40625,4.984375,5.625],"tintindex":0,"rotation":0,"texture":"#0"},"down":{"uv":[5.34375,5.625,5.171875,6.40625],"tintindex":0,"rotation":0,"texture":"#0"}}}],"display":{"gui":{"rotation":[30,225,0]}}}