{"textures":{"0":"modelengine:entity/pasted"},"elements":[{"from":[5.25,-0.75,-3.5],"to":[10.75,13.25,21.5],"faces":{"east":{"uv":[3.375,2.046875,4.15625,2.484375],"tintindex":0,"rotation":0,"texture":"#0"},"south":{"uv":[1.0625,6.296875,1.234375,6.734375],"tintindex":0,"rotation":0,"texture":"#0"},"north":{"uv":[2.5,6.171875,2.671875,6.609375],"tintindex":0,"rotation":0,"texture":"#0"},"west":{"uv":[3.375,2.5,4.15625,2.9375],"tintindex":0,"rotation":0,"texture":"#0"},"up":{"uv":[4.78125,6.40625,4.609375,5.625],"tintindex":0,"rotation":0,"texture":"#0"},"down":{"uv":[4.96875,5.625,4.796875,6.40625],"tintindex":0,"rotation":0,"texture":"#0"}}}],"display":{"gui":{"rotation":[30,225,0]}}}