{"textures":{"0":"modelengine:entity/pasted"},"elements":[{"from":[5.111111,12.888889,10.333333],"to":[6.5555553,14.777778,17.777779],"faces":{"east":{"uv":[4.390625,1.6875,5.4375,1.953125],"tintindex":0,"rotation":0,"texture":"#0"},"south":{"uv":[0.34375,6.90625,0.546875,7.171875],"tintindex":0,"rotation":0,"texture":"#0"},"north":{"uv":[6.359375,6.890625,6.5625,7.15625],"tintindex":0,"rotation":0,"texture":"#0"},"west":{"uv":[3.96875,4.421875,5.015625,4.6875],"tintindex":0,"rotation":0,"texture":"#0"},"up":{"uv":[3.921875,5.765625,3.71875,4.71875],"tintindex":0,"rotation":0,"texture":"#0"},"down":{"uv":[2.21875,4.78125,2.015625,5.828125],"tintindex":0,"rotation":0,"texture":"#0"}}},{"from":[6.388889,8.75,1.4444442],"to":[6.8333335,10.527778,4.666667],"faces":{"east":{"uv":[0.0,3.046875,0.453125,3.296875],"tintindex":0,"rotation":0,"texture":"#0"},"south":{"uv":[0.15625,7.453125,0.21875,7.703125],"tintindex":0,"rotation":0,"texture":"#0"},"north":{"uv":[7.4375,5.640625,7.5,5.890625],"tintindex":0,"rotation":0,"texture":"#0"},"west":{"uv":[5.484375,2.171875,5.9375,2.421875],"tintindex":0,"rotation":0,"texture":"#0"},"up":{"uv":[1.0625,7.578125,1.0,7.125],"tintindex":0,"rotation":0,"texture":"#0"},"down":{"uv":[1.140625,7.125,1.078125,7.578125],"tintindex":0,"rotation":0,"texture":"#0"}},"rotation":{"origin":[6.611111,9.638889,3.1111112],"angle":-22.5,"axis":"x"}},{"from":[5.2222223,8.333333,6.3333335],"to":[6.888889,10.444445,13.111111],"faces":{"east":{"uv":[3.96875,3.796875,4.921875,4.09375],"tintindex":0,"rotation":0,"texture":"#0"},"south":{"uv":[2.6875,6.5625,2.921875,6.859375],"tintindex":0,"rotation":0,"texture":"#0"},"north":{"uv":[4.1875,6.546875,4.421875,6.84375],"tintindex":0,"rotation":0,"texture":"#0"},"west":{"uv":[3.96875,4.109375,4.921875,4.40625],"tintindex":0,"rotation":0,"texture":"#0"},"up":{"uv":[2.0,5.234375,1.765625,4.28125],"tintindex":0,"rotation":0,"texture":"#0"},"down":{"uv":[2.734375,4.484375,2.5,5.4375],"tintindex":0,"rotation":0,"texture":"#0"}}},{"from":[5.638889,8.888889,12.777778],"to":[7.3055553,11.0,19.444445],"faces":{"east":{"uv":[2.5,4.171875,3.4375,4.46875],"tintindex":0,"rotation":0,"texture":"#0"},"south":{"uv":[6.609375,3.625,6.84375,3.921875],"tintindex":0,"rotation":0,"texture":"#0"},"north":{"uv":[6.4375,6.578125,6.671875,6.875],"tintindex":0,"rotation":0,"texture":"#0"},"west":{"uv":[4.390625,1.09375,5.328125,1.390625],"tintindex":0,"rotation":0,"texture":"#0"},"up":{"uv":[3.484375,5.421875,3.25,4.484375],"tintindex":0,"rotation":0,"texture":"#0"},"down":{"uv":[0.859375,4.703125,0.625,5.640625],"tintindex":0,"rotation":0,"texture":"#0"}},"rotation":{"origin":[6.4722223,9.833333,16.11111],"angle":0.0,"axis":"x"}},{"from":[7.6666665,9.944445,28.5],"to":[8.333333,15.611111,29.722223],"faces":{"east":{"uv":[1.265625,3.34375,1.4375,4.140625],"tintindex":0,"rotation":0,"texture":"#0"},"south":{"uv":[0.5625,6.90625,0.625,7.703125],"tintindex":0,"rotation":0,"texture":"#0"},"north":{"uv":[6.578125,6.890625,6.640625,7.6875],"tintindex":0,"rotation":0,"texture":"#0"},"west":{"uv":[5.609375,5.484375,5.78125,6.28125],"tintindex":0,"rotation":0,"texture":"#0"},"up":{"uv":[1.953125,5.828125,1.890625,5.65625],"tintindex":0,"rotation":0,"texture":"#0"},"down":{"uv":[1.3125,6.296875,1.25,6.46875],"tintindex":0,"rotation":0,"texture":"#0"}},"rotation":{"origin":[8.111111,12.777778,29.38889],"angle":22.5,"axis":"x"}},{"from":[6.3055553,8.416667,4.4444447],"to":[6.75,11.083333,13.111111],"faces":{"east":{"uv":[1.6875,0.78125,2.90625,1.15625],"tintindex":0,"rotation":0,"texture":"#0"},"south":{"uv":[1.78125,7.3125,1.84375,7.6875],"tintindex":0,"rotation":0,"texture":"#0"},"north":{"uv":[7.296875,2.859375,7.359375,3.234375],"tintindex":0,"rotation":0,"texture":"#0"},"west":{"uv":[1.6875,1.171875,2.90625,1.546875],"tintindex":0,"rotation":0,"texture":"#0"},"up":{"uv":[0.328125,7.15625,0.265625,5.9375],"tintindex":0,"rotation":0,"texture":"#0"},"down":{"uv":[4.5625,5.984375,4.5,7.203125],"tintindex":0,"rotation":0,"texture":"#0"}}},{"from":[0.88888884,11.333333,12.777778],"to":[6.4444447,11.777778,15.444445],"faces":{"east":{"uv":[7.28125,1.421875,7.65625,1.484375],"tintindex":0,"rotation":0,"texture":"#0"},"south":{"uv":[6.9375,6.921875,7.71875,6.984375],"tintindex":0,"rotation":0,"texture":"#0"},"north":{"uv":[6.9375,6.84375,7.71875,6.90625],"tintindex":0,"rotation":0,"texture":"#0"},"west":{"uv":[7.28125,1.5,7.65625,1.5625],"tintindex":0,"rotation":0,"texture":"#0"},"up":{"uv":[4.4375,0.375,3.65625,0.0],"tintindex":0,"rotation":0,"texture":"#0"},"down":{"uv":[4.4375,0.390625,3.65625,0.765625],"tintindex":0,"rotation":0,"texture":"#0"}},"rotation":{"origin":[4.333333,11.5,14.444445],"angle":0.0,"axis":"y"}},{"from":[8.888889,10.222222,13.0],"to":[10.111111,14.555555,18.11111],"faces":{"east":{"uv":[0.71875,2.71875,1.4375,3.328125],"tintindex":0,"rotation":0,"texture":"#0"},"south":{"uv":[5.953125,1.59375,6.125,2.203125],"tintindex":0,"rotation":0,"texture":"#0"},"north":{"uv":[5.9375,5.828125,6.109375,6.4375],"tintindex":0,"rotation":0,"texture":"#0"},"west":{"uv":[2.921875,0.0,3.640625,0.609375],"tintindex":0,"rotation":0,"texture":"#0"},"up":{"uv":[3.71875,6.5,3.546875,5.78125],"tintindex":0,"rotation":0,"texture":"#0"},"down":{"uv":[3.90625,5.78125,3.734375,6.5],"tintindex":0,"rotation":0,"texture":"#0"}}},{"from":[6.1666665,10.277778,17.666668],"to":[7.388889,14.166666,22.777779],"faces":{"east":{"uv":[2.90625,3.296875,3.625,3.84375],"tintindex":0,"rotation":0,"texture":"#0"},"south":{"uv":[6.125,5.734375,6.296875,6.28125],"tintindex":0,"rotation":0,"texture":"#0"},"north":{"uv":[5.984375,5.171875,6.15625,5.71875],"tintindex":0,"rotation":0,"texture":"#0"},"west":{"uv":[0.0,3.34375,0.71875,3.890625],"tintindex":0,"rotation":0,"texture":"#0"},"up":{"uv":[5.96875,5.078125,5.796875,4.359375],"tintindex":0,"rotation":0,"texture":"#0"},"down":{"uv":[5.96875,5.09375,5.796875,5.8125],"tintindex":0,"rotation":0,"texture":"#0"}},"rotation":{"origin":[6.7777777,12.222222,20.222221],"angle":0.0,"axis":"x"}},{"from":[8.999661,14.241634,9.888889],"to":[9.221884,15.019413,15.222222],"faces":{"east":{"uv":[6.3125,2.65625,7.0625,2.765625],"tintindex":0,"rotation":0,"texture":"#0"},"south":{"uv":[3.90625,7.578125,3.9375,7.6875],"tintindex":0,"rotation":0,"texture":"#0"},"north":{"uv":[3.859375,7.578125,3.890625,7.6875],"tintindex":0,"rotation":0,"texture":"#0"},"west":{"uv":[6.3125,4.21875,7.0625,4.328125],"tintindex":0,"rotation":0,"texture":"#0"},"up":{"uv":[1.890625,8.0625,1.859375,7.3125],"tintindex":0,"rotation":0,"texture":"#0"},"down":{"uv":[1.9375,7.3125,1.90625,8.0625],"tintindex":0,"rotation":0,"texture":"#0"}},"rotation":{"origin":[9.110772,14.630524,13.222222],"angle":0.0,"axis":"z"}}],"display":{"gui":{"rotation":[30,225,0]}}}