{"textures":{"0":"modelengine:entity/ming"},"elements":[{"from":[7.428571,22.857143,22.285717],"to":[11.142858,26.57143,29.14286],"rotation":{"angle":0.0,"axis":"y","origin":[8.0,8.0,30.000004]},"faces":{"east":{"uv":[1.6875,5.25,2.0625,5.453125],"rotation":0,"texture":"#0","tintindex":0},"south":{"uv":[9.75,9.375,9.953125,9.578125],"rotation":0,"texture":"#0","tintindex":0},"north":{"uv":[9.75,4.9375,9.953125,5.140625],"rotation":0,"texture":"#0","tintindex":0},"west":{"uv":[1.875,5.75,2.25,5.953125],"rotation":0,"texture":"#0","tintindex":0},"up":{"uv":[3.578125,2.4375,3.375,2.0625],"rotation":0,"texture":"#0","tintindex":0},"down":{"uv":[9.015625,5.0625,8.8125,5.4375],"rotation":0,"texture":"#0","tintindex":0}}},{"from":[4.8571424,22.857143,22.285717],"to":[8.571428,26.57143,29.14286],"rotation":{"angle":0.0,"axis":"y","origin":[8.0,8.0,30.000004]},"faces":{"east":{"uv":[8.8125,5.4375,9.1875,5.640625],"rotation":0,"texture":"#0","tintindex":0},"south":{"uv":[9.8125,1.5,10.015625,1.703125],"rotation":0,"texture":"#0","tintindex":0},"north":{"uv":[9.5625,9.75,9.765625,9.953125],"rotation":0,"texture":"#0","tintindex":0},"west":{"uv":[8.8125,5.6875,9.1875,5.890625],"rotation":0,"texture":"#0","tintindex":0},"up":{"uv":[9.078125,0.6875,8.875,0.3125],"rotation":0,"texture":"#0","tintindex":0},"down":{"uv":[9.078125,1.5,8.875,1.875],"rotation":0,"texture":"#0","tintindex":0}}},{"from":[7.142857,24.0,11.14286],"to":[8.857143,25.714287,22.571432],"rotation":{"angle":0.0,"axis":"y","origin":[8.0,8.0,30.000004]},"faces":{"east":{"uv":[8.0,6.4375,8.625,6.53125],"rotation":0,"texture":"#0","tintindex":0},"south":{"uv":[10.625,0.3125,10.71875,0.40625],"rotation":0,"texture":"#0","tintindex":0},"north":{"uv":[0.3125,10.625,0.40625,10.71875],"rotation":0,"texture":"#0","tintindex":0},"west":{"uv":[9.375,6.3125,10.0,6.40625],"rotation":0,"texture":"#0","tintindex":0},"up":{"uv":[0.46875,9.8125,0.375,9.1875],"rotation":0,"texture":"#0","tintindex":0},"down":{"uv":[3.96875,9.375,3.875,10.0],"rotation":0,"texture":"#0","tintindex":0}}},{"from":[7.142857,24.0,-14.85714],"to":[8.857143,25.714287,-11.42857],"rotation":{"angle":0.0,"axis":"y","origin":[8.0,8.0,30.000004]},"faces":{"east":{"uv":[4.125,10.375,4.3125,10.46875],"rotation":0,"texture":"#0","tintindex":0},"south":{"uv":[0.75,10.625,0.84375,10.71875],"rotation":0,"texture":"#0","tintindex":0},"north":{"uv":[0.625,10.625,0.71875,10.71875],"rotation":0,"texture":"#0","tintindex":0},"west":{"uv":[4.3125,10.375,4.5,10.46875],"rotation":0,"texture":"#0","tintindex":0},"up":{"uv":[10.46875,4.5625,10.375,4.375],"rotation":0,"texture":"#0","tintindex":0},"down":{"uv":[4.59375,10.375,4.5,10.5625],"rotation":0,"texture":"#0","tintindex":0}}},{"from":[6.5714283,23.428572,-16.0],"to":[9.428572,26.285715,-12.85714],"rotation":{"angle":0.0,"axis":"y","origin":[8.0,8.0,30.000004]},"faces":{"east":{"uv":[10.25,1.25,10.421875,1.40625],"rotation":0,"texture":"#0","tintindex":0},"south":{"uv":[10.25,9.9375,10.40625,10.09375],"rotation":0,"texture":"#0","tintindex":0},"north":{"uv":[10.25,9.75,10.40625,9.90625],"rotation":0,"texture":"#0","tintindex":0},"west":{"uv":[10.25,5.125,10.421875,5.28125],"rotation":0,"texture":"#0","tintindex":0},"up":{"uv":[10.40625,8.359375,10.25,8.1875],"rotation":0,"texture":"#0","tintindex":0},"down":{"uv":[10.40625,9.375,10.25,9.546875],"rotation":0,"texture":"#0","tintindex":0}}},{"from":[7.428571,24.285715,-13.42857],"to":[8.571428,25.428572,11.714289],"rotation":{"angle":0.0,"axis":"y","origin":[8.0,8.0,30.000004]},"faces":{"east":{"uv":[8.0,6.3125,9.375,6.375],"rotation":0,"texture":"#0","tintindex":0},"south":{"uv":[1.0,7.1875,1.0625,7.25],"rotation":0,"texture":"#0","tintindex":0},"north":{"uv":[2.75,6.9375,2.8125,7.0],"rotation":0,"texture":"#0","tintindex":0},"west":{"uv":[8.0,6.375,9.375,6.4375],"rotation":0,"texture":"#0","tintindex":0},"up":{"uv":[1.0625,10.0625,1.0,8.6875],"rotation":0,"texture":"#0","tintindex":0},"down":{"uv":[1.125,8.6875,1.0625,10.0625],"rotation":0,"texture":"#0","tintindex":0}}},{"from":[6.857143,23.714287,16.000004],"to":[9.142858,26.0,27.428576],"rotation":{"angle":0.0,"axis":"y","origin":[8.0,8.0,30.000004]},"faces":{"east":{"uv":[1.0625,6.75,1.6875,6.875],"rotation":0,"texture":"#0","tintindex":0},"south":{"uv":[2.8125,8.1875,2.9375,8.3125],"rotation":0,"texture":"#0","tintindex":0},"north":{"uv":[0.875,7.75,1.0,7.875],"rotation":0,"texture":"#0","tintindex":0},"west":{"uv":[7.5625,4.1875,8.1875,4.3125],"rotation":0,"texture":"#0","tintindex":0},"up":{"uv":[8.9375,5.0625,8.8125,4.4375],"rotation":0,"texture":"#0","tintindex":0},"down":{"uv":[4.875,8.8125,4.75,9.4375],"rotation":0,"texture":"#0","tintindex":0}}},{"from":[6.857143,22.857143,20.571432],"to":[11.714286,26.57143,23.428576],"rotation":{"angle":0.0,"axis":"y","origin":[8.0,8.0,30.000004]},"faces":{"east":{"uv":[9.9375,10.1875,10.09375,10.390625],"rotation":0,"texture":"#0","tintindex":0},"south":{"uv":[9.4375,2.8125,9.703125,3.015625],"rotation":0,"texture":"#0","tintindex":0},"north":{"uv":[9.3125,9.375,9.578125,9.578125],"rotation":0,"texture":"#0","tintindex":0},"west":{"uv":[10.25,0.0,10.40625,0.203125],"rotation":0,"texture":"#0","tintindex":0},"up":{"uv":[9.890625,0.53125,9.625,0.375],"rotation":0,"texture":"#0","tintindex":0},"down":{"uv":[9.890625,8.75,9.625,8.90625],"rotation":0,"texture":"#0","tintindex":0}}},{"from":[4.285714,22.857143,20.571432],"to":[9.142858,26.57143,23.428576],"rotation":{"angle":0.0,"axis":"y","origin":[8.0,8.0,30.000004]},"faces":{"east":{"uv":[0.875,10.25,1.03125,10.453125],"rotation":0,"texture":"#0","tintindex":0},"south":{"uv":[9.4375,4.875,9.703125,5.078125],"rotation":0,"texture":"#0","tintindex":0},"north":{"uv":[9.4375,3.75,9.703125,3.953125],"rotation":0,"texture":"#0","tintindex":0},"west":{"uv":[10.25,2.375,10.40625,2.578125],"rotation":0,"texture":"#0","tintindex":0},"up":{"uv":[10.015625,2.96875,9.75,2.8125],"rotation":0,"texture":"#0","tintindex":0},"down":{"uv":[10.015625,3.75,9.75,3.90625],"rotation":0,"texture":"#0","tintindex":0}}}],"display":{"head":{"translation":[0.0,-6.4,-88.000015],"scale":[4.0,4.0,4.0]}}}