{"textures":{"1":"modelengine:entity/witch_texture"},"elements":[{"from":[5.6666665,6.814045,5.262512],"to":[11.166666,9.314045,13.012512],"faces":{"east":{"uv":[9.625,8.875,10.59375,9.1875],"tintindex":0,"rotation":0,"texture":"#1"},"south":{"uv":[11.125,8.875,11.8125,9.1875],"tintindex":0,"rotation":0,"texture":"#1"},"north":{"uv":[11.125,5.875,11.8125,6.1875],"tintindex":0,"rotation":0,"texture":"#1"},"west":{"uv":[2.75,9.75,3.71875,10.0625],"tintindex":0,"rotation":0,"texture":"#1"},"up":{"uv":[6.0625,9.71875,5.375,8.75],"tintindex":0,"rotation":0,"texture":"#1"},"down":{"uv":[9.8125,2.5,9.125,3.46875],"tintindex":0,"rotation":0,"texture":"#1"}}},{"from":[4.1666665,5.564045,4.762512],"to":[11.666666,7.064045,14.012512],"faces":{"east":{"uv":[11.0,3.0,12.15625,3.1875],"tintindex":0,"rotation":0,"texture":"#1"},"south":{"uv":[0.0,11.75,0.9375,11.9375],"tintindex":0,"rotation":0,"texture":"#1"},"north":{"uv":[10.875,11.625,11.8125,11.8125],"tintindex":0,"rotation":0,"texture":"#1"},"west":{"uv":[11.0,3.25,12.15625,3.4375],"tintindex":0,"rotation":0,"texture":"#1"},"up":{"uv":[7.5625,9.53125,6.625,8.375],"tintindex":0,"rotation":0,"texture":"#1"},"down":{"uv":[8.5625,8.375,7.625,9.53125],"tintindex":0,"rotation":0,"texture":"#1"}}},{"from":[6.1666665,8.314045,6.012512],"to":[10.666666,11.064045,12.762512],"faces":{"east":{"uv":[5.25,9.75,6.09375,10.09375],"tintindex":0,"rotation":0,"texture":"#1"},"south":{"uv":[11.25,8.375,11.8125,8.71875],"tintindex":0,"rotation":0,"texture":"#1"},"north":{"uv":[11.25,7.625,11.8125,7.96875],"tintindex":0,"rotation":0,"texture":"#1"},"west":{"uv":[9.875,0.5,10.71875,0.84375],"tintindex":0,"rotation":0,"texture":"#1"},"up":{"uv":[9.8125,0.84375,9.25,0.0],"tintindex":0,"rotation":0,"texture":"#1"},"down":{"uv":[9.8125,0.875,9.25,1.71875],"tintindex":0,"rotation":0,"texture":"#1"}},"rotation":{"origin":[8.166667,10.064045,7.887512],"angle":22.5,"axis":"x"}}],"display":{"gui":{"rotation":[30,225,0]}}}