{"textures":{"1":"modelengine:entity/witch_texture"},"elements":[{"from":[6.25,5.083333,5.25],"to":[10.5,8.333333,9.5],"faces":{"east":{"uv":[11.0,5.125,11.53125,5.53125],"tintindex":0,"rotation":0,"texture":"#1"},"south":{"uv":[8.125,11.0,8.65625,11.40625],"tintindex":0,"rotation":0,"texture":"#1"},"north":{"uv":[4.25,11.0,4.78125,11.40625],"tintindex":0,"rotation":0,"texture":"#1"},"west":{"uv":[11.0,10.625,11.53125,11.03125],"tintindex":0,"rotation":0,"texture":"#1"},"up":{"uv":[10.40625,10.40625,9.875,9.875],"tintindex":0,"rotation":0,"texture":"#1"},"down":{"uv":[10.53125,1.375,10.0,1.90625],"tintindex":0,"rotation":0,"texture":"#1"}}},{"from":[6.25,7.333333,7.25],"to":[10.25,12.583333,10.75],"faces":{"east":{"uv":[9.875,2.375,10.3125,3.03125],"tintindex":0,"rotation":0,"texture":"#1"},"south":{"uv":[9.625,8.125,10.125,8.78125],"tintindex":0,"rotation":0,"texture":"#1"},"north":{"uv":[4.75,9.375,5.25,10.03125],"tintindex":0,"rotation":0,"texture":"#1"},"west":{"uv":[8.375,9.875,8.8125,10.53125],"tintindex":0,"rotation":0,"texture":"#1"},"up":{"uv":[7.625,11.1875,7.125,10.75],"tintindex":0,"rotation":0,"texture":"#1"},"down":{"uv":[8.125,10.75,7.625,11.1875],"tintindex":0,"rotation":0,"texture":"#1"}}}],"display":{"gui":{"rotation":[30,225,0]}}}