{"textures":{"1":"modelengine:entity/witch_texture"},"elements":[{"from":[6.127308,1.8096123,6.241468],"to":[9.627308,4.8096123,9.741468],"faces":{"east":{"uv":[2.25,11.75,2.6875,12.125],"tintindex":0,"rotation":0,"texture":"#1"},"south":{"uv":[11.75,4.0,12.1875,4.375],"tintindex":0,"rotation":0,"texture":"#1"},"north":{"uv":[11.75,0.0,12.1875,0.375],"tintindex":0,"rotation":0,"texture":"#1"},"west":{"uv":[6.625,11.75,7.0625,12.125],"tintindex":0,"rotation":0,"texture":"#1"},"up":{"uv":[1.6875,11.8125,1.25,11.375],"tintindex":0,"rotation":0,"texture":"#1"},"down":{"uv":[11.8125,6.25,11.375,6.6875],"tintindex":0,"rotation":0,"texture":"#1"}}},{"from":[6.5625,4.0624666,6.5],"to":[9.3125,9.312466,9.5],"faces":{"east":{"uv":[9.875,10.5,10.25,11.15625],"tintindex":0,"rotation":0,"texture":"#1"},"south":{"uv":[10.25,10.625,10.59375,11.28125],"tintindex":0,"rotation":0,"texture":"#1"},"north":{"uv":[9.5,10.625,9.84375,11.28125],"tintindex":0,"rotation":0,"texture":"#1"},"west":{"uv":[10.5,9.875,10.875,10.53125],"tintindex":0,"rotation":0,"texture":"#1"},"up":{"uv":[12.46875,2.875,12.125,2.5],"tintindex":0,"rotation":0,"texture":"#1"},"down":{"uv":[12.46875,5.375,12.125,5.75],"tintindex":0,"rotation":0,"texture":"#1"}}}],"display":{"gui":{"rotation":[30,225,0]}}}