{"textures":{"1":"modelengine:entity/witch_texture"},"elements":[{"from":[9.0,6.3611374,5.8964467],"to":[9.5,8.861137,8.896446],"faces":{"east":{"uv":[12.0,12.25,12.375,12.5625],"tintindex":0,"rotation":0,"texture":"#1"},"south":{"uv":[7.0,13.0,7.0625,13.3125],"tintindex":0,"rotation":0,"texture":"#1"},"north":{"uv":[6.875,13.0,6.9375,13.3125],"tintindex":0,"rotation":0,"texture":"#1"},"west":{"uv":[0.0,12.375,0.375,12.6875],"tintindex":0,"rotation":0,"texture":"#1"},"up":{"uv":[2.3125,13.375,2.25,13.0],"tintindex":0,"rotation":0,"texture":"#1"},"down":{"uv":[2.4375,13.0,2.375,13.375],"tintindex":0,"rotation":0,"texture":"#1"}},"rotation":{"origin":[8.0,8.839689,8.0],"angle":-45.0,"axis":"x"}},{"from":[7.0,6.6111374,7.8535533],"to":[9.5,7.1111374,10.853554],"faces":{"east":{"uv":[9.875,11.25,10.25,11.3125],"tintindex":0,"rotation":0,"texture":"#1"},"south":{"uv":[13.0,6.75,13.3125,6.8125],"tintindex":0,"rotation":0,"texture":"#1"},"north":{"uv":[13.0,6.625,13.3125,6.6875],"tintindex":0,"rotation":0,"texture":"#1"},"west":{"uv":[11.5,1.25,11.875,1.3125],"tintindex":0,"rotation":0,"texture":"#1"},"up":{"uv":[4.9375,12.625,4.625,12.25],"tintindex":0,"rotation":0,"texture":"#1"},"down":{"uv":[5.3125,12.25,5.0,12.625],"tintindex":0,"rotation":0,"texture":"#1"}},"rotation":{"origin":[8.0,8.839689,8.0],"angle":45.0,"axis":"x"}},{"from":[7.0,8.611137,5.8964467],"to":[9.5,9.111137,8.896446],"faces":{"east":{"uv":[13.0,3.0,13.375,3.0625],"tintindex":0,"rotation":0,"texture":"#1"},"south":{"uv":[8.75,13.0,9.0625,13.0625],"tintindex":0,"rotation":0,"texture":"#1"},"north":{"uv":[8.125,13.0,8.4375,13.0625],"tintindex":0,"rotation":0,"texture":"#1"},"west":{"uv":[13.0,3.125,13.375,3.1875],"tintindex":0,"rotation":0,"texture":"#1"},"up":{"uv":[10.8125,12.625,10.5,12.25],"tintindex":0,"rotation":0,"texture":"#1"},"down":{"uv":[11.1875,12.25,10.875,12.625],"tintindex":0,"rotation":0,"texture":"#1"}},"rotation":{"origin":[8.0,8.839689,8.0],"angle":-45.0,"axis":"x"}},{"from":[7.0,6.3611374,5.8964467],"to":[7.5,8.861137,8.896446],"faces":{"east":{"uv":[0.375,12.375,0.75,12.6875],"tintindex":0,"rotation":0,"texture":"#1"},"south":{"uv":[7.75,13.0,7.8125,13.3125],"tintindex":0,"rotation":0,"texture":"#1"},"north":{"uv":[7.625,13.0,7.6875,13.3125],"tintindex":0,"rotation":0,"texture":"#1"},"west":{"uv":[12.375,1.25,12.75,1.5625],"tintindex":0,"rotation":0,"texture":"#1"},"up":{"uv":[3.3125,13.375,3.25,13.0],"tintindex":0,"rotation":0,"texture":"#1"},"down":{"uv":[3.4375,13.0,3.375,13.375],"tintindex":0,"rotation":0,"texture":"#1"}},"rotation":{"origin":[8.0,8.839689,8.0],"angle":-45.0,"axis":"x"}}],"display":{"gui":{"rotation":[30,225,0]}}}