{"textures":{"1":"modelengine:entity/witch_texture"},"elements":[{"from":[5.75,7.3332996,7.25],"to":[9.75,12.5833,10.75],"faces":{"east":{"uv":[8.875,9.875,9.3125,10.53125],"tintindex":0,"rotation":0,"texture":"#1"},"south":{"uv":[0.5,9.75,1.0,10.40625],"tintindex":0,"rotation":0,"texture":"#1"},"north":{"uv":[0.0,9.75,0.5,10.40625],"tintindex":0,"rotation":0,"texture":"#1"},"west":{"uv":[9.375,9.875,9.8125,10.53125],"tintindex":0,"rotation":0,"texture":"#1"},"up":{"uv":[11.375,10.5625,10.875,10.125],"tintindex":0,"rotation":0,"texture":"#1"},"down":{"uv":[3.25,11.0,2.75,11.4375],"tintindex":0,"rotation":0,"texture":"#1"}}},{"from":[5.5,5.0832996,5.25],"to":[9.75,8.3333,9.5],"faces":{"east":{"uv":[11.125,4.0,11.65625,4.40625],"tintindex":0,"rotation":0,"texture":"#1"},"south":{"uv":[4.875,11.125,5.40625,11.53125],"tintindex":0,"rotation":0,"texture":"#1"},"north":{"uv":[11.125,0.0,11.65625,0.40625],"tintindex":0,"rotation":0,"texture":"#1"},"west":{"uv":[8.75,11.125,9.28125,11.53125],"tintindex":0,"rotation":0,"texture":"#1"},"up":{"uv":[10.53125,3.65625,10.0,3.125],"tintindex":0,"rotation":0,"texture":"#1"},"down":{"uv":[4.28125,10.0,3.75,10.53125],"tintindex":0,"rotation":0,"texture":"#1"}}}],"display":{"gui":{"rotation":[30,225,0]}}}