{"textures":{"1":"modelengine:entity/witch_texture"},"elements":[{"from":[6.3726926,1.8096466,6.241468],"to":[9.872692,4.8096466,9.741468],"faces":{"east":{"uv":[11.875,1.25,12.3125,1.625],"tintindex":0,"rotation":0,"texture":"#1"},"south":{"uv":[11.875,1.625,12.3125,2.0],"tintindex":0,"rotation":0,"texture":"#1"},"north":{"uv":[1.0,11.875,1.4375,12.25],"tintindex":0,"rotation":0,"texture":"#1"},"west":{"uv":[11.875,5.875,12.3125,6.25],"tintindex":0,"rotation":0,"texture":"#1"},"up":{"uv":[11.8125,7.1875,11.375,6.75],"tintindex":0,"rotation":0,"texture":"#1"},"down":{"uv":[9.8125,11.375,9.375,11.8125],"tintindex":0,"rotation":0,"texture":"#1"}}},{"from":[6.6875,4.062501,6.5],"to":[9.4375,9.3125,9.5],"faces":{"east":{"uv":[10.625,3.0,11.0,3.65625],"tintindex":0,"rotation":0,"texture":"#1"},"south":{"uv":[1.875,10.75,2.21875,11.40625],"tintindex":0,"rotation":0,"texture":"#1"},"north":{"uv":[10.625,10.625,10.96875,11.28125],"tintindex":0,"rotation":0,"texture":"#1"},"west":{"uv":[3.75,10.625,4.125,11.28125],"tintindex":0,"rotation":0,"texture":"#1"},"up":{"uv":[6.84375,12.5,6.5,12.125],"tintindex":0,"rotation":0,"texture":"#1"},"down":{"uv":[7.21875,12.125,6.875,12.5],"tintindex":0,"rotation":0,"texture":"#1"}}}],"display":{"gui":{"rotation":[30,225,0]}}}