{"textures":{"1":"modelengine:entity/witch_texture"},"elements":[{"from":[8.5,6.3611374,5.8964467],"to":[9.0,8.861137,8.896446],"faces":{"east":{"uv":[9.125,12.125,9.5,12.4375],"tintindex":0,"rotation":0,"texture":"#1"},"south":{"uv":[3.625,13.0,3.6875,13.3125],"tintindex":0,"rotation":0,"texture":"#1"},"north":{"uv":[3.5,13.0,3.5625,13.3125],"tintindex":0,"rotation":0,"texture":"#1"},"west":{"uv":[9.5,12.125,9.875,12.4375],"tintindex":0,"rotation":0,"texture":"#1"},"up":{"uv":[7.6875,12.0,7.625,11.625],"tintindex":0,"rotation":0,"texture":"#1"},"down":{"uv":[7.9375,12.75,7.875,13.125],"tintindex":0,"rotation":0,"texture":"#1"}},"rotation":{"origin":[8.0,8.839689,8.0],"angle":-45.0,"axis":"x"}},{"from":[6.5,6.6111374,7.8535533],"to":[9.0,7.1111374,10.853554],"faces":{"east":{"uv":[10.75,4.0,11.125,4.0625],"tintindex":0,"rotation":0,"texture":"#1"},"south":{"uv":[6.5,13.0,6.8125,13.0625],"tintindex":0,"rotation":0,"texture":"#1"},"north":{"uv":[6.125,13.0,6.4375,13.0625],"tintindex":0,"rotation":0,"texture":"#1"},"west":{"uv":[4.875,11.0,5.25,11.0625],"tintindex":0,"rotation":0,"texture":"#1"},"up":{"uv":[12.5625,4.375,12.25,4.0],"tintindex":0,"rotation":0,"texture":"#1"},"down":{"uv":[4.5625,12.25,4.25,12.625],"tintindex":0,"rotation":0,"texture":"#1"}},"rotation":{"origin":[8.0,8.839689,8.0],"angle":45.0,"axis":"x"}},{"from":[6.5,8.611137,5.8964467],"to":[9.0,9.111137,8.896446],"faces":{"east":{"uv":[10.0,5.625,10.375,5.6875],"tintindex":0,"rotation":0,"texture":"#1"},"south":{"uv":[5.75,13.0,6.0625,13.0625],"tintindex":0,"rotation":0,"texture":"#1"},"north":{"uv":[13.0,3.25,13.3125,3.3125],"tintindex":0,"rotation":0,"texture":"#1"},"west":{"uv":[10.5,7.125,10.875,7.1875],"tintindex":0,"rotation":0,"texture":"#1"},"up":{"uv":[10.4375,12.5,10.125,12.125],"tintindex":0,"rotation":0,"texture":"#1"},"down":{"uv":[12.5625,0.0,12.25,0.375],"tintindex":0,"rotation":0,"texture":"#1"}},"rotation":{"origin":[8.0,8.839689,8.0],"angle":-45.0,"axis":"x"}},{"from":[6.5,6.3611374,5.8964467],"to":[7.0,8.861137,8.896446],"faces":{"east":{"uv":[1.0,12.25,1.375,12.5625],"tintindex":0,"rotation":0,"texture":"#1"},"south":{"uv":[3.875,13.0,3.9375,13.3125],"tintindex":0,"rotation":0,"texture":"#1"},"north":{"uv":[3.75,13.0,3.8125,13.3125],"tintindex":0,"rotation":0,"texture":"#1"},"west":{"uv":[12.25,3.0,12.625,3.3125],"tintindex":0,"rotation":0,"texture":"#1"},"up":{"uv":[10.1875,13.25,10.125,12.875],"tintindex":0,"rotation":0,"texture":"#1"},"down":{"uv":[1.0625,13.0,1.0,13.375],"tintindex":0,"rotation":0,"texture":"#1"}},"rotation":{"origin":[8.0,8.839689,8.0],"angle":-45.0,"axis":"x"}}],"display":{"gui":{"rotation":[30,225,0]}}}