{"textures":{"0":"modelengine:entity/texture"},"elements":[{"from":[5.875,19.5625,-8.4375],"to":[10.375,25.0625,-5.9375],"faces":{"east":{"uv":[4.21875,3.5390625,4.296875,3.7109375],"tintindex":0,"rotation":0,"texture":"#0"},"south":{"uv":[4.515625,3.5390625,4.65625,3.7109375],"tintindex":0,"rotation":0,"texture":"#0"},"north":{"uv":[4.296875,3.5390625,4.4375,3.7109375],"tintindex":0,"rotation":0,"texture":"#0"},"west":{"uv":[4.4375,3.5390625,4.515625,3.7109375],"tintindex":0,"rotation":0,"texture":"#0"},"up":{"uv":[4.4375,3.5390625,4.296875,3.4609375],"tintindex":0,"rotation":0,"texture":"#0"},"down":{"uv":[4.578125,3.4609375,4.4375,3.5390625],"tintindex":0,"rotation":0,"texture":"#0"}},"rotation":{"origin":[8.0,8.0,8.0],"angle":-22.5,"axis":"x"}},{"from":[5.875,11.4375,-11.5625],"to":[10.375,16.9375,3.4375],"faces":{"east":{"uv":[6.53125,0.46875,7.0,0.640625],"tintindex":0,"rotation":0,"texture":"#0"},"south":{"uv":[7.609375,0.46875,7.75,0.640625],"tintindex":0,"rotation":0,"texture":"#0"},"north":{"uv":[7.0,0.46875,7.140625,0.640625],"tintindex":0,"rotation":0,"texture":"#0"},"west":{"uv":[7.140625,0.46875,7.609375,0.640625],"tintindex":0,"rotation":0,"texture":"#0"},"up":{"uv":[7.140625,0.46875,7.0,0.0],"tintindex":0,"rotation":0,"texture":"#0"},"down":{"uv":[7.28125,0.0,7.140625,0.46875],"tintindex":0,"rotation":0,"texture":"#0"}}},{"from":[5.125,13.4375,-2.4375],"to":[11.125,18.6875,2.5625],"faces":{"east":{"uv":[2.34375,1.6328125,2.5,1.796875],"tintindex":0,"rotation":0,"texture":"#0"},"south":{"uv":[2.84375,1.6328125,3.03125,1.796875],"tintindex":0,"rotation":0,"texture":"#0"},"north":{"uv":[2.5,1.6328125,2.6875,1.796875],"tintindex":0,"rotation":0,"texture":"#0"},"west":{"uv":[2.6875,1.6328125,2.84375,1.796875],"tintindex":0,"rotation":0,"texture":"#0"},"up":{"uv":[2.6875,1.6328125,2.5,1.4765625],"tintindex":0,"rotation":0,"texture":"#0"},"down":{"uv":[2.875,1.4765625,2.6875,1.6328125],"tintindex":0,"rotation":0,"texture":"#0"}}},{"from":[5.125,10.9375,-6.5],"to":[11.125,17.6875,8.5],"faces":{"east":{"uv":[5.9296875,5.15625,6.3984375,5.3671875],"tintindex":0,"rotation":0,"texture":"#0"},"south":{"uv":[7.0546875,5.15625,7.2421875,5.3671875],"tintindex":0,"rotation":0,"texture":"#0"},"north":{"uv":[6.3984375,5.15625,6.5859375,5.3671875],"tintindex":0,"rotation":0,"texture":"#0"},"west":{"uv":[6.5859375,5.15625,7.0546875,5.3671875],"tintindex":0,"rotation":0,"texture":"#0"},"up":{"uv":[6.5859375,5.15625,6.3984375,4.6875],"tintindex":0,"rotation":0,"texture":"#0"},"down":{"uv":[6.7734375,4.6875,6.5859375,5.15625],"tintindex":0,"rotation":0,"texture":"#0"}}}],"display":{"gui":{"rotation":[30,225,0]}}}