{"textures":{"0":"modelengine:entity/texture"},"elements":[{"from":[0.9166665,10.333334,-10.166668],"to":[5.9166665,12.083334,8.166667],"faces":{"east":{"uv":[7.75,6.46875,8.1796875,6.5078125],"tintindex":0,"rotation":0,"texture":"#0"},"south":{"uv":[8.7265625,6.46875,8.84375,6.5078125],"tintindex":0,"rotation":0,"texture":"#0"},"north":{"uv":[8.1796875,6.46875,8.296875,6.5078125],"tintindex":0,"rotation":0,"texture":"#0"},"west":{"uv":[8.296875,6.46875,8.7265625,6.5078125],"tintindex":0,"rotation":0,"texture":"#0"},"up":{"uv":[8.296875,6.46875,8.1796875,6.0390625],"tintindex":0,"rotation":0,"texture":"#0"},"down":{"uv":[8.4140625,6.0390625,8.296875,6.46875],"tintindex":0,"rotation":0,"texture":"#0"}}},{"from":[10.083334,10.333334,-10.166668],"to":[15.083334,12.083334,8.166667],"faces":{"east":{"uv":[7.75,7.3359375,8.1796875,7.375],"tintindex":0,"rotation":0,"texture":"#0"},"south":{"uv":[8.7265625,7.3359375,8.84375,7.375],"tintindex":0,"rotation":0,"texture":"#0"},"north":{"uv":[8.1796875,7.3359375,8.296875,7.375],"tintindex":0,"rotation":0,"texture":"#0"},"west":{"uv":[8.296875,7.3359375,8.7265625,7.375],"tintindex":0,"rotation":0,"texture":"#0"},"up":{"uv":[8.296875,7.3359375,8.1796875,6.90625],"tintindex":0,"rotation":0,"texture":"#0"},"down":{"uv":[8.4140625,6.90625,8.296875,7.3359375],"tintindex":0,"rotation":0,"texture":"#0"}}},{"from":[4.9166665,7.3333335,-7.166667],"to":[10.25,15.333334,16.166668],"faces":{"east":{"uv":[5.734375,0.828125,6.28125,1.015625],"tintindex":0,"rotation":0,"texture":"#0"},"south":{"uv":[6.953125,0.828125,7.078125,1.015625],"tintindex":0,"rotation":0,"texture":"#0"},"north":{"uv":[6.28125,0.828125,6.40625,1.015625],"tintindex":0,"rotation":0,"texture":"#0"},"west":{"uv":[6.40625,0.828125,6.953125,1.015625],"tintindex":0,"rotation":0,"texture":"#0"},"up":{"uv":[6.40625,0.828125,6.28125,0.28125],"tintindex":0,"rotation":0,"texture":"#0"},"down":{"uv":[6.53125,0.28125,6.40625,0.828125],"tintindex":0,"rotation":0,"texture":"#0"}},"rotation":{"origin":[8.0,-1.333334,-2.666667],"angle":-22.5,"axis":"x"}},{"from":[-1.416667,-1.166667,-2.75],"to":[14.25,10.833334,10.583334],"faces":{"east":{"uv":[3.9765625,6.328125,4.2890625,6.609375],"tintindex":0,"rotation":0,"texture":"#0"},"south":{"uv":[4.96875,6.328125,5.3359375,6.609375],"tintindex":0,"rotation":0,"texture":"#0"},"north":{"uv":[4.2890625,6.328125,4.65625,6.609375],"tintindex":0,"rotation":0,"texture":"#0"},"west":{"uv":[4.65625,6.328125,4.96875,6.609375],"tintindex":0,"rotation":0,"texture":"#0"},"up":{"uv":[4.65625,6.328125,4.2890625,6.015625],"tintindex":0,"rotation":0,"texture":"#0"},"down":{"uv":[5.0234375,6.015625,4.65625,6.328125],"tintindex":0,"rotation":0,"texture":"#0"}}},{"from":[2.833333,4.9166665,-7.166667],"to":[12.833334,12.916667,16.166668],"faces":{"east":{"uv":[3.3125,5.3125,3.859375,5.5],"tintindex":0,"rotation":0,"texture":"#0"},"south":{"uv":[4.640625,5.3125,4.875,5.5],"tintindex":0,"rotation":0,"texture":"#0"},"north":{"uv":[3.859375,5.3125,4.09375,5.5],"tintindex":0,"rotation":0,"texture":"#0"},"west":{"uv":[4.09375,5.3125,4.640625,5.5],"tintindex":0,"rotation":0,"texture":"#0"},"up":{"uv":[4.09375,5.3125,3.859375,4.765625],"tintindex":0,"rotation":0,"texture":"#0"},"down":{"uv":[4.328125,4.765625,4.09375,5.3125],"tintindex":0,"rotation":0,"texture":"#0"}},"rotation":{"origin":[8.0,-1.333334,-2.666667],"angle":-22.5,"axis":"x"}},{"from":[1.75,-2.666667,-4.5],"to":[17.416668,9.333333,18.833334],"faces":{"east":{"uv":[4.453125,1.5625,5.0,1.84375],"tintindex":0,"rotation":0,"texture":"#0"},"south":{"uv":[5.9140625,1.5625,6.28125,1.84375],"tintindex":0,"rotation":0,"texture":"#0"},"north":{"uv":[5.0,1.5625,5.3671875,1.84375],"tintindex":0,"rotation":0,"texture":"#0"},"west":{"uv":[5.3671875,1.5625,5.9140625,1.84375],"tintindex":0,"rotation":0,"texture":"#0"},"up":{"uv":[5.3671875,1.5625,5.0,1.015625],"tintindex":0,"rotation":0,"texture":"#0"},"down":{"uv":[5.734375,1.015625,5.3671875,1.5625],"tintindex":0,"rotation":0,"texture":"#0"}},"rotation":{"origin":[8.0,-1.333334,-2.666667],"angle":-22.5,"axis":"x"}},{"from":[0.0,-3.416667,2.583333],"to":[13.333334,6.583333,20.916668],"faces":{"east":{"uv":[4.875,5.4375,5.3046875,5.671875],"tintindex":0,"rotation":0,"texture":"#0"},"south":{"uv":[6.046875,5.4375,6.359375,5.671875],"tintindex":0,"rotation":0,"texture":"#0"},"north":{"uv":[5.3046875,5.4375,5.6171875,5.671875],"tintindex":0,"rotation":0,"texture":"#0"},"west":{"uv":[5.6171875,5.4375,6.046875,5.671875],"tintindex":0,"rotation":0,"texture":"#0"},"up":{"uv":[5.6171875,5.4375,5.3046875,5.0078125],"tintindex":0,"rotation":0,"texture":"#0"},"down":{"uv":[5.9296875,5.0078125,5.6171875,5.4375],"tintindex":0,"rotation":0,"texture":"#0"}},"rotation":{"origin":[8.0,-1.333334,-2.666667],"angle":-45.0,"axis":"x"}},{"from":[1.333333,-3.25,-8.333334],"to":[14.333334,7.4166665,5.0],"faces":{"east":{"uv":[2.28125,6.9609375,2.59375,7.2109375],"tintindex":0,"rotation":0,"texture":"#0"},"south":{"uv":[3.2109375,6.9609375,3.515625,7.2109375],"tintindex":0,"rotation":0,"texture":"#0"},"north":{"uv":[2.59375,6.9609375,2.8984375,7.2109375],"tintindex":0,"rotation":0,"texture":"#0"},"west":{"uv":[2.8984375,6.9609375,3.2109375,7.2109375],"tintindex":0,"rotation":0,"texture":"#0"},"up":{"uv":[2.8984375,6.9609375,2.59375,6.6484375],"tintindex":0,"rotation":0,"texture":"#0"},"down":{"uv":[3.203125,6.6484375,2.8984375,6.9609375],"tintindex":0,"rotation":0,"texture":"#0"}}},{"from":[10.083334,12.5,-4.416667],"to":[15.083334,16.25,13.916667],"faces":{"east":{"uv":[7.578125,5.3515625,8.0078125,5.4375],"tintindex":0,"rotation":0,"texture":"#0"},"south":{"uv":[8.5546875,5.3515625,8.671875,5.4375],"tintindex":0,"rotation":0,"texture":"#0"},"north":{"uv":[8.0078125,5.3515625,8.125,5.4375],"tintindex":0,"rotation":0,"texture":"#0"},"west":{"uv":[8.125,5.3515625,8.5546875,5.4375],"tintindex":0,"rotation":0,"texture":"#0"},"up":{"uv":[8.125,5.3515625,8.0078125,4.921875],"tintindex":0,"rotation":0,"texture":"#0"},"down":{"uv":[8.2421875,4.921875,8.125,5.3515625],"tintindex":0,"rotation":0,"texture":"#0"}},"rotation":{"origin":[8.0,-1.333334,-2.666667],"angle":-22.5,"axis":"x"}},{"from":[0.33333302,-1.166667,-2.75],"to":[16.0,10.833334,10.583334],"faces":{"east":{"uv":[6.328125,2.296875,6.640625,2.578125],"tintindex":0,"rotation":0,"texture":"#0"},"south":{"uv":[7.3203125,2.296875,7.6875,2.578125],"tintindex":0,"rotation":0,"texture":"#0"},"north":{"uv":[6.640625,2.296875,7.0078125,2.578125],"tintindex":0,"rotation":0,"texture":"#0"},"west":{"uv":[7.0078125,2.296875,7.3203125,2.578125],"tintindex":0,"rotation":0,"texture":"#0"},"up":{"uv":[7.0078125,2.296875,6.640625,1.984375],"tintindex":0,"rotation":0,"texture":"#0"},"down":{"uv":[7.375,1.984375,7.0078125,2.296875],"tintindex":0,"rotation":0,"texture":"#0"}}},{"from":[2.6666665,-3.416667,2.583333],"to":[16.0,6.583333,20.916668],"faces":{"east":{"uv":[0.0,5.5859375,0.4296875,5.8203125],"tintindex":0,"rotation":0,"texture":"#0"},"south":{"uv":[1.171875,5.5859375,1.484375,5.8203125],"tintindex":0,"rotation":0,"texture":"#0"},"north":{"uv":[0.4296875,5.5859375,0.7421875,5.8203125],"tintindex":0,"rotation":0,"texture":"#0"},"west":{"uv":[0.7421875,5.5859375,1.171875,5.8203125],"tintindex":0,"rotation":0,"texture":"#0"},"up":{"uv":[0.7421875,5.5859375,0.4296875,5.15625],"tintindex":0,"rotation":0,"texture":"#0"},"down":{"uv":[1.0546875,5.15625,0.7421875,5.5859375],"tintindex":0,"rotation":0,"texture":"#0"}},"rotation":{"origin":[8.0,-1.333334,-2.666667],"angle":-45.0,"axis":"x"}},{"from":[-1.416667,-3.0,-4.5],"to":[14.25,9.0,18.833334],"faces":{"east":{"uv":[4.453125,0.546875,5.0,0.828125],"tintindex":0,"rotation":0,"texture":"#0"},"south":{"uv":[5.9140625,0.546875,6.28125,0.828125],"tintindex":0,"rotation":0,"texture":"#0"},"north":{"uv":[5.0,0.546875,5.3671875,0.828125],"tintindex":0,"rotation":0,"texture":"#0"},"west":{"uv":[5.3671875,0.546875,5.9140625,0.828125],"tintindex":0,"rotation":0,"texture":"#0"},