{"textures":{"0":"modelengine:entity/texture"},"elements":[{"from":[6.5,5.0980206,17.534801],"to":[11.0,12.098021,23.034801],"faces":{"east":{"uv":[0.546875,0.671875,0.6328125,0.78125],"tintindex":0,"rotation":0,"texture":"#0"},"south":{"uv":[0.7890625,0.671875,0.859375,0.78125],"tintindex":0,"rotation":0,"texture":"#0"},"north":{"uv":[0.6328125,0.671875,0.703125,0.78125],"tintindex":0,"rotation":0,"texture":"#0"},"west":{"uv":[0.703125,0.671875,0.7890625,0.78125],"tintindex":0,"rotation":0,"texture":"#0"},"up":{"uv":[0.703125,0.671875,0.6328125,0.5859375],"tintindex":0,"rotation":0,"texture":"#0"},"down":{"uv":[0.7734375,0.5859375,0.703125,0.671875],"tintindex":0,"rotation":0,"texture":"#0"}},"rotation":{"origin":[-10.0,-5.6519794,14.5348015],"angle":-22.5,"axis":"x"}},{"from":[3.25,-12.151979,-5.5901985],"to":[14.25,11.348021,1.909802],"faces":{"east":{"uv":[2.625,8.390625,2.7421875,8.7578125],"tintindex":0,"rotation":0,"texture":"#0"},"south":{"uv":[3.03125,8.390625,3.203125,8.7578125],"tintindex":0,"rotation":0,"texture":"#0"},"north":{"uv":[2.7421875,8.390625,2.9140625,8.7578125],"tintindex":0,"rotation":0,"texture":"#0"},"west":{"uv":[2.9140625,8.390625,3.03125,8.7578125],"tintindex":0,"rotation":0,"texture":"#0"},"up":{"uv":[2.9140625,8.390625,2.7421875,8.2734375],"tintindex":0,"rotation":0,"texture":"#0"},"down":{"uv":[3.0859375,8.2734375,2.9140625,8.390625],"tintindex":0,"rotation":0,"texture":"#0"}},"rotation":{"origin":[-10.0,-7.1519794,15.0348015],"angle":22.5,"axis":"x"}},{"from":[1.5,-12.151979,-5.5901985],"to":[12.5,11.348021,1.909802],"faces":{"east":{"uv":[4.21875,2.4453125,4.3359375,2.8125],"tintindex":0,"rotation":0,"texture":"#0"},"south":{"uv":[4.625,2.4453125,4.796875,2.8125],"tintindex":0,"rotation":0,"texture":"#0"},"north":{"uv":[4.3359375,2.4453125,4.5078125,2.8125],"tintindex":0,"rotation":0,"texture":"#0"},"west":{"uv":[4.5078125,2.4453125,4.625,2.8125],"tintindex":0,"rotation":0,"texture":"#0"},"up":{"uv":[4.5078125,2.4453125,4.3359375,2.328125],"tintindex":0,"rotation":0,"texture":"#0"},"down":{"uv":[4.6796875,2.328125,4.5078125,2.4453125],"tintindex":0,"rotation":0,"texture":"#0"}},"rotation":{"origin":[-10.0,-7.1519794,15.0348015],"angle":22.5,"axis":"x"}},{"from":[4.25,5.0980206,22.284801],"to":[11.75,20.09802,31.784801],"faces":{"east":{"uv":[4.453125,0.1484375,4.6015625,0.3828125],"tintindex":0,"rotation":0,"texture":"#0"},"south":{"uv":[4.8671875,0.1484375,4.984375,0.3828125],"tintindex":0,"rotation":0,"texture":"#0"},"north":{"uv":[4.6015625,0.1484375,4.71875,0.3828125],"tintindex":0,"rotation":0,"texture":"#0"},"west":{"uv":[4.71875,0.1484375,4.8671875,0.3828125],"tintindex":0,"rotation":0,"texture":"#0"},"up":{"uv":[4.71875,0.1484375,4.6015625,0.0],"tintindex":0,"rotation":0,"texture":"#0"},"down":{"uv":[4.8359375,0.0,4.71875,0.1484375],"tintindex":0,"rotation":0,"texture":"#0"}},"rotation":{"origin":[-10.0,-7.1519794,15.0348015],"angle":-45.0,"axis":"x"}},{"from":[7.0,2.4730206,8.534802],"to":[10.5,8.473021,13.034802],"faces":{"east":{"uv":[0.6015625,1.9453125,0.671875,2.0390625],"tintindex":0,"rotation":0,"texture":"#0"},"south":{"uv":[0.796875,1.9453125,0.8515625,2.0390625],"tintindex":0,"rotation":0,"texture":"#0"},"north":{"uv":[0.671875,1.9453125,0.7265625,2.0390625],"tintindex":0,"rotation":0,"texture":"#0"},"west":{"uv":[0.7265625,1.9453125,0.796875,2.0390625],"tintindex":0,"rotation":0,"texture":"#0"},"up":{"uv":[0.7265625,1.9453125,0.671875,1.875],"tintindex":0,"rotation":0,"texture":"#0"},"down":{"uv":[0.78125,1.875,0.7265625,1.9453125],"tintindex":0,"rotation":0,"texture":"#0"}},"rotation":{"origin":[-10.0,-5.6519794,14.5348015],"angle":22.5,"axis":"x"}}],"display":{"gui":{"rotation":[30,225,0]}}}