{"textures":{"0":"modelengine:entity/texture"},"elements":[{"from":[3.378395,2.6199431,-5.982502],"to":[7.503395,11.244944,8.017498],"faces":{"east":{"uv":[7.375,3.03125,7.59375,3.1640625],"tintindex":0,"rotation":0,"texture":"#0"},"south":{"uv":[7.875,3.03125,7.9375,3.1640625],"tintindex":0,"rotation":0,"texture":"#0"},"north":{"uv":[7.59375,3.03125,7.65625,3.1640625],"tintindex":0,"rotation":0,"texture":"#0"},"west":{"uv":[7.65625,3.03125,7.875,3.1640625],"tintindex":0,"rotation":0,"texture":"#0"},"up":{"uv":[7.65625,3.03125,7.59375,2.8125],"tintindex":0,"rotation":0,"texture":"#0"},"down":{"uv":[7.71875,2.8125,7.65625,3.03125],"tintindex":0,"rotation":0,"texture":"#0"}},"rotation":{"origin":[-9.371605,-0.8800564,27.267498],"angle":-22.5,"axis":"y"}},{"from":[8.253395,7.619943,-10.232502],"to":[10.753395,12.244944,-4.232503],"faces":{"east":{"uv":[2.625,3.40625,2.71875,3.4765625],"tintindex":0,"rotation":0,"texture":"#0"},"south":{"uv":[2.8515625,3.40625,2.890625,3.4765625],"tintindex":0,"rotation":0,"texture":"#0"},"north":{"uv":[2.71875,3.40625,2.7578125,3.4765625],"tintindex":0,"rotation":0,"texture":"#0"},"west":{"uv":[2.7578125,3.40625,2.8515625,3.4765625],"tintindex":0,"rotation":0,"texture":"#0"},"up":{"uv":[2.7578125,3.40625,2.71875,3.3125],"tintindex":0,"rotation":0,"texture":"#0"},"down":{"uv":[2.796875,3.3125,2.7578125,3.40625],"tintindex":0,"rotation":0,"texture":"#0"}}},{"from":[5.503395,-6.6300564,-7.232502],"to":[11.003395,-1.0050564,6.7674975],"faces":{"east":{"uv":[4.328125,5.2265625,4.546875,5.3125],"tintindex":0,"rotation":0,"texture":"#0"},"south":{"uv":[4.8515625,5.2265625,4.9375,5.3125],"tintindex":0,"rotation":0,"texture":"#0"},"north":{"uv":[4.546875,5.2265625,4.6328125,5.3125],"tintindex":0,"rotation":0,"texture":"#0"},"west":{"uv":[4.6328125,5.2265625,4.8515625,5.3125],"tintindex":0,"rotation":0,"texture":"#0"},"up":{"uv":[4.6328125,5.2265625,4.546875,5.0078125],"tintindex":0,"rotation":0,"texture":"#0"},"down":{"uv":[4.71875,5.0078125,4.6328125,5.2265625],"tintindex":0,"rotation":0,"texture":"#0"}},"rotation":{"origin":[-9.371605,-0.8800564,27.267498],"angle":22.5,"axis":"x"}},{"from":[14.753395,-6.5050564,-7.232502],"to":[18.253395,-0.8800564,6.7674975],"faces":{"east":{"uv":[5.734375,0.21875,5.953125,0.3046875],"tintindex":0,"rotation":0,"texture":"#0"},"south":{"uv":[6.2265625,0.21875,6.28125,0.3046875],"tintindex":0,"rotation":0,"texture":"#0"},"north":{"uv":[5.953125,0.21875,6.0078125,0.3046875],"tintindex":0,"rotation":0,"texture":"#0"},"west":{"uv":[6.0078125,0.21875,6.2265625,0.3046875],"tintindex":0,"rotation":0,"texture":"#0"},"up":{"uv":[6.0078125,0.21875,5.953125,0.0],"tintindex":0,"rotation":0,"texture":"#0"},"down":{"uv":[6.0625,0.0,6.0078125,0.21875],"tintindex":0,"rotation":0,"texture":"#0"}},"rotation":{"origin":[-9.371605,-0.8800564,27.267498],"angle":22.5,"axis":"x"}},{"from":[6.128395,13.619944,6.3924975],"to":[10.628395,20.744944,22.892498],"faces":{"east":{"uv":[0.8984375,6.078125,1.15625,6.1875],"tintindex":0,"rotation":0,"texture":"#0"},"south":{"uv":[1.484375,6.078125,1.5546875,6.1875],"tintindex":0,"rotation":0,"texture":"#0"},"north":{"uv":[1.15625,6.078125,1.2265625,6.1875],"tintindex":0,"rotation":0,"texture":"#0"},"west":{"uv":[1.2265625,6.078125,1.484375,6.1875],"tintindex":0,"rotation":0,"texture":"#0"},"up":{"uv":[1.2265625,6.078125,1.15625,5.8203125],"tintindex":0,"rotation":0,"texture":"#0"},"down":{"uv":[1.296875,5.8203125,1.2265625,6.078125],"tintindex":0,"rotation":0,"texture":"#0"}},"rotation":{"origin":[-9.371605,-0.8800564,27.267498],"angle":-22.5,"axis":"x"}},{"from":[15.378395,7.744943,-10.232502],"to":[17.878395,12.369944,-4.232503],"faces":{"east":{"uv":[0.5078125,3.84375,0.6015625,3.9140625],"tintindex":0,"rotation":0,"texture":"#0"},"south":{"uv":[0.734375,3.84375,0.7734375,3.9140625],"tintindex":0,"rotation":0,"texture":"#0"},"north":{"uv":[0.6015625,3.84375,0.640625,3.9140625],"tintindex":0,"rotation":0,"texture":"#0"},"west":{"uv":[0.640625,3.84375,0.734375,3.9140625],"tintindex":0,"rotation":0,"texture":"#0"},"up":{"uv":[0.640625,3.84375,0.6015625,3.75],"tintindex":0,"rotation":0,"texture":"#0"},"down":{"uv":[0.6796875,3.75,0.640625,3.84375],"tintindex":0,"rotation":0,"texture":"#0"}}},{"from":[6.628395,2.6199431,6.8924975],"to":[10.753395,11.244944,20.892498],"faces":{"east":{"uv":[6.453125,4.125,6.671875,4.2578125],"tintindex":0,"rotation":0,"texture":"#0"},"south":{"uv":[6.953125,4.125,7.015625,4.2578125],"tintindex":0,"rotation":0,"texture":"#0"},"north":{"uv":[6.671875,4.125,6.734375,4.2578125],"tintindex":0,"rotation":0,"texture":"#0"},"west":{"uv":[6.734375,4.125,6.953125,4.2578125],"tintindex":0,"rotation":0,"texture":"#0"},"up":{"uv":[6.734375,4.125,6.671875,3.90625],"tintindex":0,"rotation":0,"texture":"#0"},"down":{"uv":[6.796875,3.90625,6.734375,4.125],"tintindex":0,"rotation":0,"texture":"#0"}},"rotation":{"origin":[-9.371605,-0.8800564,27.267498],"angle":22.5,"axis":"y"}},{"from":[-1.4966049,7.744943,-10.232502],"to":[1.0033951,12.369944,-4.232503],"faces":{"east":{"uv":[2.921875,0.515625,3.015625,0.5859375],"tintindex":0,"rotation":0,"texture":"#0"},"south":{"uv":[3.1484375,0.515625,3.1875,0.5859375],"tintindex":0,"rotation":0,"texture":"#0"},"north":{"uv":[3.015625,0.515625,3.0546875,0.5859375],"tintindex":0,"rotation":0,"texture":"#0"},"west":{"uv":[3.0546875,0.515625,3.1484375,0.5859375],"tintindex":0,"rotation":0,"texture":"#0"},"up":{"uv":[3.0546875,0.515625,3.015625,0.421875],"tintindex":0,"rotation":0,"texture":"#0"},"down":{"uv":[3.09375,0.421875,3.0546875,0.515625],"tintindex":0,"rotation":0,"texture":"#0"}}},{"from":[5.003395,2.6199431,0.14249706],"to":[12.003395,11.244944,14.142498],"faces":{"east":{"uv":[3.59375,6.0625,3.8125,6.1953125],"tintindex":0,"rotation":0,"texture":"#0"},"south":{"uv":[4.140625,6.0625,4.25,6.1953125],"tintindex":0,"rotation":0,"texture":"#0"},"north":{"uv":[3.8125,6.0625,3.921875,6.1953125],"tintindex":0,"rotation":0,"texture":"#0"},"west":{"uv":[3.921875,6.0625,4.140625,6.1953125],"tintindex":0,"rotation":0,"texture":"#0"},"up":{"uv":[3.921875,6.0625,3.8125,5.84375],"tintindex":0,"rotation":0,"texture":"#0"},"down":{"uv":[4.03125,5.84375,3.921875,6.0625],"tintindex":0,"rotation":0,"texture":"#0"}}},{"from":[-2.121605,-6.5050564,-7.232502],"to":[1.3783951,-0.8800564,6.7674975],"faces":{"east":{"uv":[4.453125,1.234375,4.671875,1.3203125],"tintindex":0,"rotation":0,"texture":"#0"},"south":{"uv":[4.9453125,1.234375,5.0,1.3203125],"tintindex":0,"rotation":0,"texture":"#0"},"north":{"uv":[4.671875,1.234375,4.7265625,1.3203125],"tintindex":0,"rotation":0,"texture":"#0"},"west":{"uv":[4.7265625,1.234375,4.9453125,1.3203125],"tintindex":0,"rotation":0,"texture":"#0"},"up":{"uv":[4.7265625,1.234375,4.671875,1.015625],"tintindex":0,"rotation":0,"texture":"#0"},"down":{"uv":[4.78125,1.015625,4.7265625,1.234375],"tintindex":0,"rotation":0,"texture":"#0"}},"rotation":{"origin":[-9.371605,-0.8800564,27.267498],"angle":22.5,"axis":"x"}},{"from":[5.753395,7.619943,-10.232502],"to":[8.253395,12.244944,-4.232503],"faces":{"east":{"uv":[0.578125,3.3359375,0.671875,3.40625],"tintindex":0,"rotation":0,"texture":"#0"},"south":{"uv":[0.8046875,3.3359375,0.84375,3.40625],"tintindex":0,"rotation":0,"texture":"#0"},"north":{"uv":[0.671875,3.3359375,0.7109375,3.40625],"tintindex":0,"rotation":0,"texture":"#0"},"west":{"uv":[0.7109375,3.3359375,0.8046875,3.40625],"tintindex":0,"rotation":0,"texture":"#0"},"up":{"uv":[0.7109375,3.3359375,0.671875,3.2421875],"tintindex":0,"rotation":0,"texture":"#0"},"down":{"uv":[0.75,3.2421875,0.7109375,3.3359375],"tintindex":0,"rotation":0,"texture":"#0"}}}],"display":{"gui":{"rotation":[30,225,0]}}}