{"textures":{"0":"modelengine:entity/texture"},"elements":[{"from":[19.1875,0.59375,7.25],"to":[21.75,2.59375,21.0],"faces":{"east":{"uv":[5.8828125,8.5234375,6.3125,8.5859375],"tintindex":0,"rotation":0,"texture":"#0"},"south":{"uv":[6.8203125,8.5234375,6.8984375,8.5859375],"tintindex":0,"rotation":0,"texture":"#0"},"north":{"uv":[6.3125,8.5234375,6.390625,8.5859375],"tintindex":0,"rotation":0,"texture":"#0"},"west":{"uv":[6.390625,8.5234375,6.8203125,8.5859375],"tintindex":0,"rotation":0,"texture":"#0"},"up":{"uv":[6.390625,8.5234375,6.3125,8.09375],"tintindex":0,"rotation":0,"texture":"#0"},"down":{"uv":[6.46875,8.09375,6.390625,8.5234375],"tintindex":0,"rotation":0,"texture":"#0"}},"rotation":{"origin":[14.6875,8.0,8.0],"angle":22.5,"axis":"x"}},{"from":[13.3125,6.59375,1.125],"to":[16.3125,9.15625,14.875],"faces":{"east":{"uv":[0.0,8.2578125,0.4296875,8.3359375],"tintindex":0,"rotation":0,"texture":"#0"},"south":{"uv":[0.953125,8.2578125,1.046875,8.3359375],"tintindex":0,"rotation":0,"texture":"#0"},"north":{"uv":[0.4296875,8.2578125,0.5234375,8.3359375],"tintindex":0,"rotation":0,"texture":"#0"},"west":{"uv":[0.5234375,8.2578125,0.953125,8.3359375],"tintindex":0,"rotation":0,"texture":"#0"},"up":{"uv":[0.5234375,8.2578125,0.4296875,7.828125],"tintindex":0,"rotation":0,"texture":"#0"},"down":{"uv":[0.6171875,7.828125,0.5234375,8.2578125],"tintindex":0,"rotation":0,"texture":"#0"}}},{"from":[13.5625,8.59375,13.625],"to":[16.0625,11.40625,27.375],"faces":{"east":{"uv":[6.65625,8.3125,7.0859375,8.3984375],"tintindex":0,"rotation":0,"texture":"#0"},"south":{"uv":[7.59375,8.3125,7.671875,8.3984375],"tintindex":0,"rotation":0,"texture":"#0"},"north":{"uv":[7.0859375,8.3125,7.1640625,8.3984375],"tintindex":0,"rotation":0,"texture":"#0"},"west":{"uv":[7.1640625,8.3125,7.59375,8.3984375],"tintindex":0,"rotation":0,"texture":"#0"},"up":{"uv":[7.1640625,8.3125,7.0859375,7.8828125],"tintindex":0,"rotation":0,"texture":"#0"},"down":{"uv":[7.2421875,7.8828125,7.1640625,8.3125],"tintindex":0,"rotation":0,"texture":"#0"}},"rotation":{"origin":[14.6875,8.0,8.0],"angle":22.5,"axis":"x"}},{"from":[19.75,-1.84375,4.5625],"to":[22.3125,0.15625,23.5625],"faces":{"east":{"uv":[5.859375,6.015625,6.453125,6.078125],"tintindex":0,"rotation":0,"texture":"#0"},"south":{"uv":[7.125,6.015625,7.203125,6.078125],"tintindex":0,"rotation":0,"texture":"#0"},"north":{"uv":[6.453125,6.015625,6.53125,6.078125],"tintindex":0,"rotation":0,"texture":"#0"},"west":{"uv":[6.53125,6.015625,7.125,6.078125],"tintindex":0,"rotation":0,"texture":"#0"},"up":{"uv":[6.53125,6.015625,6.453125,5.421875],"tintindex":0,"rotation":0,"texture":"#0"},"down":{"uv":[6.609375,5.421875,6.53125,6.015625],"tintindex":0,"rotation":0,"texture":"#0"}},"rotation":{"origin":[14.6875,8.0,8.0],"angle":45.0,"axis":"x"}}],"display":{"gui":{"rotation":[30,225,0]}}}