{"textures":{"0":"modelengine:entity/texture"},"elements":[{"from":[11.625,13.350509,-8.264656],"to":[16.166668,21.85051,-4.431323],"faces":{"east":{"uv":[0.0,2.0546875,0.1796875,2.453125],"tintindex":0,"rotation":0,"texture":"#0"},"south":{"uv":[0.5703125,2.0546875,0.78125,2.453125],"tintindex":0,"rotation":0,"texture":"#0"},"north":{"uv":[0.1796875,2.0546875,0.390625,2.453125],"tintindex":0,"rotation":0,"texture":"#0"},"west":{"uv":[0.390625,2.0546875,0.5703125,2.453125],"tintindex":0,"rotation":0,"texture":"#0"},"up":{"uv":[0.390625,2.0546875,0.1796875,1.875],"tintindex":0,"rotation":0,"texture":"#0"},"down":{"uv":[0.6015625,1.875,0.390625,2.0546875],"tintindex":0,"rotation":0,"texture":"#0"}},"rotation":{"origin":[8.0,7.558842,6.2353444],"angle":45.0,"axis":"x"}},{"from":[13.541667,13.725509,-2.97299],"to":[16.416668,17.058842,5.193678],"faces":{"east":{"uv":[1.7109375,8.140625,2.09375,8.296875],"tintindex":0,"rotation":0,"texture":"#0"},"south":{"uv":[2.609375,8.140625,2.7421875,8.296875],"tintindex":0,"rotation":0,"texture":"#0"},"north":{"uv":[2.09375,8.140625,2.2265625,8.296875],"tintindex":0,"rotation":0,"texture":"#0"},"west":{"uv":[2.2265625,8.140625,2.609375,8.296875],"tintindex":0,"rotation":0,"texture":"#0"},"up":{"uv":[2.2265625,8.140625,2.09375,7.7578125],"tintindex":0,"rotation":0,"texture":"#0"},"down":{"uv":[2.359375,7.7578125,2.2265625,8.140625],"tintindex":0,"rotation":0,"texture":"#0"}},"rotation":{"origin":[8.0,7.558842,6.2353444],"angle":22.5,"axis":"x"}},{"from":[12.708334,13.267176,-4.84799],"to":[15.916667,17.433842,3.318678],"faces":{"east":{"uv":[7.5,7.8828125,7.8828125,8.078125],"tintindex":0,"rotation":0,"texture":"#0"},"south":{"uv":[8.4140625,7.8828125,8.5625,8.078125],"tintindex":0,"rotation":0,"texture":"#0"},"north":{"uv":[7.8828125,7.8828125,8.03125,8.078125],"tintindex":0,"rotation":0,"texture":"#0"},"west":{"uv":[8.03125,7.8828125,8.4140625,8.078125],"tintindex":0,"rotation":0,"texture":"#0"},"up":{"uv":[8.03125,7.8828125,7.8828125,7.5],"tintindex":0,"rotation":0,"texture":"#0"},"down":{"uv":[8.1796875,7.5,8.03125,7.8828125],"tintindex":0,"rotation":0,"texture":"#0"}},"rotation":{"origin":[8.0,7.558842,6.2353444],"angle":22.5,"axis":"x"}},{"from":[11.291667,22.642176,2.568678],"to":[16.833334,31.642178,10.735345],"faces":{"east":{"uv":[0.0,6.203125,0.3828125,6.625],"tintindex":0,"rotation":0,"texture":"#0"},"south":{"uv":[1.0234375,6.203125,1.28125,6.625],"tintindex":0,"rotation":0,"texture":"#0"},"north":{"uv":[0.3828125,6.203125,0.640625,6.625],"tintindex":0,"rotation":0,"texture":"#0"},"west":{"uv":[0.640625,6.203125,1.0234375,6.625],"tintindex":0,"rotation":0,"texture":"#0"},"up":{"uv":[0.640625,6.203125,0.3828125,5.8203125],"tintindex":0,"rotation":0,"texture":"#0"},"down":{"uv":[0.8984375,5.8203125,0.640625,6.203125],"tintindex":0,"rotation":0,"texture":"#0"}},"rotation":{"origin":[13.8125,24.433842,4.068678],"angle":22.5,"axis":"z"}},{"from":[11.958334,11.017176,-7.431323],"to":[17.5,19.517176,-1.2646561],"faces":{"east":{"uv":[4.8984375,6.9609375,5.1875,7.359375],"tintindex":0,"rotation":0,"texture":"#0"},"south":{"uv":[5.734375,6.9609375,5.9921875,7.359375],"tintindex":0,"rotation":0,"texture":"#0"},"north":{"uv":[5.1875,6.9609375,5.4453125,7.359375],"tintindex":0,"rotation":0,"texture":"#0"},"west":{"uv":[5.4453125,6.9609375,5.734375,7.359375],"tintindex":0,"rotation":0,"texture":"#0"},"up":{"uv":[5.4453125,6.9609375,5.1875,6.671875],"tintindex":0,"rotation":0,"texture":"#0"},"down":{"uv":[5.703125,6.671875,5.4453125,6.9609375],"tintindex":0,"rotation":0,"texture":"#0"}},"rotation":{"origin":[8.0,7.558842,6.2353444],"angle":45.0,"axis":"x"}},{"from":[11.958334,12.017176,-7.431323],"to":[16.5,20.517176,-3.59799],"faces":{"east":{"uv":[2.109375,2.1328125,2.2890625,2.53125],"tintindex":0,"rotation":0,"texture":"#0"},"south":{"uv":[2.6796875,2.1328125,2.890625,2.53125],"tintindex":0,"rotation":0,"texture":"#0"},"north":{"uv":[2.2890625,2.1328125,2.5,2.53125],"tintindex":0,"rotation":0,"texture":"#0"},"west":{"uv":[2.5,2.1328125,2.6796875,2.53125],"tintindex":0,"rotation":0,"texture":"#0"},"up":{"uv":[2.5,2.1328125,2.2890625,1.953125],"tintindex":0,"rotation":0,"texture":"#0"},"down":{"uv":[2.7109375,1.953125,2.5,2.1328125],"tintindex":0,"rotation":0,"texture":"#0"}},"rotation":{"origin":[8.0,7.558842,6.2353444],"angle":45.0,"axis":"x"}}],"display":{"gui":{"rotation":[30,225,0]}}}