{"textures":{"0":"modelengine:entity/texture"},"elements":[{"from":[3.9166665,6.083333,-11.666668],"to":[11.916667,10.416667,8.333333],"faces":{"east":{"uv":[6.2265625,6.671875,6.6953125,6.7734375],"tintindex":0,"rotation":0,"texture":"#0"},"south":{"uv":[7.3515625,6.671875,7.5390625,6.7734375],"tintindex":0,"rotation":0,"texture":"#0"},"north":{"uv":[6.6953125,6.671875,6.8828125,6.7734375],"tintindex":0,"rotation":0,"texture":"#0"},"west":{"uv":[6.8828125,6.671875,7.3515625,6.7734375],"tintindex":0,"rotation":0,"texture":"#0"},"up":{"uv":[6.8828125,6.671875,6.6953125,6.203125],"tintindex":0,"rotation":0,"texture":"#0"},"down":{"uv":[7.0703125,6.203125,6.8828125,6.671875],"tintindex":0,"rotation":0,"texture":"#0"}}},{"from":[4.583333,13.583334,-13.666668],"to":[11.25,17.916668,-8.666668],"faces":{"east":{"uv":[0.0,1.640625,0.1171875,1.7421875],"tintindex":0,"rotation":0,"texture":"#0"},"south":{"uv":[0.390625,1.640625,0.546875,1.7421875],"tintindex":0,"rotation":0,"texture":"#0"},"north":{"uv":[0.1171875,1.640625,0.2734375,1.7421875],"tintindex":0,"rotation":0,"texture":"#0"},"west":{"uv":[0.2734375,1.640625,0.390625,1.7421875],"tintindex":0,"rotation":0,"texture":"#0"},"up":{"uv":[0.2734375,1.640625,0.1171875,1.5234375],"tintindex":0,"rotation":0,"texture":"#0"},"down":{"uv":[0.4296875,1.5234375,0.2734375,1.640625],"tintindex":0,"rotation":0,"texture":"#0"}},"rotation":{"origin":[8.0,8.0,8.0],"angle":-22.5,"axis":"x"}}],"display":{"gui":{"rotation":[30,225,0]}}}