{"textures":{"0":"modelengine:entity/texture"},"elements":[{"from":[-6.4000006,7.2,-1.6000004],"to":[9.6,9.2,20.400002],"faces":{"east":{"uv":[4.453125,4.6875,3.59375,4.765625],"tintindex":0,"rotation":0,"texture":"#0"},"south":{"uv":[5.078125,4.6875,4.453125,4.765625],"tintindex":0,"rotation":0,"texture":"#0"},"north":{"uv":[3.59375,4.6875,2.96875,4.765625],"tintindex":0,"rotation":0,"texture":"#0"},"west":{"uv":[2.96875,4.6875,2.109375,4.765625],"tintindex":0,"rotation":0,"texture":"#0"},"up":{"uv":[2.96875,4.6875,3.59375,3.828125],"tintindex":0,"rotation":0,"texture":"#0"},"down":{"uv":[3.59375,3.828125,4.21875,4.6875],"tintindex":0,"rotation":0,"texture":"#0"}}},{"from":[3.6999998,7.2,17.3],"to":[19.7,9.2,27.300001],"faces":{"east":{"uv":[2.578125,4.6875,2.96875,4.765625],"tintindex":0,"rotation":0,"texture":"#0"},"south":{"uv":[3.984375,4.6875,4.609375,4.765625],"tintindex":0,"rotation":0,"texture":"#0"},"north":{"uv":[2.96875,4.6875,3.59375,4.765625],"tintindex":0,"rotation":0,"texture":"#0"},"west":{"uv":[3.59375,4.6875,3.984375,4.765625],"tintindex":0,"rotation":0,"texture":"#0"},"up":{"uv":[3.59375,4.6875,2.96875,4.296875],"tintindex":0,"rotation":0,"texture":"#0"},"down":{"uv":[4.21875,4.296875,3.59375,4.6875],"tintindex":0,"rotation":0,"texture":"#0"}},"rotation":{"origin":[26.0,8.0,8.0],"angle":-45.0,"axis":"y"}}],"display":{"gui":{"rotation":[30,225,0]}}}