{"textures":{"0":"modelengine:entity/texture"},"elements":[{"from":[5.333333,6.6666665,-8.0],"to":[32.0,10.0,28.666668],"faces":{"east":{"uv":[2.109375,4.6875,2.96875,4.765625],"tintindex":0,"rotation":0,"texture":"#0"},"south":{"uv":[4.453125,4.6875,5.078125,4.765625],"tintindex":0,"rotation":0,"texture":"#0"},"north":{"uv":[2.96875,4.6875,3.59375,4.765625],"tintindex":0,"rotation":0,"texture":"#0"},"west":{"uv":[3.59375,4.6875,4.453125,4.765625],"tintindex":0,"rotation":0,"texture":"#0"},"up":{"uv":[3.59375,4.6875,2.96875,3.828125],"tintindex":0,"rotation":0,"texture":"#0"},"down":{"uv":[4.21875,3.828125,3.59375,4.6875],"tintindex":0,"rotation":0,"texture":"#0"}}},{"from":[-1.666667,6.6666665,0.9166665],"to":[25.0,10.0,17.583334],"faces":{"east":{"uv":[2.578125,4.6875,2.96875,4.765625],"tintindex":0,"rotation":0,"texture":"#0"},"south":{"uv":[3.984375,4.6875,4.609375,4.765625],"tintindex":0,"rotation":0,"texture":"#0"},"north":{"uv":[2.96875,4.6875,3.59375,4.765625],"tintindex":0,"rotation":0,"texture":"#0"},"west":{"uv":[3.59375,4.6875,3.984375,4.765625],"tintindex":0,"rotation":0,"texture":"#0"},"up":{"uv":[3.59375,4.6875,2.96875,4.296875],"tintindex":0,"rotation":0,"texture":"#0"},"down":{"uv":[4.21875,4.296875,3.59375,4.6875],"tintindex":0,"rotation":0,"texture":"#0"}},"rotation":{"origin":[8.0,8.0,8.0],"angle":45.0,"axis":"y"}}],"display":{"gui":{"rotation":[30,225,0]}}}