{"textures":{"0":"modelengine:entity/texture"},"elements":[{"from":[1.333333,8.0,10.5],"to":[14.666667,9.666667,28.833334],"faces":{"east":{"uv":[6.5625,3.828125,5.703125,3.90625],"tintindex":0,"rotation":0,"texture":"#0"},"south":{"uv":[7.1875,3.828125,6.5625,3.90625],"tintindex":0,"rotation":0,"texture":"#0"},"north":{"uv":[5.703125,3.828125,5.078125,3.90625],"tintindex":0,"rotation":0,"texture":"#0"},"west":{"uv":[5.078125,3.828125,4.21875,3.90625],"tintindex":0,"rotation":0,"texture":"#0"},"up":{"uv":[5.078125,3.828125,5.703125,2.96875],"tintindex":0,"rotation":0,"texture":"#0"},"down":{"uv":[5.703125,2.96875,6.328125,3.828125],"tintindex":0,"rotation":0,"texture":"#0"}}},{"from":[4.875,7.875,9.291667],"to":[16.708334,10.5,10.625],"faces":{"east":{"uv":[3.203125,5.6875,3.265625,5.8046875],"tintindex":0,"rotation":0,"texture":"#0"},"south":{"uv":[3.8828125,5.6875,4.4375,5.8046875],"tintindex":0,"rotation":0,"texture":"#0"},"north":{"uv":[3.265625,5.6875,3.8203125,5.8046875],"tintindex":0,"rotation":0,"texture":"#0"},"west":{"uv":[3.8203125,5.6875,3.8828125,5.8046875],"tintindex":0,"rotation":0,"texture":"#0"},"up":{"uv":[3.8203125,5.6875,3.265625,5.625],"tintindex":0,"rotation":0,"texture":"#0"},"down":{"uv":[4.375,5.625,3.8203125,5.6875],"tintindex":0,"rotation":0,"texture":"#0"}}},{"from":[-11.375,7.25,0.958333],"to":[-0.95833397,10.5,2.2916665],"faces":{"east":{"uv":[3.203125,5.6875,3.265625,5.8359375],"tintindex":0,"rotation":0,"texture":"#0"},"south":{"uv":[3.8125,5.6875,4.296875,5.8359375],"tintindex":0,"rotation":0,"texture":"#0"},"north":{"uv":[3.265625,5.6875,3.75,5.8359375],"tintindex":0,"rotation":0,"texture":"#0"},"west":{"uv":[3.75,5.6875,3.8125,5.8359375],"tintindex":0,"rotation":0,"texture":"#0"},"up":{"uv":[3.75,5.6875,3.265625,5.625],"tintindex":0,"rotation":0,"texture":"#0"},"down":{"uv":[4.234375,5.625,3.75,5.6875],"tintindex":0,"rotation":0,"texture":"#0"}},"rotation":{"origin":[23.166668,8.0,8.0],"angle":45.0,"axis":"y"}},{"from":[-1.625,6.708333,0.958333],"to":[16.708334,10.5,2.2916665],"faces":{"east":{"uv":[3.203125,5.6875,3.265625,5.859375],"tintindex":0,"rotation":0,"texture":"#0"},"south":{"uv":[4.1875,5.6875,5.046875,5.859375],"tintindex":0,"rotation":0,"texture":"#0"},"north":{"uv":[3.265625,5.6875,4.125,5.859375],"tintindex":0,"rotation":0,"texture":"#0"},"west":{"uv":[4.125,5.6875,4.1875,5.859375],"tintindex":0,"rotation":0,"texture":"#0"},"up":{"uv":[4.125,5.6875,3.265625,5.625],"tintindex":0,"rotation":0,"texture":"#0"},"down":{"uv":[4.984375,5.625,4.125,5.6875],"tintindex":0,"rotation":0,"texture":"#0"}},"rotation":{"origin":[23.166668,8.0,8.0],"angle":45.0,"axis":"y"}}],"display":{"gui":{"rotation":[30,225,0]}}}