{"textures":{"0":"modelengine:entity/texture"},"elements":[{"from":[-11.035715,6.892857,-3.9642859],"to":[4.678571,10.142858,-2.8214293],"faces":{"east":{"uv":[3.203125,5.6875,3.265625,5.859375],"tintindex":0,"rotation":0,"texture":"#0"},"south":{"uv":[4.1875,5.6875,5.046875,5.859375],"tintindex":0,"rotation":0,"texture":"#0"},"north":{"uv":[3.265625,5.6875,4.125,5.859375],"tintindex":0,"rotation":0,"texture":"#0"},"west":{"uv":[4.125,5.6875,4.1875,5.859375],"tintindex":0,"rotation":0,"texture":"#0"},"up":{"uv":[4.125,5.6875,3.265625,5.625],"tintindex":0,"rotation":0,"texture":"#0"},"down":{"uv":[4.984375,5.625,4.125,5.6875],"tintindex":0,"rotation":0,"texture":"#0"}},"rotation":{"origin":[18.0,8.0,6.285714],"angle":45.0,"axis":"y"}},{"from":[-9.0,8.0,7.75],"to":[2.4285712,9.428572,12.035715],"faces":{"east":{"uv":[6.90625,4.609375,6.671875,4.6875],"tintindex":0,"rotation":0,"texture":"#0"},"south":{"uv":[7.53125,4.609375,6.90625,4.6875],"tintindex":0,"rotation":0,"texture":"#0"},"north":{"uv":[6.671875,4.609375,6.046875,4.6875],"tintindex":0,"rotation":0,"texture":"#0"},"west":{"uv":[6.046875,4.609375,5.8125,4.6875],"tintindex":0,"rotation":0,"texture":"#0"},"up":{"uv":[6.046875,4.609375,6.671875,4.375],"tintindex":0,"rotation":0,"texture":"#0"},"down":{"uv":[6.671875,4.375,7.296875,4.609375],"tintindex":0,"rotation":0,"texture":"#0"}}},{"from":[-6.302698,7.892857,6.0422645],"to":[3.8401594,10.142858,7.1851215],"faces":{"east":{"uv":[3.203125,5.6875,3.265625,5.8046875],"tintindex":0,"rotation":0,"texture":"#0"},"south":{"uv":[3.8828125,5.6875,4.4375,5.8046875],"tintindex":0,"rotation":0,"texture":"#0"},"north":{"uv":[3.265625,5.6875,3.8203125,5.8046875],"tintindex":0,"rotation":0,"texture":"#0"},"west":{"uv":[3.8203125,5.6875,3.8828125,5.8046875],"tintindex":0,"rotation":0,"texture":"#0"},"up":{"uv":[3.8203125,5.6875,3.265625,5.625],"tintindex":0,"rotation":0,"texture":"#0"},"down":{"uv":[4.375,5.625,3.8203125,5.6875],"tintindex":0,"rotation":0,"texture":"#0"}},"rotation":{"origin":[-3.516984,9.017858,4.756548],"angle":-22.5,"axis":"y"}},{"from":[-6.302698,7.892857,5.7565503],"to":[3.8401594,10.142858,6.8994074],"faces":{"east":{"uv":[3.203125,5.6875,3.265625,5.8046875],"tintindex":0,"rotation":0,"texture":"#0"},"south":{"uv":[3.8828125,5.6875,4.4375,5.8046875],"tintindex":0,"rotation":0,"texture":"#0"},"north":{"uv":[3.265625,5.6875,3.8203125,5.8046875],"tintindex":0,"rotation":0,"texture":"#0"},"west":{"uv":[3.8203125,5.6875,3.8828125,5.8046875],"tintindex":0,"rotation":0,"texture":"#0"},"up":{"uv":[3.8203125,5.6875,3.265625,5.625],"tintindex":0,"rotation":0,"texture":"#0"},"down":{"uv":[4.375,5.625,3.8203125,5.6875],"tintindex":0,"rotation":0,"texture":"#0"}},"rotation":{"origin":[-3.516984,9.017858,4.756548],"angle":-45.0,"axis":"y"}},{"from":[-9.0,8.0,9.714286],"to":[2.4285712,9.428572,24.0],"faces":{"east":{"uv":[4.375,3.75,3.59375,3.828125],"tintindex":0,"rotation":0,"texture":"#0"},"south":{"uv":[5.0,3.75,4.375,3.828125],"tintindex":0,"rotation":0,"texture":"#0"},"north":{"uv":[3.59375,3.75,2.96875,3.828125],"tintindex":0,"rotation":0,"texture":"#0"},"west":{"uv":[2.96875,3.75,2.1875,3.828125],"tintindex":0,"rotation":0,"texture":"#0"},"up":{"uv":[2.96875,3.75,3.59375,2.96875],"tintindex":0,"rotation":0,"texture":"#0"},"down":{"uv":[3.59375,2.96875,4.21875,3.75],"tintindex":0,"rotation":0,"texture":"#0"}}},{"from":[-13.964287,6.892857,-3.9642859],"to":[-10.3928585,10.142858,-2.8214293],"faces":{"east":{"uv":[3.203125,5.6875,3.265625,5.859375],"tintindex":0,"rotation":0,"texture":"#0"},"south":{"uv":[3.5234375,5.6875,3.71875,5.859375],"tintindex":0,"rotation":0,"texture":"#0"},"north":{"uv":[3.265625,5.6875,3.4609375,5.859375],"tintindex":0,"rotation":0,"texture":"#0"},"west":{"uv":[3.4609375,5.6875,3.5234375,5.859375],"tintindex":0,"rotation":0,"texture":"#0"},"up":{"uv":[3.4609375,5.6875,3.265625,5.625],"tintindex":0,"rotation":0,"texture":"#0"},"down":{"uv":[3.65625,5.625,3.4609375,5.6875],"tintindex":0,"rotation":0,"texture":"#0"}},"rotation":{"origin":[18.0,8.0,6.285714],"angle":45.0,"axis":"y"}}],"display":{"gui":{"rotation":[30,225,0]}}}