{"textures":{"0":"modelengine:entity/texture"},"elements":[{"from":[-0.33333397,12.017176,-7.431322],"to":[4.5416665,20.683842,-3.59799],"faces":{"east":{"uv":[0.0,0.1796875,0.1796875,0.5859375],"tintindex":0,"rotation":0,"texture":"#0"},"south":{"uv":[0.5859375,0.1796875,0.8125,0.5859375],"tintindex":0,"rotation":0,"texture":"#0"},"north":{"uv":[0.1796875,0.1796875,0.40625,0.5859375],"tintindex":0,"rotation":0,"texture":"#0"},"west":{"uv":[0.40625,0.1796875,0.5859375,0.5859375],"tintindex":0,"rotation":0,"texture":"#0"},"up":{"uv":[0.40625,0.1796875,0.1796875,0.0],"tintindex":0,"rotation":0,"texture":"#0"},"down":{"uv":[0.6328125,0.0,0.40625,0.1796875],"tintindex":0,"rotation":0,"texture":"#0"}},"rotation":{"origin":[8.0,7.558842,6.2353444],"angle":45.0,"axis":"x"}},{"from":[0.0,13.350509,-8.264656],"to":[4.875,22.017176,-4.431323],"faces":{"east":{"uv":[0.0,1.1171875,0.1796875,1.5234375],"tintindex":0,"rotation":0,"texture":"#0"},"south":{"uv":[0.5859375,1.1171875,0.8125,1.5234375],"tintindex":0,"rotation":0,"texture":"#0"},"north":{"uv":[0.1796875,1.1171875,0.40625,1.5234375],"tintindex":0,"rotation":0,"texture":"#0"},"west":{"uv":[0.40625,1.1171875,0.5859375,1.5234375],"tintindex":0,"rotation":0,"texture":"#0"},"up":{"uv":[0.40625,1.1171875,0.1796875,0.9375],"tintindex":0,"rotation":0,"texture":"#0"},"down":{"uv":[0.6328125,0.9375,0.40625,1.1171875],"tintindex":0,"rotation":0,"texture":"#0"}},"rotation":{"origin":[8.0,7.558842,6.2353444],"angle":45.0,"axis":"x"}},{"from":[-1.166667,11.017176,-7.431322],"to":[4.375,19.683842,-1.0979891],"faces":{"east":{"uv":[1.171875,6.921875,1.46875,7.328125],"tintindex":0,"rotation":0,"texture":"#0"},"south":{"uv":[2.0234375,6.921875,2.28125,7.328125],"tintindex":0,"rotation":0,"texture":"#0"},"north":{"uv":[1.46875,6.921875,1.7265625,7.328125],"tintindex":0,"rotation":0,"texture":"#0"},"west":{"uv":[1.7265625,6.921875,2.0234375,7.328125],"tintindex":0,"rotation":0,"texture":"#0"},"up":{"uv":[1.7265625,6.921875,1.46875,6.625],"tintindex":0,"rotation":0,"texture":"#0"},"down":{"uv":[1.984375,6.625,1.7265625,6.921875],"tintindex":0,"rotation":0,"texture":"#0"}},"rotation":{"origin":[8.0,7.558842,6.2353444],"angle":45.0,"axis":"x"}},{"from":[0.25,13.267176,-4.84799],"to":[3.7916665,17.60051,3.318678],"faces":{"east":{"uv":[6.8046875,3.90625,7.1875,4.109375],"tintindex":0,"rotation":0,"texture":"#0"},"south":{"uv":[7.734375,3.90625,7.8984375,4.109375],"tintindex":0,"rotation":0,"texture":"#0"},"north":{"uv":[7.1875,3.90625,7.3515625,4.109375],"tintindex":0,"rotation":0,"texture":"#0"},"west":{"uv":[7.3515625,3.90625,7.734375,4.109375],"tintindex":0,"rotation":0,"texture":"#0"},"up":{"uv":[7.3515625,3.90625,7.1875,3.5234375],"tintindex":0,"rotation":0,"texture":"#0"},"down":{"uv":[7.515625,3.5234375,7.3515625,3.90625],"tintindex":0,"rotation":0,"texture":"#0"}},"rotation":{"origin":[8.0,7.558842,6.2353444],"angle":22.5,"axis":"x"}},{"from":[-0.5,22.642176,2.568678],"to":[5.0416665,31.642178,10.735345],"faces":{"east":{"uv":[2.6953125,6.2265625,3.078125,6.6484375],"tintindex":0,"rotation":0,"texture":"#0"},"south":{"uv":[3.71875,6.2265625,3.9765625,6.6484375],"tintindex":0,"rotation":0,"texture":"#0"},"north":{"uv":[3.078125,6.2265625,3.3359375,6.6484375],"tintindex":0,"rotation":0,"texture":"#0"},"west":{"uv":[3.3359375,6.2265625,3.71875,6.6484375],"tintindex":0,"rotation":0,"texture":"#0"},"up":{"uv":[3.3359375,6.2265625,3.078125,5.84375],"tintindex":0,"rotation":0,"texture":"#0"},"down":{"uv":[3.59375,5.84375,3.3359375,6.2265625],"tintindex":0,"rotation":0,"texture":"#0"}},"rotation":{"origin":[2.1875,24.433842,4.068678],"angle":-22.5,"axis":"z"}},{"from":[-0.25,13.725509,-2.97299],"to":[2.958333,17.22551,5.193678],"faces":{"east":{"uv":[6.0234375,7.9296875,6.40625,8.09375],"tintindex":0,"rotation":0,"texture":"#0"},"south":{"uv":[6.9375,7.9296875,7.0859375,8.09375],"tintindex":0,"rotation":0,"texture":"#0"},"north":{"uv":[6.40625,7.9296875,6.5546875,8.09375],"tintindex":0,"rotation":0,"texture":"#0"},"west":{"uv":[6.5546875,7.9296875,6.9375,8.09375],"tintindex":0,"rotation":0,"texture":"#0"},"up":{"uv":[6.5546875,7.9296875,6.40625,7.546875],"tintindex":0,"rotation":0,"texture":"#0"},"down":{"uv":[6.703125,7.546875,6.5546875,7.9296875],"tintindex":0,"rotation":0,"texture":"#0"}},"rotation":{"origin":[8.0,7.558842,6.2353444],"angle":22.5,"axis":"x"}}],"display":{"gui":{"rotation":[30,225,0]}}}