{"textures":{"0":"modelengine:entity/texture"},"elements":[{"from":[-6.6071434,8.158641,20.164896],"to":[4.8214283,9.587213,27.307753],"faces":{"east":{"uv":[1.40625,5.078125,1.015625,5.15625],"tintindex":0,"rotation":0,"texture":"#0"},"south":{"uv":[2.03125,5.078125,1.40625,5.15625],"tintindex":0,"rotation":0,"texture":"#0"},"north":{"uv":[1.015625,5.078125,0.390625,5.15625],"tintindex":0,"rotation":0,"texture":"#0"},"west":{"uv":[0.390625,5.078125,0.0,5.15625],"tintindex":0,"rotation":0,"texture":"#0"},"up":{"uv":[0.390625,5.078125,1.015625,4.6875],"tintindex":0,"rotation":0,"texture":"#0"},"down":{"uv":[1.015625,4.6875,1.640625,5.078125],"tintindex":0,"rotation":0,"texture":"#0"}},"rotation":{"origin":[-0.89285755,9.301498,24.736324],"angle":22.5,"axis":"x"}},{"from":[-13.302696,8.892858,7.8279767],"to":[2.4115882,11.142858,8.970837],"faces":{"east":{"uv":[3.203125,5.6875,3.265625,5.8046875],"tintindex":0,"rotation":0,"texture":"#0"},"south":{"uv":[4.1875,5.6875,5.046875,5.8046875],"tintindex":0,"rotation":0,"texture":"#0"},"north":{"uv":[3.265625,5.6875,4.125,5.8046875],"tintindex":0,"rotation":0,"texture":"#0"},"west":{"uv":[4.125,5.6875,4.1875,5.8046875],"tintindex":0,"rotation":0,"texture":"#0"},"up":{"uv":[4.125,5.6875,3.265625,5.625],"tintindex":0,"rotation":0,"texture":"#0"},"down":{"uv":[4.984375,5.625,4.125,5.6875],"tintindex":0,"rotation":0,"texture":"#0"}},"rotation":{"origin":[5.0544453,10.017858,8.18512],"angle":45.0,"axis":"y"}},{"from":[-9.0,9.071428,6.392857],"to":[2.4285712,10.5,22.107143],"faces":{"east":{"uv":[2.34375,4.609375,1.484375,4.6875],"tintindex":0,"rotation":0,"texture":"#0"},"south":{"uv":[2.96875,4.609375,2.34375,4.6875],"tintindex":0,"rotation":0,"texture":"#0"},"north":{"uv":[1.484375,4.609375,0.859375,4.6875],"tintindex":0,"rotation":0,"texture":"#0"},"west":{"uv":[0.859375,4.609375,0.0,4.6875],"tintindex":0,"rotation":0,"texture":"#0"},"up":{"uv":[0.859375,4.609375,1.484375,3.75],"tintindex":0,"rotation":0,"texture":"#0"},"down":{"uv":[1.484375,3.75,2.109375,4.609375],"tintindex":0,"rotation":0,"texture":"#0"}},"rotation":{"origin":[8.0,8.0,8.0],"angle":45.0,"axis":"y"}}],"display":{"gui":{"rotation":[30,225,0]}}}