{"textures":{"0":"modelengine:entity/texture"},"elements":[{"from":[7.2,7.25,7.3],"to":[9.2,11.2,19.3],"faces":{"east":{"uv":[2.796875,5.6875,3.265625,5.8359375],"tintindex":0,"rotation":0,"texture":"#0"},"south":{"uv":[3.8125,5.6875,3.890625,5.8359375],"tintindex":0,"rotation":0,"texture":"#0"},"north":{"uv":[3.265625,5.6875,3.34375,5.8359375],"tintindex":0,"rotation":0,"texture":"#0"},"west":{"uv":[3.34375,5.6875,3.8125,5.8359375],"tintindex":0,"rotation":0,"texture":"#0"},"up":{"uv":[3.34375,5.6875,3.265625,5.21875],"tintindex":0,"rotation":0,"texture":"#0"},"down":{"uv":[3.421875,5.21875,3.34375,5.6875],"tintindex":0,"rotation":0,"texture":"#0"}}},{"from":[0.7999997,7.8,3.9],"to":[19.8,9.8,25.9],"faces":{"east":{"uv":[2.4609375,1.796875,1.6015625,1.875],"tintindex":0,"rotation":0,"texture":"#0"},"south":{"uv":[3.203125,1.796875,2.4609375,1.875],"tintindex":0,"rotation":0,"texture":"#0"},"north":{"uv":[1.6015625,1.796875,0.859375,1.875],"tintindex":0,"rotation":0,"texture":"#0"},"west":{"uv":[0.859375,1.796875,0.0,1.875],"tintindex":0,"rotation":0,"texture":"#0"},"up":{"uv":[0.859375,1.796875,1.6015625,0.9375],"tintindex":0,"rotation":0,"texture":"#0"},"down":{"uv":[1.6015625,0.9375,2.34375,1.796875],"tintindex":0,"rotation":0,"texture":"#0"}},"rotation":{"origin":[8.0,8.0,-4.8],"angle":-45.0,"axis":"y"}},{"from":[0.4000001,7.4,3.2999997],"to":[18.6,11.95,4.8999996],"faces":{"east":{"uv":[3.203125,5.6875,3.265625,5.859375],"tintindex":0,"rotation":0,"texture":"#0"},"south":{"uv":[4.0390625,5.6875,4.75,5.859375],"tintindex":0,"rotation":0,"texture":"#0"},"north":{"uv":[3.265625,5.6875,3.9765625,5.859375],"tintindex":0,"rotation":0,"texture":"#0"},"west":{"uv":[3.9765625,5.6875,4.0390625,5.859375],"tintindex":0,"rotation":0,"texture":"#0"},"up":{"uv":[3.9765625,5.6875,3.265625,5.625],"tintindex":0,"rotation":0,"texture":"#0"},"down":{"uv":[4.6875,5.625,3.9765625,5.6875],"tintindex":0,"rotation":0,"texture":"#0"}},"rotation":{"origin":[8.0,8.0,-4.8],"angle":-45.0,"axis":"y"}},{"from":[3.5499997,7.75,3.0499997],"to":[5.55,11.7,25.050001],"faces":{"east":{"uv":[2.40625,5.6875,3.265625,5.8359375],"tintindex":0,"rotation":0,"texture":"#0"},"south":{"uv":[4.203125,5.6875,4.28125,5.8359375],"tintindex":0,"rotation":0,"texture":"#0"},"north":{"uv":[3.265625,5.6875,3.34375,5.8359375],"tintindex":0,"rotation":0,"texture":"#0"},"west":{"uv":[3.34375,5.6875,4.203125,5.8359375],"tintindex":0,"rotation":0,"texture":"#0"},"up":{"uv":[3.34375,5.6875,3.265625,4.828125],"tintindex":0,"rotation":0,"texture":"#0"},"down":{"uv":[3.421875,4.828125,3.34375,5.6875],"tintindex":0,"rotation":0,"texture":"#0"}},"rotation":{"origin":[8.0,8.0,-4.8],"angle":-22.5,"axis":"y"}},{"from":[3.5499997,7.75,23.05],"to":[5.55,11.7,29.050001],"faces":{"east":{"uv":[3.03125,5.6875,3.265625,5.8359375],"tintindex":0,"rotation":0,"texture":"#0"},"south":{"uv":[3.578125,5.6875,3.65625,5.8359375],"tintindex":0,"rotation":0,"texture":"#0"},"north":{"uv":[3.265625,5.6875,3.34375,5.8359375],"tintindex":0,"rotation":0,"texture":"#0"},"west":{"uv":[3.34375,5.6875,3.578125,5.8359375],"tintindex":0,"rotation":0,"texture":"#0"},"up":{"uv":[3.34375,5.6875,3.265625,5.453125],"tintindex":0,"rotation":0,"texture":"#0"},"down":{"uv":[3.421875,5.453125,3.34375,5.6875],"tintindex":0,"rotation":0,"texture":"#0"}},"rotation":{"origin":[8.0,8.0,-4.8],"angle":-22.5,"axis":"y"}}],"display":{"gui":{"rotation":[30,225,0]}}}