{"textures":{"0":"modelengine:entity/texture"},"elements":[{"from":[-7.833334,5.035659,-4.8523808],"to":[0.16666651,21.03566,0.14761972],"faces":{"east":{"uv":[4.21875,3.0859375,4.3359375,3.4609375],"tintindex":0,"rotation":0,"texture":"#0"},"south":{"uv":[4.640625,3.0859375,4.828125,3.4609375],"tintindex":0,"rotation":0,"texture":"#0"},"north":{"uv":[4.3359375,3.0859375,4.5234375,3.4609375],"tintindex":0,"rotation":0,"texture":"#0"},"west":{"uv":[4.5234375,3.0859375,4.640625,3.4609375],"tintindex":0,"rotation":0,"texture":"#0"},"up":{"uv":[4.5234375,3.0859375,4.3359375,2.96875],"tintindex":0,"rotation":0,"texture":"#0"},"down":{"uv":[4.7109375,2.96875,4.5234375,3.0859375],"tintindex":0,"rotation":0,"texture":"#0"}},"rotation":{"origin":[8.0,8.368993,8.89762],"angle":22.5,"axis":"x"}},{"from":[-6.166667,16.53566,13.730953],"to":[-0.5,26.868994,20.06429],"faces":{"east":{"uv":[7.2421875,5.0703125,7.390625,5.3125],"tintindex":0,"rotation":0,"texture":"#0"},"south":{"uv":[7.671875,5.0703125,7.8046875,5.3125],"tintindex":0,"rotation":0,"texture":"#0"},"north":{"uv":[7.390625,5.0703125,7.5234375,5.3125],"tintindex":0,"rotation":0,"texture":"#0"},"west":{"uv":[7.5234375,5.0703125,7.671875,5.3125],"tintindex":0,"rotation":0,"texture":"#0"},"up":{"uv":[7.5234375,5.0703125,7.390625,4.921875],"tintindex":0,"rotation":0,"texture":"#0"},"down":{"uv":[7.65625,4.921875,7.5234375,5.0703125],"tintindex":0,"rotation":0,"texture":"#0"}},"rotation":{"origin":[8.0,8.368993,8.89762],"angle":-45.0,"axis":"x"}},{"from":[-5.666667,16.53566,10.564287],"to":[-2.0,21.53566,14.230953],"faces":{"east":{"uv":[2.109375,2.6171875,2.1953125,2.734375],"tintindex":0,"rotation":0,"texture":"#0"},"south":{"uv":[2.3671875,2.6171875,2.453125,2.734375],"tintindex":0,"rotation":0,"texture":"#0"},"north":{"uv":[2.1953125,2.6171875,2.28125,2.734375],"tintindex":0,"rotation":0,"texture":"#0"},"west":{"uv":[2.28125,2.6171875,2.3671875,2.734375],"tintindex":0,"rotation":0,"texture":"#0"},"up":{"uv":[2.28125,2.6171875,2.1953125,2.53125],"tintindex":0,"rotation":0,"texture":"#0"},"down":{"uv":[2.3671875,2.53125,2.28125,2.6171875],"tintindex":0,"rotation":0,"texture":"#0"}},"rotation":{"origin":[8.0,9.368993,8.564286],"angle":-22.5,"axis":"x"}},{"from":[-5.333334,14.78566,4.564286],"to":[-2.333334,19.118994,7.5642867],"faces":{"east":{"uv":[2.6171875,2.9609375,2.6875,3.0625],"tintindex":0,"rotation":0,"texture":"#0"},"south":{"uv":[2.828125,2.9609375,2.8984375,3.0625],"tintindex":0,"rotation":0,"texture":"#0"},"north":{"uv":[2.6875,2.9609375,2.7578125,3.0625],"tintindex":0,"rotation":0,"texture":"#0"},"west":{"uv":[2.7578125,2.9609375,2.828125,3.0625],"tintindex":0,"rotation":0,"texture":"#0"},"up":{"uv":[2.7578125,2.9609375,2.6875,2.890625],"tintindex":0,"rotation":0,"texture":"#0"},"down":{"uv":[2.828125,2.890625,2.7578125,2.9609375],"tintindex":0,"rotation":0,"texture":"#0"}},"rotation":{"origin":[8.0,9.368993,8.564286],"angle":22.5,"axis":"x"}},{"from":[-7.333334,5.035659,-5.435714],"to":[0.6666665,21.03566,0.8976197],"faces":{"east":{"uv":[0.0,2.9609375,0.1484375,3.3359375],"tintindex":0,"rotation":0,"texture":"#0"},"south":{"uv":[0.484375,2.9609375,0.671875,3.3359375],"tintindex":0,"rotation":0,"texture":"#0"},"north":{"uv":[0.1484375,2.9609375,0.3359375,3.3359375],"tintindex":0,"rotation":0,"texture":"#0"},"west":{"uv":[0.3359375,2.9609375,0.484375,3.3359375],"tintindex":0,"rotation":0,"texture":"#0"},"up":{"uv":[0.3359375,2.9609375,0.1484375,2.8125],"tintindex":0,"rotation":0,"texture":"#0"},"down":{"uv":[0.5234375,2.8125,0.3359375,2.9609375],"tintindex":0,"rotation":0,"texture":"#0"}},"rotation":{"origin":[8.0,8.368993,8.89762],"angle":22.5,"axis":"x"}}],"display":{"gui":{"rotation":[30,225,0]}}}