{"textures":{"0":"modelengine:entity/texture"},"elements":[{"from":[-0.3125,6.59375,1.125],"to":[2.6875,9.15625,14.875],"faces":{"east":{"uv":[2.7421875,8.1953125,3.171875,8.2734375],"tintindex":0,"rotation":0,"texture":"#0"},"south":{"uv":[3.6953125,8.1953125,3.7890625,8.2734375],"tintindex":0,"rotation":0,"texture":"#0"},"north":{"uv":[3.171875,8.1953125,3.265625,8.2734375],"tintindex":0,"rotation":0,"texture":"#0"},"west":{"uv":[3.265625,8.1953125,3.6953125,8.2734375],"tintindex":0,"rotation":0,"texture":"#0"},"up":{"uv":[3.265625,8.1953125,3.171875,7.765625],"tintindex":0,"rotation":0,"texture":"#0"},"down":{"uv":[3.359375,7.765625,3.265625,8.1953125],"tintindex":0,"rotation":0,"texture":"#0"}}},{"from":[-5.75,-1.84375,4.5625],"to":[-3.1875,0.15625,23.5625],"faces":{"east":{"uv":[5.6875,1.921875,6.28125,1.984375],"tintindex":0,"rotation":0,"texture":"#0"},"south":{"uv":[6.953125,1.921875,7.03125,1.984375],"tintindex":0,"rotation":0,"texture":"#0"},"north":{"uv":[6.28125,1.921875,6.359375,1.984375],"tintindex":0,"rotation":0,"texture":"#0"},"west":{"uv":[6.359375,1.921875,6.953125,1.984375],"tintindex":0,"rotation":0,"texture":"#0"},"up":{"uv":[6.359375,1.921875,6.28125,1.328125],"tintindex":0,"rotation":0,"texture":"#0"},"down":{"uv":[6.4375,1.328125,6.359375,1.921875],"tintindex":0,"rotation":0,"texture":"#0"}},"rotation":{"origin":[14.6875,8.0,8.0],"angle":45.0,"axis":"x"}},{"from":[-5.875,0.59375,7.25],"to":[-3.3125,2.59375,21.0],"faces":{"east":{"uv":[8.0546875,2.8125,8.484375,2.875],"tintindex":0,"rotation":0,"texture":"#0"},"south":{"uv":[8.9921875,2.8125,9.0703125,2.875],"tintindex":0,"rotation":0,"texture":"#0"},"north":{"uv":[8.484375,2.8125,8.5625,2.875],"tintindex":0,"rotation":0,"texture":"#0"},"west":{"uv":[8.5625,2.8125,8.9921875,2.875],"tintindex":0,"rotation":0,"texture":"#0"},"up":{"uv":[8.5625,2.8125,8.484375,2.3828125],"tintindex":0,"rotation":0,"texture":"#0"},"down":{"uv":[8.640625,2.3828125,8.5625,2.8125],"tintindex":0,"rotation":0,"texture":"#0"}},"rotation":{"origin":[14.6875,8.0,8.0],"angle":22.5,"axis":"x"}},{"from":[-0.1875,8.59375,13.625],"to":[2.3125,11.40625,27.375],"faces":{"east":{"uv":[3.359375,8.2734375,3.7890625,8.359375],"tintindex":0,"rotation":0,"texture":"#0"},"south":{"uv":[4.296875,8.2734375,4.375,8.359375],"tintindex":0,"rotation":0,"texture":"#0"},"north":{"uv":[3.7890625,8.2734375,3.8671875,8.359375],"tintindex":0,"rotation":0,"texture":"#0"},"west":{"uv":[3.8671875,8.2734375,4.296875,8.359375],"tintindex":0,"rotation":0,"texture":"#0"},"up":{"uv":[3.8671875,8.2734375,3.7890625,7.84375],"tintindex":0,"rotation":0,"texture":"#0"},"down":{"uv":[3.9453125,7.84375,3.8671875,8.2734375],"tintindex":0,"rotation":0,"texture":"#0"}},"rotation":{"origin":[14.6875,8.0,8.0],"angle":22.5,"axis":"x"}}],"display":{"gui":{"rotation":[30,225,0]}}}