{"textures":{"0":"modelengine:entity/texture"},"elements":[{"from":[0.5,-2.75,0.125],"to":[16.375,17.25,15.625],"faces":{"east":{"uv":[4.375,8.1484375,4.6171875,8.4609375],"tintindex":0,"rotation":0,"texture":"#0"},"south":{"uv":[5.1015625,8.1484375,5.34375,8.4609375],"tintindex":0,"rotation":0,"texture":"#0"},"north":{"uv":[4.6171875,8.1484375,4.859375,8.4609375],"tintindex":0,"rotation":0,"texture":"#0"},"west":{"uv":[4.859375,8.1484375,5.1015625,8.4609375],"tintindex":0,"rotation":0,"texture":"#0"},"up":{"uv":[4.859375,8.1484375,4.6171875,7.90625],"tintindex":0,"rotation":0,"texture":"#0"},"down":{"uv":[5.1015625,7.90625,4.859375,8.1484375],"tintindex":0,"rotation":0,"texture":"#0"}}},{"from":[5.375,11.263771,6.335205],"to":[11.75,25.388771,13.835205],"faces":{"east":{"uv":[7.28125,0.1171875,7.3984375,0.3359375],"tintindex":0,"rotation":0,"texture":"#0"},"south":{"uv":[7.609375,0.1171875,7.703125,0.3359375],"tintindex":0,"rotation":0,"texture":"#0"},"north":{"uv":[7.3984375,0.1171875,7.4921875,0.3359375],"tintindex":0,"rotation":0,"texture":"#0"},"west":{"uv":[7.4921875,0.1171875,7.609375,0.3359375],"tintindex":0,"rotation":0,"texture":"#0"},"up":{"uv":[7.4921875,0.1171875,7.3984375,0.0],"tintindex":0,"rotation":0,"texture":"#0"},"down":{"uv":[7.5859375,0.0,7.4921875,0.1171875],"tintindex":0,"rotation":0,"texture":"#0"}}}],"display":{"gui":{"rotation":[30,225,0]}}}