{"textures":{"0":"modelengine:entity/texture"},"elements":[{"from":[3.75,3.3125,-13.875],"to":[12.25,11.8125,-5.375],"faces":{"east":{"uv":[7.75,0.265625,8.015625,0.53125],"tintindex":0,"rotation":0,"texture":"#0"},"south":{"uv":[8.546875,0.265625,8.8125,0.53125],"tintindex":0,"rotation":0,"texture":"#0"},"north":{"uv":[8.015625,0.265625,8.28125,0.53125],"tintindex":0,"rotation":0,"texture":"#0"},"west":{"uv":[8.28125,0.265625,8.546875,0.53125],"tintindex":0,"rotation":0,"texture":"#0"},"up":{"uv":[8.28125,0.265625,8.015625,0.0],"tintindex":0,"rotation":0,"texture":"#0"},"down":{"uv":[8.546875,0.0,8.28125,0.265625],"tintindex":0,"rotation":0,"texture":"#0"}}}],"display":{"gui":{"rotation":[30,225,0]}}}