{"textures":{"0":"modelengine:entity/texture"},"elements":[{"from":[4.0,1.875,-10.25],"to":[12.875,14.875,6.25],"faces":{"east":{"uv":[2.34375,1.2734375,2.6015625,1.4765625],"tintindex":0,"rotation":0,"texture":"#0"},"south":{"uv":[2.9921875,1.2734375,3.125,1.4765625],"tintindex":0,"rotation":0,"texture":"#0"},"north":{"uv":[2.6015625,1.2734375,2.734375,1.4765625],"tintindex":0,"rotation":0,"texture":"#0"},"west":{"uv":[2.734375,1.2734375,2.9921875,1.4765625],"tintindex":0,"rotation":0,"texture":"#0"},"up":{"uv":[2.734375,1.2734375,2.6015625,1.015625],"tintindex":0,"rotation":0,"texture":"#0"},"down":{"uv":[2.8671875,1.015625,2.734375,1.2734375],"tintindex":0,"rotation":0,"texture":"#0"}}}],"display":{"gui":{"rotation":[30,225,0]}}}