{"textures":{"0":"modelengine:entity/texture"},"elements":[{"from":[-2.0,-2.0,-5.0],"to":[18.0,18.0,21.0],"faces":{"east":{"uv":[2.109375,3.515625,2.3125,3.671875],"tintindex":0,"rotation":0,"texture":"#0"},"south":{"uv":[2.671875,3.515625,2.828125,3.671875],"tintindex":0,"rotation":0,"texture":"#0"},"north":{"uv":[2.3125,3.515625,2.46875,3.671875],"tintindex":0,"rotation":0,"texture":"#0"},"west":{"uv":[2.46875,3.515625,2.671875,3.671875],"tintindex":0,"rotation":0,"texture":"#0"},"up":{"uv":[2.46875,3.515625,2.3125,3.3125],"tintindex":0,"rotation":0,"texture":"#0"},"down":{"uv":[2.625,3.3125,2.46875,3.515625],"tintindex":0,"rotation":0,"texture":"#0"}}}],"display":{"gui":{"rotation":[30,225,0]}}}