{"textures":{"0":"modelengine:entity/texture"},"elements":[{"from":[4.25,3.5625,-15.625],"to":[11.75,11.0625,-5.625],"faces":{"east":{"uv":[2.765625,5.078125,3.078125,5.3125],"tintindex":0,"rotation":0,"texture":"#0"},"south":{"uv":[3.625,5.078125,3.859375,5.3125],"tintindex":0,"rotation":0,"texture":"#0"},"north":{"uv":[3.078125,5.078125,3.3125,5.3125],"tintindex":0,"rotation":0,"texture":"#0"},"west":{"uv":[3.3125,5.078125,3.625,5.3125],"tintindex":0,"rotation":0,"texture":"#0"},"up":{"uv":[3.3125,5.078125,3.078125,4.765625],"tintindex":0,"rotation":0,"texture":"#0"},"down":{"uv":[3.546875,4.765625,3.3125,5.078125],"tintindex":0,"rotation":0,"texture":"#0"}}}],"display":{"gui":{"rotation":[30,225,0]}}}