{"textures":{"0":"modelengine:entity/texture"},"elements":[{"from":[1.375,-0.625,-6.25],"to":[15.25,17.125,13.75],"faces":{"east":{"uv":[7.515625,3.515625,7.828125,3.7890625],"tintindex":0,"rotation":0,"texture":"#0"},"south":{"uv":[8.3515625,3.515625,8.5625,3.7890625],"tintindex":0,"rotation":0,"texture":"#0"},"north":{"uv":[7.828125,3.515625,8.0390625,3.7890625],"tintindex":0,"rotation":0,"texture":"#0"},"west":{"uv":[8.0390625,3.515625,8.3515625,3.7890625],"tintindex":0,"rotation":0,"texture":"#0"},"up":{"uv":[8.0390625,3.515625,7.828125,3.203125],"tintindex":0,"rotation":0,"texture":"#0"},"down":{"uv":[8.25,3.203125,8.0390625,3.515625],"tintindex":0,"rotation":0,"texture":"#0"}}},{"from":[5.375,11.263771,3.835205],"to":[11.75,25.388771,11.335205],"faces":{"east":{"uv":[0.0,5.2734375,0.1171875,5.4921875],"tintindex":0,"rotation":0,"texture":"#0"},"south":{"uv":[0.328125,5.2734375,0.421875,5.4921875],"tintindex":0,"rotation":0,"texture":"#0"},"north":{"uv":[0.1171875,5.2734375,0.2109375,5.4921875],"tintindex":0,"rotation":0,"texture":"#0"},"west":{"uv":[0.2109375,5.2734375,0.328125,5.4921875],"tintindex":0,"rotation":0,"texture":"#0"},"up":{"uv":[0.2109375,5.2734375,0.1171875,5.15625],"tintindex":0,"rotation":0,"texture":"#0"},"down":{"uv":[0.3046875,5.15625,0.2109375,5.2734375],"tintindex":0,"rotation":0,"texture":"#0"}}}],"display":{"gui":{"rotation":[30,225,0]}}}