{"textures":{"0":"modelengine:entity/texture"},"elements":[{"from":[0.0,0.0,-1.5],"to":[16.0,16.0,17.5],"faces":{"east":{"uv":[0.0,0.734375,0.1484375,0.859375],"tintindex":0,"rotation":0,"texture":"#0"},"south":{"uv":[0.421875,0.734375,0.546875,0.859375],"tintindex":0,"rotation":0,"texture":"#0"},"north":{"uv":[0.1484375,0.734375,0.2734375,0.859375],"tintindex":0,"rotation":0,"texture":"#0"},"west":{"uv":[0.2734375,0.734375,0.421875,0.859375],"tintindex":0,"rotation":0,"texture":"#0"},"up":{"uv":[0.2734375,0.734375,0.1484375,0.5859375],"tintindex":0,"rotation":0,"texture":"#0"},"down":{"uv":[0.3984375,0.5859375,0.2734375,0.734375],"tintindex":0,"rotation":0,"texture":"#0"}}}],"display":{"gui":{"rotation":[30,225,0]}}}