{"textures":{"0":"modelengine:entity/texture"},"elements":[{"from":[1.0,1.0,-9.0],"to":[15.0,15.0,25.0],"faces":{"east":{"uv":[4.21875,2.21875,4.484375,2.328125],"tintindex":0,"rotation":0,"texture":"#0"},"south":{"uv":[4.859375,2.21875,4.96875,2.328125],"tintindex":0,"rotation":0,"texture":"#0"},"north":{"uv":[4.484375,2.21875,4.59375,2.328125],"tintindex":0,"rotation":0,"texture":"#0"},"west":{"uv":[4.59375,2.21875,4.859375,2.328125],"tintindex":0,"rotation":0,"texture":"#0"},"up":{"uv":[4.59375,2.21875,4.484375,1.953125],"tintindex":0,"rotation":0,"texture":"#0"},"down":{"uv":[4.703125,1.953125,4.59375,2.21875],"tintindex":0,"rotation":0,"texture":"#0"}}}],"display":{"gui":{"rotation":[30,225,0]}}}