{"textures":{"0":"modelengine:entity/texture"},"elements":[{"from":[-5.0,-5.0,-8.5],"to":[21.0,21.0,24.5],"faces":{"east":{"uv":[8.1796875,7.6328125,8.4375,7.8359375],"tintindex":0,"rotation":0,"texture":"#0"},"south":{"uv":[8.8984375,7.6328125,9.1015625,7.8359375],"tintindex":0,"rotation":0,"texture":"#0"},"north":{"uv":[8.4375,7.6328125,8.640625,7.8359375],"tintindex":0,"rotation":0,"texture":"#0"},"west":{"uv":[8.640625,7.6328125,8.8984375,7.8359375],"tintindex":0,"rotation":0,"texture":"#0"},"up":{"uv":[8.640625,7.6328125,8.4375,7.375],"tintindex":0,"rotation":0,"texture":"#0"},"down":{"uv":[8.84375,7.375,8.640625,7.6328125],"tintindex":0,"rotation":0,"texture":"#0"}}}],"display":{"gui":{"rotation":[30,225,0]}}}