{"textures":{"0":"modelengine:entity/texture"},"elements":[{"from":[-3.5,2.0,2.0],"to":[19.5,14.0,14.0],"faces":{"east":{"uv":[0.0,2.546875,0.09375,2.640625],"tintindex":0,"rotation":0,"texture":"#0"},"south":{"uv":[0.3671875,2.546875,0.546875,2.640625],"tintindex":0,"rotation":0,"texture":"#0"},"north":{"uv":[0.09375,2.546875,0.2734375,2.640625],"tintindex":0,"rotation":0,"texture":"#0"},"west":{"uv":[0.2734375,2.546875,0.3671875,2.640625],"tintindex":0,"rotation":0,"texture":"#0"},"up":{"uv":[0.2734375,2.546875,0.09375,2.453125],"tintindex":0,"rotation":0,"texture":"#0"},"down":{"uv":[0.453125,2.453125,0.2734375,2.546875],"tintindex":0,"rotation":0,"texture":"#0"}}}],"display":{"gui":{"rotation":[30,225,0]}}}