{"textures":{"0":"modelengine:entity/texture"},"elements":[{"from":[2.25,2.375,-13.875],"to":[13.75,13.875,-3.875],"faces":{"east":{"uv":[1.28125,6.265625,1.59375,6.625],"tintindex":0,"rotation":0,"texture":"#0"},"south":{"uv":[2.265625,6.265625,2.625,6.625],"tintindex":0,"rotation":0,"texture":"#0"},"north":{"uv":[1.59375,6.265625,1.953125,6.625],"tintindex":0,"rotation":0,"texture":"#0"},"west":{"uv":[1.953125,6.265625,2.265625,6.625],"tintindex":0,"rotation":0,"texture":"#0"},"up":{"uv":[1.953125,6.265625,1.59375,5.953125],"tintindex":0,"rotation":0,"texture":"#0"},"down":{"uv":[2.3125,5.953125,1.953125,6.265625],"tintindex":0,"rotation":0,"texture":"#0"}}}],"display":{"gui":{"rotation":[30,225,0]}}}