{"textures":{"0":"modelengine:entity/texture"},"elements":[{"from":[5.375,11.263771,7.210205],"to":[11.75,25.388771,14.710205],"faces":{"east":{"uv":[6.53125,0.1171875,6.6484375,0.3359375],"tintindex":0,"rotation":0,"texture":"#0"},"south":{"uv":[6.859375,0.1171875,6.953125,0.3359375],"tintindex":0,"rotation":0,"texture":"#0"},"north":{"uv":[6.6484375,0.1171875,6.7421875,0.3359375],"tintindex":0,"rotation":0,"texture":"#0"},"west":{"uv":[6.7421875,0.1171875,6.859375,0.3359375],"tintindex":0,"rotation":0,"texture":"#0"},"up":{"uv":[6.7421875,0.1171875,6.6484375,0.0],"tintindex":0,"rotation":0,"texture":"#0"},"down":{"uv":[6.8359375,0.0,6.7421875,0.1171875],"tintindex":0,"rotation":0,"texture":"#0"}}},{"from":[2.0,-1.125,-0.375],"to":[14.875,15.875,16.625],"faces":{"east":{"uv":[8.2421875,4.921875,8.5078125,5.1875],"tintindex":0,"rotation":0,"texture":"#0"},"south":{"uv":[8.96875,4.921875,9.1640625,5.1875],"tintindex":0,"rotation":0,"texture":"#0"},"north":{"uv":[8.5078125,4.921875,8.703125,5.1875],"tintindex":0,"rotation":0,"texture":"#0"},"west":{"uv":[8.703125,4.921875,8.96875,5.1875],"tintindex":0,"rotation":0,"texture":"#0"},"up":{"uv":[8.703125,4.921875,8.5078125,4.65625],"tintindex":0,"rotation":0,"texture":"#0"},"down":{"uv":[8.8984375,4.65625,8.703125,4.921875],"tintindex":0,"rotation":0,"texture":"#0"}}}],"display":{"gui":{"rotation":[30,225,0]}}}