{"textures":{"0":"modelengine:entity/texture"},"elements":[{"from":[-2.75,-3.5,-7.75],"to":[19.25,18.5,22.25],"faces":{"east":{"uv":[2.34375,0.65625,2.578125,0.828125],"tintindex":0,"rotation":0,"texture":"#0"},"south":{"uv":[2.984375,0.65625,3.15625,0.828125],"tintindex":0,"rotation":0,"texture":"#0"},"north":{"uv":[2.578125,0.65625,2.75,0.828125],"tintindex":0,"rotation":0,"texture":"#0"},"west":{"uv":[2.75,0.65625,2.984375,0.828125],"tintindex":0,"rotation":0,"texture":"#0"},"up":{"uv":[2.75,0.65625,2.578125,0.421875],"tintindex":0,"rotation":0,"texture":"#0"},"down":{"uv":[2.921875,0.421875,2.75,0.65625],"tintindex":0,"rotation":0,"texture":"#0"}}},{"from":[-5.75,-3.5,-7.75],"to":[21.25,20.5,25.25],"faces":{"east":{"uv":[8.078125,1.6796875,8.3359375,1.8671875],"tintindex":0,"rotation":0,"texture":"#0"},"south":{"uv":[8.8046875,1.6796875,9.015625,1.8671875],"tintindex":0,"rotation":0,"texture":"#0"},"north":{"uv":[8.3359375,1.6796875,8.546875,1.8671875],"tintindex":0,"rotation":0,"texture":"#0"},"west":{"uv":[8.546875,1.6796875,8.8046875,1.8671875],"tintindex":0,"rotation":0,"texture":"#0"},"up":{"uv":[8.546875,1.6796875,8.3359375,1.421875],"tintindex":0,"rotation":0,"texture":"#0"},"down":{"uv":[8.7578125,1.421875,8.546875,1.6796875],"tintindex":0,"rotation":0,"texture":"#0"}}}],"display":{"gui":{"rotation":[30,225,0]}}}