{"textures":{"0":"modelengine:entity/texture"},"elements":[{"from":[-1.0,-1.0,-3.5],"to":[17.0,17.0,19.5],"faces":{"east":{"uv":[0.0,3.515625,0.1796875,3.65625],"tintindex":0,"rotation":0,"texture":"#0"},"south":{"uv":[0.5,3.515625,0.640625,3.65625],"tintindex":0,"rotation":0,"texture":"#0"},"north":{"uv":[0.1796875,3.515625,0.3203125,3.65625],"tintindex":0,"rotation":0,"texture":"#0"},"west":{"uv":[0.3203125,3.515625,0.5,3.65625],"tintindex":0,"rotation":0,"texture":"#0"},"up":{"uv":[0.3203125,3.515625,0.1796875,3.3359375],"tintindex":0,"rotation":0,"texture":"#0"},"down":{"uv":[0.4609375,3.3359375,0.3203125,3.515625],"tintindex":0,"rotation":0,"texture":"#0"}}}],"display":{"gui":{"rotation":[30,225,0]}}}