{"textures":{"0":"modelengine:entity/texture"},"elements":[{"from":[5.375,11.263771,0.33520508],"to":[11.75,25.388771,7.835205],"faces":{"east":{"uv":[7.3984375,1.328125,7.515625,1.546875],"tintindex":0,"rotation":0,"texture":"#0"},"south":{"uv":[7.7265625,1.328125,7.8203125,1.546875],"tintindex":0,"rotation":0,"texture":"#0"},"north":{"uv":[7.515625,1.328125,7.609375,1.546875],"tintindex":0,"rotation":0,"texture":"#0"},"west":{"uv":[7.609375,1.328125,7.7265625,1.546875],"tintindex":0,"rotation":0,"texture":"#0"},"up":{"uv":[7.609375,1.328125,7.515625,1.2109375],"tintindex":0,"rotation":0,"texture":"#0"},"down":{"uv":[7.703125,1.2109375,7.609375,1.328125],"tintindex":0,"rotation":0,"texture":"#0"}}},{"from":[-0.5,-5.25,-4.75],"to":[17.375,16.75,15.25],"faces":{"east":{"uv":[0.0,6.9375,0.3125,7.28125],"tintindex":0,"rotation":0,"texture":"#0"},"south":{"uv":[0.8984375,6.9375,1.171875,7.28125],"tintindex":0,"rotation":0,"texture":"#0"},"north":{"uv":[0.3125,6.9375,0.5859375,7.28125],"tintindex":0,"rotation":0,"texture":"#0"},"west":{"uv":[0.5859375,6.9375,0.8984375,7.28125],"tintindex":0,"rotation":0,"texture":"#0"},"up":{"uv":[0.5859375,6.9375,0.3125,6.625],"tintindex":0,"rotation":0,"texture":"#0"},"down":{"uv":[0.859375,6.625,0.5859375,6.9375],"tintindex":0,"rotation":0,"texture":"#0"}}},{"from":[2.375,2.9487076,-0.302063],"to":[15.25,19.573708,22.197937],"faces":{"east":{"uv":[5.9921875,7.125,6.34375,7.3828125],"tintindex":0,"rotation":0,"texture":"#0"},"south":{"uv":[6.890625,7.125,7.0859375,7.3828125],"tintindex":0,"rotation":0,"texture":"#0"},"north":{"uv":[6.34375,7.125,6.5390625,7.3828125],"tintindex":0,"rotation":0,"texture":"#0"},"west":{"uv":[6.5390625,7.125,6.890625,7.3828125],"tintindex":0,"rotation":0,"texture":"#0"},"up":{"uv":[6.5390625,7.125,6.34375,6.7734375],"tintindex":0,"rotation":0,"texture":"#0"},"down":{"uv":[6.734375,6.7734375,6.5390625,7.125],"tintindex":0,"rotation":0,"texture":"#0"}}}],"display":{"gui":{"rotation":[30,225,0]}}}