{"textures":{"0":"modelengine:entity/texture"},"elements":[{"from":[-2.0,1.625,-1.125],"to":[18.0,15.125,20.375],"faces":{"east":{"uv":[6.4375,1.6640625,6.7734375,1.875],"tintindex":0,"rotation":0,"texture":"#0"},"south":{"uv":[7.421875,1.6640625,7.734375,1.875],"tintindex":0,"rotation":0,"texture":"#0"},"north":{"uv":[6.7734375,1.6640625,7.0859375,1.875],"tintindex":0,"rotation":0,"texture":"#0"},"west":{"uv":[7.0859375,1.6640625,7.421875,1.875],"tintindex":0,"rotation":0,"texture":"#0"},"up":{"uv":[7.0859375,1.6640625,6.7734375,1.328125],"tintindex":0,"rotation":0,"texture":"#0"},"down":{"uv":[7.3984375,1.328125,7.0859375,1.6640625],"tintindex":0,"rotation":0,"texture":"#0"}}},{"from":[2.0,1.625,-1.125],"to":[14.0,13.625,13.875],"faces":{"east":{"uv":[2.34375,0.234375,2.578125,0.421875],"tintindex":0,"rotation":0,"texture":"#0"},"south":{"uv":[3.0,0.234375,3.1875,0.421875],"tintindex":0,"rotation":0,"texture":"#0"},"north":{"uv":[2.578125,0.234375,2.765625,0.421875],"tintindex":0,"rotation":0,"texture":"#0"},"west":{"uv":[2.765625,0.234375,3.0,0.421875],"tintindex":0,"rotation":0,"texture":"#0"},"up":{"uv":[2.765625,0.234375,2.578125,0.0],"tintindex":0,"rotation":0,"texture":"#0"},"down":{"uv":[2.953125,0.0,2.765625,0.234375],"tintindex":0,"rotation":0,"texture":"#0"}}}],"display":{"gui":{"rotation":[30,225,0]}}}