{"textures":{"0":"modelengine:entity/texture"},"elements":[{"from":[3.0,2.625,-12.5625],"to":[13.0,12.625,-4.8125],"faces":{"east":{"uv":[7.0703125,6.15625,7.3125,6.46875],"tintindex":0,"rotation":0,"texture":"#0"},"south":{"uv":[7.8671875,6.15625,8.1796875,6.46875],"tintindex":0,"rotation":0,"texture":"#0"},"north":{"uv":[7.3125,6.15625,7.625,6.46875],"tintindex":0,"rotation":0,"texture":"#0"},"west":{"uv":[7.625,6.15625,7.8671875,6.46875],"tintindex":0,"rotation":0,"texture":"#0"},"up":{"uv":[7.625,6.15625,7.3125,5.9140625],"tintindex":0,"rotation":0,"texture":"#0"},"down":{"uv":[7.9375,5.9140625,7.625,6.15625],"tintindex":0,"rotation":0,"texture":"#0"}}}],"display":{"gui":{"rotation":[30,225,0]}}}