{"textures":{"0":"modelengine:entity/texture"},"elements":[{"from":[2.1666665,1.833333,2.1666665],"to":[13.833334,14.166667,13.833334],"faces":{"east":{"uv":[7.0859375,7.046875,7.359375,7.3359375],"tintindex":0,"rotation":0,"texture":"#0"},"south":{"uv":[7.90625,7.046875,8.1796875,7.3359375],"tintindex":0,"rotation":0,"texture":"#0"},"north":{"uv":[7.359375,7.046875,7.6328125,7.3359375],"tintindex":0,"rotation":0,"texture":"#0"},"west":{"uv":[7.6328125,7.046875,7.90625,7.3359375],"tintindex":0,"rotation":0,"texture":"#0"},"up":{"uv":[7.6328125,7.046875,7.359375,6.7734375],"tintindex":0,"rotation":0,"texture":"#0"},"down":{"uv":[7.90625,6.7734375,7.6328125,7.046875],"tintindex":0,"rotation":0,"texture":"#0"}}},{"from":[5.0,-12.833334,7.5],"to":[11.0,-4.416667,17.166668],"faces":{"east":{"uv":[2.109375,3.1171875,2.3359375,3.3125],"tintindex":0,"rotation":0,"texture":"#0"},"south":{"uv":[2.703125,3.1171875,2.84375,3.3125],"tintindex":0,"rotation":0,"texture":"#0"},"north":{"uv":[2.3359375,3.1171875,2.4765625,3.3125],"tintindex":0,"rotation":0,"texture":"#0"},"west":{"uv":[2.4765625,3.1171875,2.703125,3.3125],"tintindex":0,"rotation":0,"texture":"#0"},"up":{"uv":[2.4765625,3.1171875,2.3359375,2.890625],"tintindex":0,"rotation":0,"texture":"#0"},"down":{"uv":[2.6171875,2.890625,2.4765625,3.1171875],"tintindex":0,"rotation":0,"texture":"#0"}},"rotation":{"origin":[7.75,-1.333334,73.75],"angle":22.5,"axis":"x"}},{"from":[4.25,-5.455615,4.1854653],"to":[11.583334,4.627721,17.518799],"faces":{"east":{"uv":[5.34375,8.2421875,5.65625,8.4765625],"tintindex":0,"rotation":0,"texture":"#0"},"south":{"uv":[6.140625,8.2421875,6.3125,8.4765625],"tintindex":0,"rotation":0,"texture":"#0"},"north":{"uv":[5.65625,8.2421875,5.828125,8.4765625],"tintindex":0,"rotation":0,"texture":"#0"},"west":{"uv":[5.828125,8.2421875,6.140625,8.4765625],"tintindex":0,"rotation":0,"texture":"#0"},"up":{"uv":[5.828125,8.2421875,5.65625,7.9296875],"tintindex":0,"rotation":0,"texture":"#0"},"down":{"uv":[6.0,7.9296875,5.828125,8.2421875],"tintindex":0,"rotation":0,"texture":"#0"}},"rotation":{"origin":[9.166667,3.4193878,26.018799],"angle":22.5,"axis":"x"}}],"display":{"gui":{"rotation":[30,225,0]}}}