{"textures":{"0":"modelengine:entity/texture"},"elements":[{"from":[1.75,3.083333,2.583333],"to":[14.75,15.833334,15.916667],"faces":{"east":{"uv":[3.6640625,6.921875,3.9765625,7.21875],"tintindex":0,"rotation":0,"texture":"#0"},"south":{"uv":[4.59375,6.921875,4.8984375,7.21875],"tintindex":0,"rotation":0,"texture":"#0"},"north":{"uv":[3.9765625,6.921875,4.28125,7.21875],"tintindex":0,"rotation":0,"texture":"#0"},"west":{"uv":[4.28125,6.921875,4.59375,7.21875],"tintindex":0,"rotation":0,"texture":"#0"},"up":{"uv":[4.28125,6.921875,3.9765625,6.609375],"tintindex":0,"rotation":0,"texture":"#0"},"down":{"uv":[4.5859375,6.609375,4.28125,6.921875],"tintindex":0,"rotation":0,"texture":"#0"}}},{"from":[3.25,7.215805,3.965291],"to":[13.583334,17.299139,17.298626],"faces":{"east":{"uv":[1.96875,7.5234375,2.28125,7.7578125],"tintindex":0,"rotation":0,"texture":"#0"},"south":{"uv":[2.8359375,7.5234375,3.078125,7.7578125],"tintindex":0,"rotation":0,"texture":"#0"},"north":{"uv":[2.28125,7.5234375,2.5234375,7.7578125],"tintindex":0,"rotation":0,"texture":"#0"},"west":{"uv":[2.5234375,7.5234375,2.8359375,7.7578125],"tintindex":0,"rotation":0,"texture":"#0"},"up":{"uv":[2.5234375,7.5234375,2.28125,7.2109375],"tintindex":0,"rotation":0,"texture":"#0"},"down":{"uv":[2.765625,7.2109375,2.5234375,7.5234375],"tintindex":0,"rotation":0,"texture":"#0"}}},{"from":[5.25,-8.416668,3.6666665],"to":[11.25,0.0,16.333334],"faces":{"east":{"uv":[8.25,3.171875,8.546875,3.3671875],"tintindex":0,"rotation":0,"texture":"#0"},"south":{"uv":[8.984375,3.171875,9.125,3.3671875],"tintindex":0,"rotation":0,"texture":"#0"},"north":{"uv":[8.546875,3.171875,8.6875,3.3671875],"tintindex":0,"rotation":0,"texture":"#0"},"west":{"uv":[8.6875,3.171875,8.984375,3.3671875],"tintindex":0,"rotation":0,"texture":"#0"},"up":{"uv":[8.6875,3.171875,8.546875,2.875],"tintindex":0,"rotation":0,"texture":"#0"},"down":{"uv":[8.828125,2.875,8.6875,3.171875],"tintindex":0,"rotation":0,"texture":"#0"}},"rotation":{"origin":[8.0,1.0,60.0],"angle":22.5,"axis":"x"}},{"from":[4.5,-0.12228203,2.7687988],"to":[11.833334,9.961055,16.102133],"faces":{"east":{"uv":[7.671875,8.390625,7.984375,8.625],"tintindex":0,"rotation":0,"texture":"#0"},"south":{"uv":[8.46875,8.390625,8.640625,8.625],"tintindex":0,"rotation":0,"texture":"#0"},"north":{"uv":[7.984375,8.390625,8.15625,8.625],"tintindex":0,"rotation":0,"texture":"#0"},"west":{"uv":[8.15625,8.390625,8.46875,8.625],"tintindex":0,"rotation":0,"texture":"#0"},"up":{"uv":[8.15625,8.390625,7.984375,8.078125],"tintindex":0,"rotation":0,"texture":"#0"},"down":{"uv":[8.328125,8.078125,8.15625,8.390625],"tintindex":0,"rotation":0,"texture":"#0"}}}],"display":{"gui":{"rotation":[30,225,0]}}}