{"textures":{"0":"modelengine:entity/texture"},"elements":[{"from":[1.25,1.4166665,-4.083334],"to":[11.583334,11.5,9.25],"faces":{"east":{"uv":[3.078125,7.53125,3.390625,7.765625],"tintindex":0,"rotation":0,"texture":"#0"},"south":{"uv":[3.9453125,7.53125,4.1875,7.765625],"tintindex":0,"rotation":0,"texture":"#0"},"north":{"uv":[3.390625,7.53125,3.6328125,7.765625],"tintindex":0,"rotation":0,"texture":"#0"},"west":{"uv":[3.6328125,7.53125,3.9453125,7.765625],"tintindex":0,"rotation":0,"texture":"#0"},"up":{"uv":[3.6328125,7.53125,3.390625,7.21875],"tintindex":0,"rotation":0,"texture":"#0"},"down":{"uv":[3.875,7.21875,3.6328125,7.53125],"tintindex":0,"rotation":0,"texture":"#0"}},"rotation":{"origin":[6.0,8.0,8.0],"angle":22.5,"axis":"x"}},{"from":[-5.5,0.6176834,-7.529311],"to":[1.9166665,14.951019,6.137356],"faces":{"east":{"uv":[7.4140625,1.875,7.734375,2.2109375],"tintindex":0,"rotation":0,"texture":"#0"},"south":{"uv":[8.2265625,1.875,8.3984375,2.2109375],"tintindex":0,"rotation":0,"texture":"#0"},"north":{"uv":[7.734375,1.875,7.90625,2.2109375],"tintindex":0,"rotation":0,"texture":"#0"},"west":{"uv":[7.90625,1.875,8.2265625,2.2109375],"tintindex":0,"rotation":0,"texture":"#0"},"up":{"uv":[7.90625,1.875,7.734375,1.5546875],"tintindex":0,"rotation":0,"texture":"#0"},"down":{"uv":[8.078125,1.5546875,7.90625,1.875],"tintindex":0,"rotation":0,"texture":"#0"}}},{"from":[10.166667,0.6176834,-7.529311],"to":[17.583334,14.951019,6.137356],"faces":{"east":{"uv":[1.109375,7.7578125,1.4296875,8.09375],"tintindex":0,"rotation":0,"texture":"#0"},"south":{"uv":[1.921875,7.7578125,2.09375,8.09375],"tintindex":0,"rotation":0,"texture":"#0"},"north":{"uv":[1.4296875,7.7578125,1.6015625,8.09375],"tintindex":0,"rotation":0,"texture":"#0"},"west":{"uv":[1.6015625,7.7578125,1.921875,8.09375],"tintindex":0,"rotation":0,"texture":"#0"},"up":{"uv":[1.6015625,7.7578125,1.4296875,7.4375],"tintindex":0,"rotation":0,"texture":"#0"},"down":{"uv":[1.7734375,7.4375,1.6015625,7.7578125],"tintindex":0,"rotation":0,"texture":"#0"}}},{"from":[3.25,6.5,-12.75],"to":[9.25,14.916667,-3.083334],"faces":{"east":{"uv":[0.0,3.9765625,0.2265625,4.171875],"tintindex":0,"rotation":0,"texture":"#0"},"south":{"uv":[0.59375,3.9765625,0.734375,4.171875],"tintindex":0,"rotation":0,"texture":"#0"},"north":{"uv":[0.2265625,3.9765625,0.3671875,4.171875],"tintindex":0,"rotation":0,"texture":"#0"},"west":{"uv":[0.3671875,3.9765625,0.59375,4.171875],"tintindex":0,"rotation":0,"texture":"#0"},"up":{"uv":[0.3671875,3.9765625,0.2265625,3.75],"tintindex":0,"rotation":0,"texture":"#0"},"down":{"uv":[0.5078125,3.75,0.3671875,3.9765625],"tintindex":0,"rotation":0,"texture":"#0"}},"rotation":{"origin":[6.0,8.0,8.0],"angle":22.5,"axis":"x"}}],"display":{"gui":{"rotation":[30,225,0]}}}