{"textures":{"0":"modelengine:entity/texture"},"elements":[{"from":[3.5,2.4166665,16.25],"to":[13.833334,12.5,29.583334],"faces":{"east":{"uv":[4.1875,7.671875,4.5,7.90625],"tintindex":0,"rotation":0,"texture":"#0"},"south":{"uv":[5.0546875,7.671875,5.296875,7.90625],"tintindex":0,"rotation":0,"texture":"#0"},"north":{"uv":[4.5,7.671875,4.7421875,7.90625],"tintindex":0,"rotation":0,"texture":"#0"},"west":{"uv":[4.7421875,7.671875,5.0546875,7.90625],"tintindex":0,"rotation":0,"texture":"#0"},"up":{"uv":[4.7421875,7.671875,4.5,7.359375],"tintindex":0,"rotation":0,"texture":"#0"},"down":{"uv":[4.984375,7.359375,4.7421875,7.671875],"tintindex":0,"rotation":0,"texture":"#0"}},"rotation":{"origin":[8.25,8.0,37.666668],"angle":22.5,"axis":"x"}},{"from":[-1.916667,-1.25,16.916668],"to":[18.75,9.166667,30.25],"faces":{"east":{"uv":[1.484375,5.7109375,1.796875,5.953125],"tintindex":0,"rotation":0,"texture":"#0"},"south":{"uv":[2.59375,5.7109375,3.078125,5.953125],"tintindex":0,"rotation":0,"texture":"#0"},"north":{"uv":[1.796875,5.7109375,2.28125,5.953125],"tintindex":0,"rotation":0,"texture":"#0"},"west":{"uv":[2.28125,5.7109375,2.59375,5.953125],"tintindex":0,"rotation":0,"texture":"#0"},"up":{"uv":[2.28125,5.7109375,1.796875,5.3984375],"tintindex":0,"rotation":0,"texture":"#0"},"down":{"uv":[2.765625,5.3984375,2.28125,5.7109375],"tintindex":0,"rotation":0,"texture":"#0"}},"rotation":{"origin":[8.25,8.0,37.666668],"angle":22.5,"axis":"x"}},{"from":[3.5,-7.916667,5.9166665],"to":[13.833334,2.1666665,19.25],"faces":{"east":{"uv":[0.0,7.59375,0.3125,7.828125],"tintindex":0,"rotation":0,"texture":"#0"},"south":{"uv":[0.8671875,7.59375,1.109375,7.828125],"tintindex":0,"rotation":0,"texture":"#0"},"north":{"uv":[0.3125,7.59375,0.5546875,7.828125],"tintindex":0,"rotation":0,"texture":"#0"},"west":{"uv":[0.5546875,7.59375,0.8671875,7.828125],"tintindex":0,"rotation":0,"texture":"#0"},"up":{"uv":[0.5546875,7.59375,0.3125,7.28125],"tintindex":0,"rotation":0,"texture":"#0"},"down":{"uv":[0.796875,7.28125,0.5546875,7.59375],"tintindex":0,"rotation":0,"texture":"#0"}},"rotation":{"origin":[8.25,8.0,37.666668],"angle":22.5,"axis":"x"}},{"from":[4.833333,-9.416668,5.583333],"to":[12.166667,0.6666665,18.916668],"faces":{"east":{"uv":[8.015625,1.1875,8.328125,1.421875],"tintindex":0,"rotation":0,"texture":"#0"},"south":{"uv":[8.8125,1.1875,8.984375,1.421875],"tintindex":0,"rotation":0,"texture":"#0"},"north":{"uv":[8.328125,1.1875,8.5,1.421875],"tintindex":0,"rotation":0,"texture":"#0"},"west":{"uv":[8.5,1.1875,8.8125,1.421875],"tintindex":0,"rotation":0,"texture":"#0"},"up":{"uv":[8.5,1.1875,8.328125,0.875],"tintindex":0,"rotation":0,"texture":"#0"},"down":{"uv":[8.671875,0.875,8.5,1.1875],"tintindex":0,"rotation":0,"texture":"#0"}},"rotation":{"origin":[8.25,8.0,37.666668],"angle":22.5,"axis":"x"}},{"from":[3.5,0.083333015,5.9166665],"to":[13.833334,10.166667,19.25],"faces":{"east":{"uv":[7.375,2.578125,7.6875,2.8125],"tintindex":0,"rotation":0,"texture":"#0"},"south":{"uv":[8.2421875,2.578125,8.484375,2.8125],"tintindex":0,"rotation":0,"texture":"#0"},"north":{"uv":[7.6875,2.578125,7.9296875,2.8125],"tintindex":0,"rotation":0,"texture":"#0"},"west":{"uv":[7.9296875,2.578125,8.2421875,2.8125],"tintindex":0,"rotation":0,"texture":"#0"},"up":{"uv":[7.9296875,2.578125,7.6875,2.265625],"tintindex":0,"rotation":0,"texture":"#0"},"down":{"uv":[8.171875,2.265625,7.9296875,2.578125],"tintindex":0,"rotation":0,"texture":"#0"}},"rotation":{"origin":[8.25,8.0,37.666668],"angle":22.5,"axis":"x"}},{"from":[0.6666665,-4.25,1.9166665],"to":[16.333334,5.833333,15.25],"faces":{"east":{"uv":[6.328125,3.28125,6.640625,3.515625],"tintindex":0,"rotation":0,"texture":"#0"},"south":{"uv":[7.3203125,3.28125,7.6875,3.515625],"tintindex":0,"rotation":0,"texture":"#0"},"north":{"uv":[6.640625,3.28125,7.0078125,3.515625],"tintindex":0,"rotation":0,"texture":"#0"},"west":{"uv":[7.0078125,3.28125,7.3203125,3.515625],"tintindex":0,"rotation":0,"texture":"#0"},"up":{"uv":[7.0078125,3.28125,6.640625,2.96875],"tintindex":0,"rotation":0,"texture":"#0"},"down":{"uv":[7.375,2.96875,7.0078125,3.28125],"tintindex":0,"rotation":0,"texture":"#0"}},"rotation":{"origin":[10.25,8.0,37.666668],"angle":22.5,"axis":"x"}},{"from":[4.833333,-6.083334,16.916668],"to":[12.166667,4.0,30.25],"faces":{"east":{"uv":[7.9375,5.75,8.25,5.984375],"tintindex":0,"rotation":0,"texture":"#0"},"south":{"uv":[8.734375,5.75,8.90625,5.984375],"tintindex":0,"rotation":0,"texture":"#0"},"north":{"uv":[8.25,5.75,8.421875,5.984375],"tintindex":0,"rotation":0,"texture":"#0"},"west":{"uv":[8.421875,5.75,8.734375,5.984375],"tintindex":0,"rotation":0,"texture":"#0"},"up":{"uv":[8.421875,5.75,8.25,5.4375],"tintindex":0,"rotation":0,"texture":"#0"},"down":{"uv":[8.59375,5.4375,8.421875,5.75],"tintindex":0,"rotation":0,"texture":"#0"}},"rotation":{"origin":[8.25,8.0,37.666668],"angle":22.5,"axis":"x"}},{"from":[5.5,3.833333,6.9166665],"to":[11.5,12.25,16.583334],"faces":{"east":{"uv":[2.109375,4.0546875,2.3359375,4.25],"tintindex":0,"rotation":0,"texture":"#0"},"south":{"uv":[2.703125,4.0546875,2.84375,4.25],"tintindex":0,"rotation":0,"texture":"#0"},"north":{"uv":[2.3359375,4.0546875,2.4765625,4.25],"tintindex":0,"rotation":0,"texture":"#0"},"west":{"uv":[2.4765625,4.0546875,2.703125,4.25],"tintindex":0,"rotation":0,"texture":"#0"},"up":{"uv":[2.4765625,4.0546875,2.3359375,3.828125],"tintindex":0,"rotation":0,"texture":"#0"},"down":{"uv":[2.6171875,3.828125,2.4765625,4.0546875],"tintindex":0,"rotation":0,"texture":"#0"}},"rotation":{"origin":[8.25,8.0,37.666668],"angle":22.5,"axis":"x"}}],"display":{"gui":{"rotation":[30,225,0]}}}