{"textures":{"0":"modelengine:entity/texture"},"elements":[{"from":[3.5,3.8125,4.6875],"to":[13.25,13.375,12.6875],"faces":{"east":{"uv":[7.21875,0.890625,7.46875,1.1875],"tintindex":0,"rotation":0,"texture":"#0"},"south":{"uv":[8.0234375,0.890625,8.328125,1.1875],"tintindex":0,"rotation":0,"texture":"#0"},"north":{"uv":[7.46875,0.890625,7.7734375,1.1875],"tintindex":0,"rotation":0,"texture":"#0"},"west":{"uv":[7.7734375,0.890625,8.0234375,1.1875],"tintindex":0,"rotation":0,"texture":"#0"},"up":{"uv":[7.7734375,0.890625,7.46875,0.640625],"tintindex":0,"rotation":0,"texture":"#0"},"down":{"uv":[8.078125,0.640625,7.7734375,0.890625],"tintindex":0,"rotation":0,"texture":"#0"}}},{"from":[3.125,-6.9375,5.6875],"to":[13.625,0.625,15.6875],"faces":{"east":{"uv":[6.609375,5.6796875,6.921875,5.9140625],"tintindex":0,"rotation":0,"texture":"#0"},"south":{"uv":[7.5625,5.6796875,7.890625,5.9140625],"tintindex":0,"rotation":0,"texture":"#0"},"north":{"uv":[6.921875,5.6796875,7.25,5.9140625],"tintindex":0,"rotation":0,"texture":"#0"},"west":{"uv":[7.25,5.6796875,7.5625,5.9140625],"tintindex":0,"rotation":0,"texture":"#0"},"up":{"uv":[7.25,5.6796875,6.921875,5.3671875],"tintindex":0,"rotation":0,"texture":"#0"},"down":{"uv":[7.578125,5.3671875,7.25,5.6796875],"tintindex":0,"rotation":0,"texture":"#0"}},"rotation":{"origin":[8.1875,4.25,38.75],"angle":22.5,"axis":"x"}},{"from":[4.625,-3.6875,6.4375],"to":[12.375,3.875,16.4375],"faces":{"east":{"uv":[5.296875,7.6953125,5.609375,7.9296875],"tintindex":0,"rotation":0,"texture":"#0"},"south":{"uv":[6.1640625,7.6953125,6.40625,7.9296875],"tintindex":0,"rotation":0,"texture":"#0"},"north":{"uv":[5.609375,7.6953125,5.8515625,7.9296875],"tintindex":0,"rotation":0,"texture":"#0"},"west":{"uv":[5.8515625,7.6953125,6.1640625,7.9296875],"tintindex":0,"rotation":0,"texture":"#0"},"up":{"uv":[5.8515625,7.6953125,5.609375,7.3828125],"tintindex":0,"rotation":0,"texture":"#0"},"down":{"uv":[6.09375,7.3828125,5.8515625,7.6953125],"tintindex":0,"rotation":0,"texture":"#0"}},"rotation":{"origin":[8.1875,4.25,38.75],"angle":22.5,"axis":"x"}},{"from":[5.625,-11.5625,6.4375],"to":[11.125,-4.0,16.4375],"faces":{"east":{"uv":[0.734375,8.40625,1.046875,8.640625],"tintindex":0,"rotation":0,"texture":"#0"},"south":{"uv":[1.53125,8.40625,1.703125,8.640625],"tintindex":0,"rotation":0,"texture":"#0"},"north":{"uv":[1.046875,8.40625,1.21875,8.640625],"tintindex":0,"rotation":0,"texture":"#0"},"west":{"uv":[1.21875,8.40625,1.53125,8.640625],"tintindex":0,"rotation":0,"texture":"#0"},"up":{"uv":[1.21875,8.40625,1.046875,8.09375],"tintindex":0,"rotation":0,"texture":"#0"},"down":{"uv":[1.390625,8.09375,1.21875,8.40625],"tintindex":0,"rotation":0,"texture":"#0"}},"rotation":{"origin":[8.1875,4.25,38.75],"angle":22.5,"axis":"x"}},{"from":[4.625,-10.1875,6.4375],"to":[12.375,-2.625,16.4375],"faces":{"east":{"uv":[6.7734375,7.6484375,7.0859375,7.8828125],"tintindex":0,"rotation":0,"texture":"#0"},"south":{"uv":[7.640625,7.6484375,7.8828125,7.8828125],"tintindex":0,"rotation":0,"texture":"#0"},"north":{"uv":[7.0859375,7.6484375,7.328125,7.8828125],"tintindex":0,"rotation":0,"texture":"#0"},"west":{"uv":[7.328125,7.6484375,7.640625,7.8828125],"tintindex":0,"rotation":0,"texture":"#0"},"up":{"uv":[7.328125,7.6484375,7.0859375,7.3359375],"tintindex":0,"rotation":0,"texture":"#0"},"down":{"uv":[7.5703125,7.3359375,7.328125,7.6484375],"tintindex":0,"rotation":0,"texture":"#0"}},"rotation":{"origin":[8.1875,4.25,38.75],"angle":22.5,"axis":"x"}},{"from":[6.125,-0.125,6.9375],"to":[10.625,6.1875,14.1875],"faces":{"east":{"uv":[0.0,4.3984375,0.2265625,4.59375],"tintindex":0,"rotation":0,"texture":"#0"},"south":{"uv":[0.59375,4.3984375,0.734375,4.59375],"tintindex":0,"rotation":0,"texture":"#0"},"north":{"uv":[0.2265625,4.3984375,0.3671875,4.59375],"tintindex":0,"rotation":0,"texture":"#0"},"west":{"uv":[0.3671875,4.3984375,0.59375,4.59375],"tintindex":0,"rotation":0,"texture":"#0"},"up":{"uv":[0.3671875,4.3984375,0.2265625,4.171875],"tintindex":0,"rotation":0,"texture":"#0"},"down":{"uv":[0.5078125,4.171875,0.3671875,4.3984375],"tintindex":0,"rotation":0,"texture":"#0"}},"rotation":{"origin":[8.1875,4.25,38.75],"angle":22.5,"axis":"x"}}],"display":{"gui":{"rotation":[30,225,0]}}}