{"textures":{"0":"modelengine:entity/kil-jaeden"},"elements":[{"from":[2.4285712,0.6146326,4.6438465],"to":[13.571428,9.186062,10.6438465],"rotation":{"angle":-22.5,"axis":"x","origin":[8.0,8.0,8.0]},"faces":{"east":{"uv":[12.125,10.5,12.5625,11.125],"rotation":0,"texture":"#0","tintindex":0},"south":{"uv":[9.0,5.75,9.8125,6.375],"rotation":0,"texture":"#0","tintindex":0},"north":{"uv":[9.0,4.625,9.8125,5.25],"rotation":0,"texture":"#0","tintindex":0},"west":{"uv":[12.25,2.25,12.6875,2.875],"rotation":0,"texture":"#0","tintindex":0},"up":{"uv":[11.3125,4.9375,10.5,4.5],"rotation":0,"texture":"#0","tintindex":0},"down":{"uv":[11.3125,5.625,10.5,6.0625],"rotation":0,"texture":"#0","tintindex":0}}},{"from":[1.5714283,-2.9770546,9.250403],"to":[14.428572,3.8800888,15.250403],"rotation":{"angle":-45.0,"axis":"x","origin":[8.0,-1.2627687,11.393261]},"faces":{"east":{"uv":[0.0,12.875,0.4375,13.375],"rotation":0,"texture":"#0","tintindex":0},"south":{"uv":[9.125,5.25,10.0625,5.75],"rotation":0,"texture":"#0","tintindex":0},"north":{"uv":[8.75,2.75,9.6875,3.25],"rotation":0,"texture":"#0","tintindex":0},"west":{"uv":[4.625,12.875,5.0625,13.375],"rotation":0,"texture":"#0","tintindex":0},"up":{"uv":[10.4375,10.1875,9.5,9.75],"rotation":0,"texture":"#0","tintindex":0},"down":{"uv":[0.9375,9.875,0.0,10.3125],"rotation":0,"texture":"#0","tintindex":0}}},{"from":[3.2857141,-5.2056255,14.393261],"to":[12.714286,-1.7770538,14.393261],"rotation":{"angle":-22.5,"axis":"x","origin":[8.0,-0.062768936,10.536118]},"faces":{"east":{"uv":[0.0,0.0,0.0,0.25],"rotation":0,"texture":"#0","tintindex":0},"south":{"uv":[9.75,9.125,10.4375,9.375],"rotation":0,"texture":"#0","tintindex":0},"north":{"uv":[9.75,9.125,10.4375,9.375],"rotation":0,"texture":"#0","tintindex":0},"west":{"uv":[0.0,0.0,0.0,0.25],"rotation":0,"texture":"#0","tintindex":0},"up":{"uv":[0.6875,0.0,0.0,0.0],"rotation":0,"texture":"#0","tintindex":0},"down":{"uv":[0.6875,0.0,0.0,0.0],"rotation":0,"texture":"#0","tintindex":0}}},{"from":[1.9999995,-8.634197,13.536118],"to":[14.857143,-1.7770538,13.536118],"rotation":{"angle":-22.5,"axis":"x","origin":[8.0,-1.7770538,9.678975]},"faces":{"east":{"uv":[0.0,0.0,0.0,0.5],"rotation":0,"texture":"#0","tintindex":0},"south":{"uv":[9.25,3.25,10.1875,3.75],"rotation":0,"texture":"#0","tintindex":0},"north":{"uv":[9.25,3.25,10.1875,3.75],"rotation":0,"texture":"#0","tintindex":0},"west":{"uv":[0.0,0.0,0.0,0.5],"rotation":0,"texture":"#0","tintindex":0},"up":{"uv":[0.9375,0.0,0.0,0.0],"rotation":0,"texture":"#0","tintindex":0},"down":{"uv":[0.9375,0.0,0.0,0.0],"rotation":0,"texture":"#0","tintindex":0}}},{"from":[1.9999995,-8.205626,13.536118],"to":[14.857143,-1.3484831,13.536118],"rotation":{"angle":0.0,"axis":"y","origin":[8.0,-1.3484831,9.678975]},"faces":{"east":{"uv":[0.0,0.0,0.0,0.5],"rotation":0,"texture":"#0","tintindex":0},"south":{"uv":[9.25,3.25,10.1875,3.75],"rotation":0,"texture":"#0","tintindex":0},"north":{"uv":[9.25,3.25,10.1875,3.75],"rotation":0,"texture":"#0","tintindex":0},"west":{"uv":[0.0,0.0,0.0,0.5],"rotation":0,"texture":"#0","tintindex":0},"up":{"uv":[0.9375,0.0,0.0,0.0],"rotation":0,"texture":"#0","tintindex":0},"down":{"uv":[0.9375,0.0,0.0,0.0],"rotation":0,"texture":"#0","tintindex":0}}}],"display":{"head":{"translation":[0.0,-6.4,0.0],"scale":[4.0,4.0,4.0]}}}