{"textures":{"0":"modelengine:entity/kil-jaeden"},"elements":[{"from":[4.5714283,7.142857,4.5714283],"to":[11.428572,8.857143,11.428572],"rotation":{"angle":0.0,"axis":"y","origin":[8.0,8.0,8.0]},"faces":{"east":{"uv":[2.25,5.0,2.75,5.125],"rotation":0,"texture":"#0","tintindex":0},"south":{"uv":[9.75,3.125,10.25,3.25],"rotation":0,"texture":"#0","tintindex":0},"north":{"uv":[1.5,2.5,2.0,2.625],"rotation":0,"texture":"#0","tintindex":0},"west":{"uv":[11.625,9.5,12.125,9.625],"rotation":0,"texture":"#0","tintindex":0},"up":{"uv":[12.75,9.125,12.25,8.625],"rotation":0,"texture":"#0","tintindex":0},"down":{"uv":[0.5,12.375,0.0,12.875],"rotation":0,"texture":"#0","tintindex":0}}},{"from":[-1.6000013,8.685715,2.6857138],"to":[17.600002,13.314286,13.314286],"rotation":{"angle":0.0,"axis":"y","origin":[8.0,12.285715,7.142857]},"faces":{"east":{"uv":[12.25,9.125,13.0,9.4375],"rotation":0,"texture":"#0","tintindex":0},"south":{"uv":[9.5,9.375,10.875,9.6875],"rotation":0,"texture":"#0","tintindex":0},"north":{"uv":[9.375,7.625,10.75,7.9375],"rotation":0,"texture":"#0","tintindex":0},"west":{"uv":[0.5,12.75,1.25,13.0625],"rotation":0,"texture":"#0","tintindex":0},"up":{"uv":[7.625,5.0,6.25,4.25],"rotation":0,"texture":"#0","tintindex":0},"down":{"uv":[7.625,5.0,6.25,5.75],"rotation":0,"texture":"#0","tintindex":0}}},{"from":[3.5428572,8.257143,11.257143],"to":[12.457143,17.171429,16.742859],"rotation":{"angle":0.0,"axis":"y","origin":[8.0,12.285715,15.714286]},"faces":{"east":{"uv":[4.0,12.75,3.625,13.375],"rotation":0,"texture":"#0","tintindex":0},"south":{"uv":[4.875,10.25,5.5,10.875],"rotation":0,"texture":"#0","tintindex":0},"north":{"uv":[10.25,3.125,10.875,3.75],"rotation":0,"texture":"#0","tintindex":0},"west":{"uv":[3.625,12.75,4.0,13.375],"rotation":0,"texture":"#0","tintindex":0},"up":{"uv":[4.625,13.125,4.0,12.75],"rotation":0,"texture":"#0","tintindex":0},"down":{"uv":[13.375,4.125,12.75,4.5],"rotation":0,"texture":"#0","tintindex":0}}},{"from":[-2.6285725,14.771429,2.5142856],"to":[18.628572,19.742859,13.485714],"rotation":{"angle":0.0,"axis":"y","origin":[8.0,17.0,7.142857]},"faces":{"east":{"uv":[12.75,2.75,13.5,3.0625],"rotation":0,"texture":"#0","tintindex":0},"south":{"uv":[9.25,6.75,10.75,7.0625],"rotation":0,"texture":"#0","tintindex":0},"north":{"uv":[9.0,6.375,10.5,6.6875],"rotation":0,"texture":"#0","tintindex":0},"west":{"uv":[12.75,3.125,13.5,3.4375],"rotation":0,"texture":"#0","tintindex":0},"up":{"uv":[6.875,1.625,5.375,0.875],"rotation":0,"texture":"#0","tintindex":0},"down":{"uv":[2.125,6.25,0.625,7.0],"rotation":0,"texture":"#0","tintindex":0}}},{"from":[-3.0571432,19.742857,2.0857143],"to":[19.057144,21.285715,13.914286],"rotation":{"angle":0.0,"axis":"y","origin":[8.0,16.657143,7.142857]},"faces":{"east":{"uv":[14.75,12.125,15.5625,12.1875],"rotation":0,"texture":"#0","tintindex":0},"south":{"uv":[13.75,8.25,15.3125,8.3125],"rotation":0,"texture":"#0","tintindex":0},"north":{"uv":[13.625,13.125,15.1875,13.1875],"rotation":0,"texture":"#0","tintindex":0},"west":{"uv":[14.875,1.875,15.6875,1.9375],"rotation":0,"texture":"#0","tintindex":0},"up":{"uv":[6.3125,0.8125,4.75,0.0],"rotation":0,"texture":"#0","tintindex":0},"down":{"uv":[6.3125,1.625,4.75,2.4375],"rotation":0,"texture":"#0","tintindex":0}}},{"from":[-3.0571432,13.314286,2.0857143],"to":[19.057144,14.857143,13.914286],"rotation":{"angle":0.0,"axis":"y","origin":[8.0,11.942858,7.142857]},"faces":{"east":{"uv":[14.875,5.125,15.6875,5.1875],"rotation":0,"texture":"#0","tintindex":0},"south":{"uv":[14.0,4.625,15.5625,4.6875],"rotation":0,"texture":"#0","tintindex":0},"north":{"uv":[13.875,1.5,15.4375,1.5625],"rotation":0,"texture":"#0","tintindex":0},"west":{"uv":[14.875,6.25,15.6875,6.3125],"rotation":0,"texture":"#0","tintindex":0},"up":{"uv":[6.3125,3.3125,4.75,2.5],"rotation":0,"texture":"#0","tintindex":0},"down":{"uv":[6.5625,3.375,5.0,4.1875],"rotation":0,"texture":"#0","tintindex":0}}},{"from":[-1.8571434,20.0,3.7142854],"to":[17.857143,26.0,12.285715],"rotation":{"angle":0.0,"axis":"y","origin":[8.0,20.0,7.142857]},"faces":{"east":{"uv":[9.625,12.125,10.25,12.5625],"rotation":0,"texture":"#0","tintindex":0},"south":{"uv":[7.875,0.0,9.3125,0.4375],"rotation":0,"texture":"#0","tintindex":0},"north":{"uv":[7.625,5.25,9.0625,5.6875],"rotation":0,"texture":"#0","tintindex":0},"west":{"uv":[12.125,10.0,12.75,10.4375],"rotation":0,"texture":"#0","tintindex":0},"up":{"uv":[7.8125,0.625,6.375,0.0],"rotation":0,"texture":"#0","tintindex":0},"down":{"uv":[7.8125,1.625,6.375,2.25],"rotation":0,"texture":"#0","tintindex":0}}},{"from":[0.7142854,23.257145,2.8571424],"to":[7.5714283,25.828573,3.7142854],"rotation":{"angle":22.5,"axis":"z","origin":[7.5714283,23.257145,1.9999995]},"faces":{"east":{"uv":[10.875,15.5,10.9375,15.6875],"rotation":0,"texture":"#0","tintindex":0},"south":{"uv":[14.125,13.5,14.625,13.6875],"rotation":0,"texture":"#0","tintindex":0},"north":{"uv":[13.5,14.125,14.0,14.3125],"rotation":0,"texture":"#0","tintindex":0},"west":{"uv":[11.0,15.5,11.0625,15.6875],"rotation":0,"texture":"#0","tintindex":0},"up":{"uv":[15.625,10.0625,15.125,10.0],"rotation":0,"texture":"#0","tintindex":0},"down":{"uv":[15.625,11.25,15.125,11.3125],"rotation":0,"texture":"#0","tintindex":0}}},{"from":[8.428572,23.257145,2.8571424],"to":[15.285715,25.828573,3.7142854],"rotation":{"angle":-22.5,"axis":"z","origin":[8.428572,23.257145,1.9999995]},"faces":{"east":{"uv":[11.0625,15.5,11.0,15.6875],"rotation":0,"texture":"#0","tintindex":0},"south":{"uv":[14.625,13.5,14.125,13.6875],"rotation":0,"texture":"#0","tintindex":0},"north":{"uv":[14.0,14.125,13.5,14.3125],"rotation":0,"texture":"#0","tintindex":0},"west":{"uv":[10.9375,15.5,10.875,15.6875],"rotation":0,"texture":"#0","tintindex":0},"up":{"uv":[15.125,10.0625,15.625,10.0],"rotation":0,"texture":"#0","tintindex":0},"down":{"uv":[15.125,11.25,15.625,11.3125],"rotation":0,"texture":"#0","tintindex":0}}}],"display":{"head":{"translation":[0.0,-6.4,0.0],"scale":[4.0,4.0,4.0]}}}