{"textures":{"0":"modelengine:entity/kil-jaeden"},"elements":[{"from":[6.285714,10.571429,6.285714],"to":[9.714286,14.000001,9.714286],"rotation":{"angle":0.0,"axis":"y","origin":[8.0,12.285715,8.0]},"faces":{"east":{"uv":[14.625,2.25,14.875,2.5],"rotation":0,"texture":"#0","tintindex":0},"south":{"uv":[14.625,2.5,14.875,2.75],"rotation":0,"texture":"#0","tintindex":0},"north":{"uv":[14.5,14.0,14.75,14.25],"rotation":0,"texture":"#0","tintindex":0},"west":{"uv":[14.625,2.75,14.875,3.0],"rotation":0,"texture":"#0","tintindex":0},"up":{"uv":[14.875,3.25,14.625,3.0],"rotation":0,"texture":"#0","tintindex":0},"down":{"uv":[3.375,14.625,3.125,14.875],"rotation":0,"texture":"#0","tintindex":0}}},{"from":[2.4285712,-16.0,7.5714283],"to":[6.714286,11.428572,7.5714283],"rotation":{"angle":0.0,"axis":"y","origin":[5.428571,11.428572,7.5714283]},"faces":{"east":{"uv":[0.0,0.0,0.0,2.0],"rotation":0,"texture":"#0","tintindex":0},"south":{"uv":[0.3125,7.875,0.0,9.875],"rotation":0,"texture":"#0","tintindex":0},"north":{"uv":[0.0,7.875,0.3125,9.875],"rotation":0,"texture":"#0","tintindex":0},"west":{"uv":[0.0,0.0,0.0,2.0],"rotation":0,"texture":"#0","tintindex":0},"up":{"uv":[0.3125,0.0,0.0,0.0],"rotation":0,"texture":"#0","tintindex":0},"down":{"uv":[0.3125,0.0,0.0,0.0],"rotation":0,"texture":"#0","tintindex":0}}},{"from":[6.714286,-13.428572,6.714286],"to":[9.285714,10.571429,9.285714],"rotation":{"angle":0.0,"axis":"y","origin":[8.0,10.571429,8.0]},"faces":{"east":{"uv":[11.375,0.75,11.5625,2.5],"rotation":0,"texture":"#0","tintindex":0},"south":{"uv":[11.375,2.5,11.5625,4.25],"rotation":0,"texture":"#0","tintindex":0},"north":{"uv":[11.25,9.625,11.4375,11.375],"rotation":0,"texture":"#0","tintindex":0},"west":{"uv":[11.375,4.25,11.5625,6.0],"rotation":0,"texture":"#0","tintindex":0},"up":{"uv":[14.6875,15.3125,14.5,15.125],"rotation":0,"texture":"#0","tintindex":0},"down":{"uv":[0.1875,15.25,0.0,15.4375],"rotation":0,"texture":"#0","tintindex":0}}},{"from":[9.285714,-13.428572,8.857143],"to":[17.0,14.000001,8.857143],"rotation":{"angle":0.0,"axis":"y","origin":[10.571428,14.000001,8.857143]},"faces":{"east":{"uv":[0.0,0.0,0.0,2.0],"rotation":0,"texture":"#0","tintindex":0},"south":{"uv":[6.1875,4.25,5.625,6.25],"rotation":0,"texture":"#0","tintindex":0},"north":{"uv":[5.625,4.25,6.1875,6.25],"rotation":0,"texture":"#0","tintindex":0},"west":{"uv":[0.0,0.0,0.0,2.0],"rotation":0,"texture":"#0","tintindex":0},"up":{"uv":[0.5625,0.0,0.0,0.0],"rotation":0,"texture":"#0","tintindex":0},"down":{"uv":[0.5625,0.0,0.0,0.0],"rotation":0,"texture":"#0","tintindex":0}}}],"display":{"head":{"translation":[0.0,-23.54286,0.0],"scale":[4.0,4.0,4.0]}}}