{"textures":{"0":"modelengine:entity/kil-jaeden"},"elements":[{"from":[2.0857143,-0.05714321,3.7999997],"to":[11.342857,10.057143,13.057142],"rotation":{"angle":0.0,"axis":"y","origin":[8.0,8.0,8.0]},"faces":{"east":{"uv":[8.875,9.375,9.5,10.0625],"rotation":0,"texture":"#0","tintindex":0},"south":{"uv":[9.5,2.0,10.125,2.6875],"rotation":0,"texture":"#0","tintindex":0},"north":{"uv":[5.75,9.375,6.375,10.0625],"rotation":0,"texture":"#0","tintindex":0},"west":{"uv":[4.875,9.5,5.5,10.1875],"rotation":0,"texture":"#0","tintindex":0},"up":{"uv":[10.5,5.0,9.875,4.375],"rotation":0,"texture":"#0","tintindex":0},"down":{"uv":[10.5,5.75,9.875,6.375],"rotation":0,"texture":"#0","tintindex":0}}},{"from":[2.4285712,-5.714287,4.142857],"to":[11.0,0.28571415,12.714286],"rotation":{"angle":0.0,"axis":"y","origin":[6.285714,0.28571415,8.0]},"faces":{"east":{"uv":[12.125,4.375,12.75,4.8125],"rotation":0,"texture":"#0","tintindex":0},"south":{"uv":[9.0,12.125,9.625,12.5625],"rotation":0,"texture":"#0","tintindex":0},"north":{"uv":[12.125,1.75,12.75,2.1875],"rotation":0,"texture":"#0","tintindex":0},"west":{"uv":[12.125,9.5,12.75,9.9375],"rotation":0,"texture":"#0","tintindex":0},"up":{"uv":[2.375,10.5,1.75,9.875],"rotation":0,"texture":"#0","tintindex":0},"down":{"uv":[10.5,3.75,9.875,4.375],"rotation":0,"texture":"#0","tintindex":0}}},{"from":[2.9428573,-10.342857,3.7999997],"to":[9.6285715,-3.6571436,12.200001],"rotation":{"angle":0.0,"axis":"y","origin":[6.285714,-5.714287,8.0]},"faces":{"east":{"uv":[12.625,7.375,13.1875,7.8125],"rotation":0,"texture":"#0","tintindex":0},"south":{"uv":[13.25,8.625,13.6875,9.0625],"rotation":0,"texture":"#0","tintindex":0},"north":{"uv":[13.25,7.5,13.6875,7.9375],"rotation":0,"texture":"#0","tintindex":0},"west":{"uv":[12.625,7.875,13.1875,8.3125],"rotation":0,"texture":"#0","tintindex":0},"up":{"uv":[9.3125,13.1875,8.875,12.625],"rotation":0,"texture":"#0","tintindex":0},"down":{"uv":[9.8125,12.625,9.375,13.1875],"rotation":0,"texture":"#0","tintindex":0}}},{"from":[1.9999995,10.571428,3.7142854],"to":[3.7142854,14.857143,12.285715],"rotation":{"angle":0.0,"axis":"y","origin":[1.9999995,15.714286,7.142857]},"faces":{"east":{"uv":[13.25,0.875,13.875,1.1875],"rotation":0,"texture":"#0","tintindex":0},"south":{"uv":[12.75,15.0,12.875,15.3125],"rotation":0,"texture":"#0","tintindex":0},"north":{"uv":[12.625,15.0,12.75,15.3125],"rotation":0,"texture":"#0","tintindex":0},"west":{"uv":[13.25,1.25,13.875,1.5625],"rotation":0,"texture":"#0","tintindex":0},"up":{"uv":[11.0,15.0,10.875,14.375],"rotation":0,"texture":"#0","tintindex":0},"down":{"uv":[11.125,14.375,11.0,15.0],"rotation":0,"texture":"#0","tintindex":0}}},{"from":[1.9999995,10.571428,0.28571415],"to":[3.7142854,14.0,3.7142854],"rotation":{"angle":-45.0,"axis":"y","origin":[1.9999995,15.714286,3.7142854]},"faces":{"east":{"uv":[14.625,10.375,14.875,10.625],"rotation":0,"texture":"#0","tintindex":0},"south":{"uv":[9.5,15.25,9.625,15.5],"rotation":0,"texture":"#0","tintindex":0},"north":{"uv":[15.25,9.375,15.375,9.625],"rotation":0,"texture":"#0","tintindex":0},"west":{"uv":[11.125,14.625,11.375,14.875],"rotation":0,"texture":"#0","tintindex":0},"up":{"uv":[9.75,15.5,9.625,15.25],"rotation":0,"texture":"#0","tintindex":0},"down":{"uv":[15.375,13.0,15.25,13.25],"rotation":0,"texture":"#0","tintindex":0}}},{"from":[1.1428566,4.5714283,0.28571415],"to":[2.8571424,10.571428,3.7142854],"rotation":{"angle":-45.0,"axis":"y","origin":[1.1428566,12.285715,3.7142854]},"faces":{"east":{"uv":[14.0,2.5,14.25,2.9375],"rotation":0,"texture":"#0","tintindex":0},"south":{"uv":[11.5,14.875,11.625,15.3125],"rotation":0,"texture":"#0","tintindex":0},"north":{"uv":[11.375,14.875,11.5,15.3125],"rotation":0,"texture":"#0","tintindex":0},"west":{"uv":[3.5,14.0,3.75,14.4375],"rotation":0,"texture":"#0","tintindex":0},"up":{"uv":[9.375,15.5,9.25,15.25],"rotation":0,"texture":"#0","tintindex":0},"down":{"uv":[9.5,15.25,9.375,15.5],"rotation":0,"texture":"#0","tintindex":0}}},{"from":[1.1428566,4.142857,3.7142854],"to":[2.8571424,10.571428,12.285715],"rotation":{"angle":0.0,"axis":"y","origin":[1.1428566,12.285715,7.142857]},"faces":{"east":{"uv":[11.625,3.375,12.25,3.875],"rotation":0,"texture":"#0","tintindex":0},"south":{"uv":[8.125,14.5,8.25,15.0],"rotation":0,"texture":"#0","tintindex":0},"north":{"uv":[2.875,13.75,3.0,14.25],"rotation":0,"texture":"#0","tintindex":0},"west":{"uv":[11.625,3.875,12.25,4.375],"rotation":0,"texture":"#0","tintindex":0},"up":{"uv":[8.625,15.0,8.5,14.375],"rotation":0,"texture":"#0","tintindex":0},"down":{"uv":[14.5,9.0,14.375,9.625],"rotation":0,"texture":"#0","tintindex":0}}},{"from":[1.1428566,4.5714283,12.285715],"to":[2.8571424,10.571428,15.714286],"rotation":{"angle":45.0,"axis":"y","origin":[1.1428566,12.285715,12.285715]},"faces":{"east":{"uv":[10.625,13.75,10.875,14.1875],"rotation":0,"texture":"#0","tintindex":0},"south":{"uv":[11.25,14.875,11.375,15.3125],"rotation":0,"texture":"#0","tintindex":0},"north":{"uv":[11.125,14.875,11.25,15.3125],"rotation":0,"texture":"#0","tintindex":0},"west":{"uv":[6.875,13.875,7.125,14.3125],"rotation":0,"texture":"#0","tintindex":0},"up":{"uv":[15.375,9.125,15.25,8.875],"rotation":0,"texture":"#0","tintindex":0},"down":{"uv":[15.375,9.125,15.25,9.375],"rotation":0,"texture":"#0","tintindex":0}}},{"from":[1.9999995,10.571428,12.285715],"to":[3.7142854,14.0,15.714286],"rotation":{"angle":45.0,"axis":"y","origin":[1.9999995,15.714286,12.285715]},"faces":{"east":{"uv":[14.625,7.625,14.875,7.875],"rotation":0,"texture":"#0","tintindex":0},"south":{"uv":[0.25,15.25,0.375,15.5],"rotation":0,"texture":"#0","tintindex":0},"north":{"uv":[13.625,15.125,13.75,15.375],"rotation":0,"texture":"#0","tintindex":0},"west":{"uv":[14.625,7.875,14.875,8.125],"rotation":0,"texture":"#0","tintindex":0},"up":{"uv":[4.0,15.5,3.875,15.25],"rotation":0,"texture":"#0","tintindex":0},"down":{"uv":[7.75,15.25,7.625,15.5],"rotation":0,"texture":"#0","tintindex":0}}},{"from":[0.7142854,1.1428566,12.285715],"to":[1.5714283,4.5714283,15.714286],"rotation":{"angle":45.0,"axis":"y","origin":[0.7142854,6.285714,12.285715]},"faces":{"east":{"uv":[7.125,14.625,7.375,14.875],"rotation":0,"texture":"#0","tintindex":0},"south":{"uv":[15.5,5.25,15.5625,5.5],"rotation":0,"texture":"#0","tintindex":0},"north":{"uv":[5.25,15.5,5.3125,15.75],"rotation":0,"texture":"#0","tintindex":0},"west":{"uv":[14.625,7.375,14.875,7.625],"rotation":0,"texture":"#0","tintindex":0},"up":{"uv":[5.5625,15.75,5.5,15.5],"rotation":0,"texture":"#0","tintindex":0},"down":{"uv":[5.6875,15.5,5.625,15.75],"rotation":0,"texture":"#0","tintindex":0}}},{"from":[0.7142854,0.28571415,3.7142854],"to":[1.5714283,4.142857,12.285715],"rotation":{"angle":0.0,"axis":"y","origin":[0.7142854,5.8571424,7.142857]},"faces":{"east":{"uv":[11.625,13.125,12.25,13.4375],"rotation":0,"texture":"#0","tintindex":0},"south":{"uv":[3.0,15.5,3.0625,15.8125],"rotation":0,"texture":"#0","tintindex":0},"north":{"uv":[2.875,15.5,2.9375,15.8125],"rotation":0,"texture":"#0","tintindex":0},"west":{"uv":[12.25,13.125,12.875,13.4375],"rotation":0,"texture":"#0","tintindex":0},"up":{"uv":[12.4375,15.625,12.375,15.0],"rotation":0,"texture":"#0","tintindex":0},"down":{"uv":[12.5625,15.0,12.5,15.625],"rotation":0,"texture":"#0","tintindex":0}}},{"from":[0.28571415,-1.8571434,3.7142854],"to":[1.1428566,0.28571415,12.285715],"rotation":{"angle":0.0,"axis":"y","origin":[0.28571415,3.7142854,7.142857]},"faces":{"east":{"uv":[13.875,5.25,14.5,5.4375],"rotation":0,"texture":"#0","tintindex":0},"south":{"uv":[13.875,15.5,13.9375,15.6875],"rotation":0,"texture":"#0","tintindex":0},"north":{"uv":[13.75,15.5,13.8125,15.6875],"rotation":0,"texture":"#0","tintindex":0},"west":{"uv":[13.875,10.875,14.5,11.0625],"rotation":0,"texture":"#0","tintindex":0},"up":{"uv":[12.1875,15.625,12.125,15.0],"rotation":0,"texture":"#0","tintindex":0},"down":{"uv":[12.3125,15.0,12.25,15.625],"rotation":0,"texture":"#0",