{"textures":{"0":"modelengine:entity/kil-jaeden"},"elements":[{"from":[7.360205,-1.1649122,7.5714283],"to":[8.64592,1.4065166,8.428572],"rotation":{"angle":45.0,"axis":"z","origin":[8.0,0.7142854,8.0]},"faces":{"east":{"uv":[15.5,11.875,15.5625,12.0625],"rotation":0,"texture":"#0","tintindex":0},"south":{"uv":[10.75,15.375,10.875,15.5625],"rotation":0,"texture":"#0","tintindex":0},"north":{"uv":[15.375,10.625,15.5,10.8125],"rotation":0,"texture":"#0","tintindex":0},"west":{"uv":[12.625,15.5,12.6875,15.6875],"rotation":0,"texture":"#0","tintindex":0},"up":{"uv":[15.375,15.5625,15.25,15.5],"rotation":0,"texture":"#0","tintindex":0},"down":{"uv":[15.625,15.25,15.5,15.3125],"rotation":0,"texture":"#0","tintindex":0}}},{"from":[6.714286,-0.57142925,7.142857],"to":[8.857143,3.7142854,8.857143],"rotation":{"angle":22.5,"axis":"z","origin":[6.714286,3.7142854,8.0]},"faces":{"east":{"uv":[10.125,15.0,10.25,15.3125],"rotation":0,"texture":"#0","tintindex":0},"south":{"uv":[4.625,14.875,4.8125,15.1875],"rotation":0,"texture":"#0","tintindex":0},"north":{"uv":[4.375,14.875,4.5625,15.1875],"rotation":0,"texture":"#0","tintindex":0},"west":{"uv":[10.25,15.0,10.375,15.3125],"rotation":0,"texture":"#0","tintindex":0},"up":{"uv":[11.0625,15.5,10.875,15.375],"rotation":0,"texture":"#0","tintindex":0},"down":{"uv":[15.5625,11.0,15.375,11.125],"rotation":0,"texture":"#0","tintindex":0}}},{"from":[6.542857,3.5428572,6.9714284],"to":[9.457143,9.028571,9.028571],"rotation":{"angle":0.0,"axis":"y","origin":[8.0,8.0,8.0]},"faces":{"east":{"uv":[3.5,13.0,3.625,13.375],"rotation":0,"texture":"#0","tintindex":0},"south":{"uv":[13.5,14.375,13.6875,14.75],"rotation":0,"texture":"#0","tintindex":0},"north":{"uv":[12.75,14.375,12.9375,14.75],"rotation":0,"texture":"#0","tintindex":0},"west":{"uv":[11.5,13.625,11.625,14.0],"rotation":0,"texture":"#0","tintindex":0},"up":{"uv":[11.3125,15.5,11.125,15.375],"rotation":0,"texture":"#0","tintindex":0},"down":{"uv":[15.5625,11.125,15.375,11.25],"rotation":0,"texture":"#0","tintindex":0}}}],"display":{"head":{"translation":[0.0,-6.4,0.0],"scale":[4.0,4.0,4.0]}}}