{"textures":{"0":"modelengine:entity/kil-jaeden"},"elements":[{"from":[4.2285714,4.2285714,4.2285714],"to":[11.771429,10.914286,11.771429],"rotation":{"angle":0.0,"axis":"y","origin":[8.0,9.714286,8.0]},"faces":{"east":{"uv":[6.625,12.75,7.125,13.1875],"rotation":0,"texture":"#0","tintindex":0},"south":{"uv":[12.75,8.625,13.25,9.0625],"rotation":0,"texture":"#0","tintindex":0},"north":{"uv":[6.125,12.75,6.625,13.1875],"rotation":0,"texture":"#0","tintindex":0},"west":{"uv":[12.75,9.5,13.25,9.9375],"rotation":0,"texture":"#0","tintindex":0},"up":{"uv":[1.5,10.375,1.0,9.875],"rotation":0,"texture":"#0","tintindex":0},"down":{"uv":[12.75,0.625,12.25,1.125],"rotation":0,"texture":"#0","tintindex":0}}},{"from":[4.5714283,-4.8571434,4.5714283],"to":[11.428572,4.5714283,11.428572],"rotation":{"angle":0.0,"axis":"y","origin":[8.0,4.5714283,8.0]},"faces":{"east":{"uv":[10.875,8.375,11.375,9.0625],"rotation":0,"texture":"#0","tintindex":0},"south":{"uv":[10.875,7.625,11.375,8.3125],"rotation":0,"texture":"#0","tintindex":0},"north":{"uv":[10.875,7.625,11.375,8.3125],"rotation":0,"texture":"#0","tintindex":0},"west":{"uv":[10.875,8.375,11.375,9.0625],"rotation":0,"texture":"#0","tintindex":0},"up":{"uv":[4.625,9.125,4.125,8.625],"rotation":0,"texture":"#0","tintindex":0},"down":{"uv":[4.125,9.25,3.625,9.75],"rotation":0,"texture":"#0","tintindex":0}}},{"from":[4.5714283,-4.7714176,3.2740583],"to":[11.428572,2.9428692,3.2740583],"rotation":{"angle":0.0,"axis":"x","origin":[8.0,1.6571422,6.714286]},"faces":{"east":{"uv":[0.0,0.0,0.0,0.5625],"rotation":0,"texture":"#0","tintindex":0},"south":{"uv":[0.5,12.125,1.0,12.6875],"rotation":0,"texture":"#0","tintindex":0},"north":{"uv":[0.5,12.125,1.0,12.6875],"rotation":0,"texture":"#0","tintindex":0},"west":{"uv":[0.0,0.0,0.0,0.5625],"rotation":0,"texture":"#0","tintindex":0},"up":{"uv":[0.5,0.0,0.0,0.0],"rotation":0,"texture":"#0","tintindex":0},"down":{"uv":[0.5,0.0,0.0,0.0],"rotation":0,"texture":"#0","tintindex":0}}},{"from":[3.2857141,-4.7714176,4.1312017],"to":[12.714286,2.9428692,4.1312017],"rotation":{"angle":0.0,"axis":"x","origin":[8.0,1.6571422,7.5714283]},"faces":{"east":{"uv":[0.0,0.0,0.0,0.5625],"rotation":0,"texture":"#0","tintindex":0},"south":{"uv":[3.875,10.375,4.5625,10.9375],"rotation":0,"texture":"#0","tintindex":0},"north":{"uv":[3.875,10.375,4.5625,10.9375],"rotation":0,"texture":"#0","tintindex":0},"west":{"uv":[0.0,0.0,0.0,0.5625],"rotation":0,"texture":"#0","tintindex":0},"up":{"uv":[0.6875,0.0,0.0,0.0],"rotation":0,"texture":"#0","tintindex":0},"down":{"uv":[0.6875,0.0,0.0,0.0],"rotation":0,"texture":"#0","tintindex":0}}}],"display":{"head":{"translation":[0.0,-6.4,0.0],"scale":[4.0,4.0,4.0]}}}