{"textures":{"0":"modelengine:entity/kil-jaeden"},"elements":[{"from":[7.360205,-1.1649122,7.5714283],"to":[8.64592,1.4065166,8.428572],"rotation":{"angle":45.0,"axis":"z","origin":[8.0,0.7142854,8.0]},"faces":{"east":{"uv":[13.0,15.5,13.0625,15.6875],"rotation":0,"texture":"#0","tintindex":0},"south":{"uv":[12.0,15.375,12.125,15.5625],"rotation":0,"texture":"#0","tintindex":0},"north":{"uv":[15.375,11.875,15.5,12.0625],"rotation":0,"texture":"#0","tintindex":0},"west":{"uv":[13.125,15.5,13.1875,15.6875],"rotation":0,"texture":"#0","tintindex":0},"up":{"uv":[15.625,15.5625,15.5,15.5],"rotation":0,"texture":"#0","tintindex":0},"down":{"uv":[15.75,0.0,15.625,0.0625],"rotation":0,"texture":"#0","tintindex":0}}},{"from":[6.714286,-0.57142925,7.142857],"to":[8.857143,3.7142854,8.857143],"rotation":{"angle":22.5,"axis":"z","origin":[6.714286,3.7142854,8.0]},"faces":{"east":{"uv":[10.75,15.0,10.875,15.3125],"rotation":0,"texture":"#0","tintindex":0},"south":{"uv":[6.125,14.875,6.3125,15.1875],"rotation":0,"texture":"#0","tintindex":0},"north":{"uv":[14.875,5.875,15.0625,6.1875],"rotation":0,"texture":"#0","tintindex":0},"west":{"uv":[10.875,15.0,11.0,15.3125],"rotation":0,"texture":"#0","tintindex":0},"up":{"uv":[15.5625,12.375,15.375,12.25],"rotation":0,"texture":"#0","tintindex":0},"down":{"uv":[15.5625,12.375,15.375,12.5],"rotation":0,"texture":"#0","tintindex":0}}},{"from":[6.542857,3.5428572,6.9714284],"to":[9.457143,9.028571,9.028571],"rotation":{"angle":0.0,"axis":"y","origin":[8.0,8.0,8.0]},"faces":{"east":{"uv":[0.875,15.0,1.0,15.375],"rotation":0,"texture":"#0","tintindex":0},"south":{"uv":[14.0,14.375,14.1875,14.75],"rotation":0,"texture":"#0","tintindex":0},"north":{"uv":[13.75,14.375,13.9375,14.75],"rotation":0,"texture":"#0","tintindex":0},"west":{"uv":[1.0,15.0,1.125,15.375],"rotation":0,"texture":"#0","tintindex":0},"up":{"uv":[15.5625,12.625,15.375,12.5],"rotation":0,"texture":"#0","tintindex":0},"down":{"uv":[12.8125,15.375,12.625,15.5],"rotation":0,"texture":"#0","tintindex":0}}}],"display":{"head":{"translation":[0.0,-6.4,0.0],"scale":[4.0,4.0,4.0]}}}