{"textures":{"0":"modelengine:entity/kil-jaeden"},"elements":[{"from":[1.2285714,-1.7714291,4.2285714],"to":[8.342857,6.6285715,12.628572],"rotation":{"angle":0.0,"axis":"y","origin":[6.285714,6.285714,8.0]},"faces":{"east":{"uv":[8.625,11.375,9.1875,11.9375],"rotation":0,"texture":"#0","tintindex":0},"south":{"uv":[11.875,5.875,12.375,6.4375],"rotation":0,"texture":"#0","tintindex":0},"north":{"uv":[0.0,11.75,0.5,12.3125],"rotation":0,"texture":"#0","tintindex":0},"west":{"uv":[11.25,11.375,11.8125,11.9375],"rotation":0,"texture":"#0","tintindex":0},"up":{"uv":[12.375,7.0625,11.875,6.5],"rotation":0,"texture":"#0","tintindex":0},"down":{"uv":[12.375,11.375,11.875,11.9375],"rotation":0,"texture":"#0","tintindex":0}}},{"from":[0.3714285,-7.771429,2.9428573],"to":[8.771429,1.4857135,10.485714],"rotation":{"angle":0.0,"axis":"y","origin":[5.0,4.5714283,6.714286]},"faces":{"east":{"uv":[11.625,1.125,12.125,1.75],"rotation":0,"texture":"#0","tintindex":0},"south":{"uv":[10.75,5.0,11.3125,5.625],"rotation":0,"texture":"#0","tintindex":0},"north":{"uv":[10.75,2.125,11.3125,2.75],"rotation":0,"texture":"#0","tintindex":0},"west":{"uv":[11.625,1.75,12.125,2.375],"rotation":0,"texture":"#0","tintindex":0},"up":{"uv":[12.5625,8.125,12.0,7.625],"rotation":0,"texture":"#0","tintindex":0},"down":{"uv":[12.5625,8.125,12.0,8.625],"rotation":0,"texture":"#0","tintindex":0}}},{"from":[0.8000002,3.371428,2.9428573],"to":[9.2,10.914286,13.914286],"rotation":{"angle":0.0,"axis":"y","origin":[7.142857,9.714286,8.0]},"faces":{"east":{"uv":[8.125,5.75,8.875,6.25],"rotation":0,"texture":"#0","tintindex":0},"south":{"uv":[12.0,7.125,12.5625,7.625],"rotation":0,"texture":"#0","tintindex":0},"north":{"uv":[5.375,12.0,5.9375,12.5],"rotation":0,"texture":"#0","tintindex":0},"west":{"uv":[10.375,7.125,11.125,7.625],"rotation":0,"texture":"#0","tintindex":0},"up":{"uv":[7.6875,10.5,7.125,9.75],"rotation":0,"texture":"#0","tintindex":0},"down":{"uv":[8.3125,9.75,7.75,10.5],"rotation":0,"texture":"#0","tintindex":0}}},{"from":[0.28571415,2.4285712,5.0],"to":[1.1428566,9.714286,11.0],"rotation":{"angle":0.0,"axis":"y","origin":[6.285714,7.142857,8.0]},"faces":{"east":{"uv":[9.875,12.625,10.3125,13.1875],"rotation":0,"texture":"#0","tintindex":0},"south":{"uv":[15.125,7.25,15.1875,7.8125],"rotation":0,"texture":"#0","tintindex":0},"north":{"uv":[4.25,15.125,4.3125,15.6875],"rotation":0,"texture":"#0","tintindex":0},"west":{"uv":[12.625,10.5,13.0625,11.0625],"rotation":0,"texture":"#0","tintindex":0},"up":{"uv":[6.0625,15.8125,6.0,15.375],"rotation":0,"texture":"#0","tintindex":0},"down":{"uv":[8.8125,15.375,8.75,15.8125],"rotation":0,"texture":"#0","tintindex":0}}},{"from":[2.5142856,10.914286,4.6571426],"to":[9.2,12.457143,12.200001],"rotation":{"angle":0.0,"axis":"y","origin":[7.142857,13.828571,8.0]},"faces":{"east":{"uv":[15.25,4.5,15.75,4.5625],"rotation":0,"texture":"#0","tintindex":0},"south":{"uv":[8.25,15.375,8.6875,15.4375],"rotation":0,"texture":"#0","tintindex":0},"north":{"uv":[15.375,8.0,15.8125,8.0625],"rotation":0,"texture":"#0","tintindex":0},"west":{"uv":[8.75,15.25,9.25,15.3125],"rotation":0,"texture":"#0","tintindex":0},"up":{"uv":[13.1875,10.5,12.75,10.0],"rotation":0,"texture":"#0","tintindex":0},"down":{"uv":[10.8125,12.75,10.375,13.25],"rotation":0,"texture":"#0","tintindex":0}}},{"from":[1.1428566,-10.857143,4.5714283],"to":[8.0,-1.4285717,11.428572],"rotation":{"angle":0.0,"axis":"y","origin":[4.5714283,-1.4285717,8.0]},"faces":{"east":{"uv":[9.75,10.875,10.25,11.5625],"rotation":0,"texture":"#0","tintindex":0},"south":{"uv":[0.0,11.0,0.5,11.6875],"rotation":0,"texture":"#0","tintindex":0},"north":{"uv":[9.25,10.875,9.75,11.5625],"rotation":0,"texture":"#0","tintindex":0},"west":{"uv":[11.0,0.0,11.5,0.6875],"rotation":0,"texture":"#0","tintindex":0},"up":{"uv":[12.875,6.875,12.375,6.375],"rotation":0,"texture":"#0","tintindex":0},"down":{"uv":[12.875,11.125,12.375,11.625],"rotation":0,"texture":"#0","tintindex":0}}}],"display":{"head":{"translation":[0.0,-6.4,0.0],"scale":[4.0,4.0,4.0]}}}