{"textures":{"0":"modelengine:entity/kil-jaeden"},"elements":[{"from":[6.285714,26.0,6.285714],"to":[9.714286,29.428574,9.714286],"rotation":{"angle":0.0,"axis":"y","origin":[8.0,27.714287,8.0]},"faces":{"east":{"uv":[14.625,12.75,14.875,13.0],"rotation":0,"texture":"#0","tintindex":0},"south":{"uv":[14.625,13.25,14.875,13.5],"rotation":0,"texture":"#0","tintindex":0},"north":{"uv":[14.625,12.5,14.875,12.75],"rotation":0,"texture":"#0","tintindex":0},"west":{"uv":[14.625,13.5,14.875,13.75],"rotation":0,"texture":"#0","tintindex":0},"up":{"uv":[14.875,14.0,14.625,13.75],"rotation":0,"texture":"#0","tintindex":0},"down":{"uv":[14.5,14.625,14.25,14.875],"rotation":0,"texture":"#0","tintindex":0}}},{"from":[6.285714,-6.57143,6.285714],"to":[9.714286,-1.4285717,9.714286],"rotation":{"angle":0.0,"axis":"y","origin":[8.0,-3.1428566,8.0]},"faces":{"east":{"uv":[14.25,4.75,14.5,5.125],"rotation":0,"texture":"#0","tintindex":0},"south":{"uv":[6.125,14.25,6.375,14.625],"rotation":0,"texture":"#0","tintindex":0},"north":{"uv":[4.75,14.25,5.0,14.625],"rotation":0,"texture":"#0","tintindex":0},"west":{"uv":[6.375,14.25,6.625,14.625],"rotation":0,"texture":"#0","tintindex":0},"up":{"uv":[14.875,14.5,14.625,14.25],"rotation":0,"texture":"#0","tintindex":0},"down":{"uv":[14.75,14.625,14.5,14.875],"rotation":0,"texture":"#0","tintindex":0}}},{"from":[6.714286,-1.4285717,6.714286],"to":[9.285714,26.0,9.285714],"rotation":{"angle":0.0,"axis":"y","origin":[8.0,26.0,8.0]},"faces":{"east":{"uv":[3.125,10.5,3.3125,12.5],"rotation":0,"texture":"#0","tintindex":0},"south":{"uv":[3.375,10.5,3.5625,12.5],"rotation":0,"texture":"#0","tintindex":0},"north":{"uv":[2.875,10.5,3.0625,12.5],"rotation":0,"texture":"#0","tintindex":0},"west":{"uv":[3.625,10.5,3.8125,12.5],"rotation":0,"texture":"#0","tintindex":0},"up":{"uv":[15.4375,1.4375,15.25,1.25],"rotation":0,"texture":"#0","tintindex":0},"down":{"uv":[1.5625,15.25,1.375,15.4375],"rotation":0,"texture":"#0","tintindex":0}}},{"from":[6.714286,-10.0,6.714286],"to":[9.285714,-6.57143,9.285714],"rotation":{"angle":0.0,"axis":"y","origin":[8.0,-6.57143,8.0]},"faces":{"east":{"uv":[3.625,15.0,3.8125,15.25],"rotation":0,"texture":"#0","tintindex":0},"south":{"uv":[15.0,3.875,15.1875,4.125],"rotation":0,"texture":"#0","tintindex":0},"north":{"uv":[3.375,15.0,3.5625,15.25],"rotation":0,"texture":"#0","tintindex":0},"west":{"uv":[15.0,4.125,15.1875,4.375],"rotation":0,"texture":"#0","tintindex":0},"up":{"uv":[1.8125,15.4375,1.625,15.25],"rotation":0,"texture":"#0","tintindex":0},"down":{"uv":[15.4375,1.625,15.25,1.8125],"rotation":0,"texture":"#0","tintindex":0}}},{"from":[7.142857,-13.0,7.142857],"to":[8.857143,-9.57143,8.857143],"rotation":{"angle":22.5,"axis":"z","origin":[8.0,-9.57143,8.0]},"faces":{"east":{"uv":[14.875,15.25,15.0,15.5],"rotation":0,"texture":"#0","tintindex":0},"south":{"uv":[15.0,15.25,15.125,15.5],"rotation":0,"texture":"#0","tintindex":0},"north":{"uv":[15.25,14.75,15.375,15.0],"rotation":0,"texture":"#0","tintindex":0},"west":{"uv":[15.25,15.0,15.375,15.25],"rotation":0,"texture":"#0","tintindex":0},"up":{"uv":[15.25,8.75,15.125,8.625],"rotation":0,"texture":"#0","tintindex":0},"down":{"uv":[5.875,15.5,5.75,15.625],"rotation":0,"texture":"#0","tintindex":0}}},{"from":[9.285714,-8.285713,8.857143],"to":[18.714287,27.714287,8.857143],"rotation":{"angle":0.0,"axis":"y","origin":[10.571428,27.714287,8.857143]},"faces":{"east":{"uv":[0.0,0.0,0.0,2.625],"rotation":0,"texture":"#0","tintindex":0},"south":{"uv":[0.6875,2.0,0.0,4.625],"rotation":0,"texture":"#0","tintindex":0},"north":{"uv":[0.0,2.0,0.6875,4.625],"rotation":0,"texture":"#0","tintindex":0},"west":{"uv":[0.0,0.0,0.0,2.625],"rotation":0,"texture":"#0","tintindex":0},"up":{"uv":[0.6875,0.0,0.0,0.0],"rotation":0,"texture":"#0","tintindex":0},"down":{"uv":[0.6875,0.0,0.0,0.0],"rotation":0,"texture":"#0","tintindex":0}}},{"from":[8.857143,-16.0,7.5714283],"to":[9.714286,-12.57143,8.428572],"rotation":{"angle":45.0,"axis":"z","origin":[9.285714,-12.57143,8.0]},"faces":{"east":{"uv":[6.125,15.5,6.1875,15.75],"rotation":0,"texture":"#0","tintindex":0},"south":{"uv":[6.25,15.5,6.3125,15.75],"rotation":0,"texture":"#0","tintindex":0},"north":{"uv":[5.875,15.5,5.9375,15.75],"rotation":0,"texture":"#0","tintindex":0},"west":{"uv":[6.375,15.5,6.4375,15.75],"rotation":0,"texture":"#0","tintindex":0},"up":{"uv":[15.6875,6.4375,15.625,6.375],"rotation":0,"texture":"#0","tintindex":0},"down":{"uv":[6.5625,15.625,6.5,15.6875],"rotation":0,"texture":"#0","tintindex":0}}}],"display":{"head":{"translation":[0.0,-85.25715,0.0],"scale":[4.0,4.0,4.0]}}}