{"textures":{"0":"modelengine:entity/kil-jaeden"},"elements":[{"from":[7.360205,-0.30776882,7.5714283],"to":[8.64592,2.2636595,8.428572],"rotation":{"angle":45.0,"axis":"z","origin":[8.0,1.5714283,8.0]},"faces":{"east":{"uv":[13.25,15.5,13.3125,15.6875],"rotation":0,"texture":"#0","tintindex":0},"south":{"uv":[12.875,15.375,13.0,15.5625],"rotation":0,"texture":"#0","tintindex":0},"north":{"uv":[15.375,12.625,15.5,12.8125],"rotation":0,"texture":"#0","tintindex":0},"west":{"uv":[13.375,15.5,13.4375,15.6875],"rotation":0,"texture":"#0","tintindex":0},"up":{"uv":[15.75,0.1875,15.625,0.125],"rotation":0,"texture":"#0","tintindex":0},"down":{"uv":[0.375,15.625,0.25,15.6875],"rotation":0,"texture":"#0","tintindex":0}}},{"from":[6.714286,0.28571415,7.142857],"to":[8.857143,4.5714283,8.857143],"rotation":{"angle":22.5,"axis":"z","origin":[6.714286,4.5714283,8.0]},"faces":{"east":{"uv":[11.0,15.0,11.125,15.3125],"rotation":0,"texture":"#0","tintindex":0},"south":{"uv":[6.625,14.875,6.8125,15.1875],"rotation":0,"texture":"#0","tintindex":0},"north":{"uv":[6.375,14.875,6.5625,15.1875],"rotation":0,"texture":"#0","tintindex":0},"west":{"uv":[15.0,11.0,15.125,11.3125],"rotation":0,"texture":"#0","tintindex":0},"up":{"uv":[15.5625,13.0,15.375,12.875],"rotation":0,"texture":"#0","tintindex":0},"down":{"uv":[13.1875,15.375,13.0,15.5],"rotation":0,"texture":"#0","tintindex":0}}},{"from":[6.542857,4.4,6.9714284],"to":[9.457143,9.028571,9.028571],"rotation":{"angle":0.0,"axis":"y","origin":[8.0,8.0,8.0]},"faces":{"east":{"uv":[11.875,15.0,12.0,15.3125],"rotation":0,"texture":"#0","tintindex":0},"south":{"uv":[14.875,7.25,15.0625,7.5625],"rotation":0,"texture":"#0","tintindex":0},"north":{"uv":[7.125,14.875,7.3125,15.1875],"rotation":0,"texture":"#0","tintindex":0},"west":{"uv":[12.0,15.0,12.125,15.3125],"rotation":0,"texture":"#0","tintindex":0},"up":{"uv":[15.5625,13.125,15.375,13.0],"rotation":0,"texture":"#0","tintindex":0},"down":{"uv":[15.5625,13.125,15.375,13.25],"rotation":0,"texture":"#0","tintindex":0}}}],"display":{"head":{"translation":[0.0,-6.4,0.0],"scale":[4.0,4.0,4.0]}}}