{"textures":{"0":"modelengine:entity/kil-jaeden"},"elements":[{"from":[6.9714284,3.5428572,7.4],"to":[9.885715,9.028571,9.457143],"rotation":{"angle":0.0,"axis":"y","origin":[8.0,8.0,8.0]},"faces":{"east":{"uv":[4.875,9.125,5.0,9.5],"rotation":0,"texture":"#0","tintindex":0},"south":{"uv":[14.375,12.625,14.5625,13.0],"rotation":0,"texture":"#0","tintindex":0},"north":{"uv":[14.375,12.25,14.5625,12.625],"rotation":0,"texture":"#0","tintindex":0},"west":{"uv":[10.75,7.625,10.875,8.0],"rotation":0,"texture":"#0","tintindex":0},"up":{"uv":[10.3125,15.5,10.125,15.375],"rotation":0,"texture":"#0","tintindex":0},"down":{"uv":[15.5625,10.125,15.375,10.25],"rotation":0,"texture":"#0","tintindex":0}}},{"from":[7.5714283,0.28571415,7.5714283],"to":[9.714286,3.7142854,9.285714],"rotation":{"angle":-22.5,"axis":"z","origin":[9.714286,3.7142854,8.0]},"faces":{"east":{"uv":[8.75,13.0,8.875,13.25],"rotation":0,"texture":"#0","tintindex":0},"south":{"uv":[15.0,0.75,15.1875,1.0],"rotation":0,"texture":"#0","tintindex":0},"north":{"uv":[15.0,0.5,15.1875,0.75],"rotation":0,"texture":"#0","tintindex":0},"west":{"uv":[1.125,13.125,1.25,13.375],"rotation":0,"texture":"#0","tintindex":0},"up":{"uv":[15.5625,10.375,15.375,10.25],"rotation":0,"texture":"#0","tintindex":0},"down":{"uv":[10.5625,15.375,10.375,15.5],"rotation":0,"texture":"#0","tintindex":0}}},{"from":[7.611223,-0.30776882,8.0],"to":[8.896937,2.2636595,8.857143],"rotation":{"angle":-45.0,"axis":"z","origin":[8.428572,0.7142854,8.0]},"faces":{"east":{"uv":[11.75,15.5,11.8125,15.6875],"rotation":0,"texture":"#0","tintindex":0},"south":{"uv":[10.625,15.375,10.75,15.5625],"rotation":0,"texture":"#0","tintindex":0},"north":{"uv":[15.375,10.375,15.5,10.5625],"rotation":0,"texture":"#0","tintindex":0},"west":{"uv":[11.875,15.5,11.9375,15.6875],"rotation":0,"texture":"#0","tintindex":0},"up":{"uv":[15.25,15.5625,15.125,15.5],"rotation":0,"texture":"#0","tintindex":0},"down":{"uv":[15.625,15.125,15.5,15.1875],"rotation":0,"texture":"#0","tintindex":0}}}],"display":{"head":{"translation":[0.0,-6.4,0.0],"scale":[4.0,4.0,4.0]}}}