{"textures":{"0":"modelengine:entity/kil-jaeden"},"elements":[{"from":[7.360205,-2.0220547,7.5714283],"to":[8.64592,0.5493736,8.428572],"rotation":{"angle":45.0,"axis":"z","origin":[8.0,-0.14285755,8.0]},"faces":{"east":{"uv":[15.5,12.625,15.5625,12.8125],"rotation":0,"texture":"#0","tintindex":0},"south":{"uv":[15.375,11.375,15.5,11.5625],"rotation":0,"texture":"#0","tintindex":0},"north":{"uv":[11.375,15.375,11.5,15.5625],"rotation":0,"texture":"#0","tintindex":0},"west":{"uv":[12.75,15.5,12.8125,15.6875],"rotation":0,"texture":"#0","tintindex":0},"up":{"uv":[15.5,15.5625,15.375,15.5],"rotation":0,"texture":"#0","tintindex":0},"down":{"uv":[15.625,15.375,15.5,15.4375],"rotation":0,"texture":"#0","tintindex":0}}},{"from":[6.714286,-1.4285717,7.142857],"to":[8.857143,2.8571424,8.857143],"rotation":{"angle":22.5,"axis":"z","origin":[6.714286,2.8571424,8.0]},"faces":{"east":{"uv":[10.375,15.0,10.5,15.3125],"rotation":0,"texture":"#0","tintindex":0},"south":{"uv":[14.875,5.5,15.0625,5.8125],"rotation":0,"texture":"#0","tintindex":0},"north":{"uv":[5.5,14.875,5.6875,15.1875],"rotation":0,"texture":"#0","tintindex":0},"west":{"uv":[10.625,15.0,10.75,15.3125],"rotation":0,"texture":"#0","tintindex":0},"up":{"uv":[11.6875,15.5,11.5,15.375],"rotation":0,"texture":"#0","tintindex":0},"down":{"uv":[15.5625,11.625,15.375,11.75],"rotation":0,"texture":"#0","tintindex":0}}},{"from":[6.542857,2.6857138,6.9714284],"to":[9.457143,9.028571,9.028571],"rotation":{"angle":0.0,"axis":"y","origin":[8.0,8.0,8.0]},"faces":{"east":{"uv":[14.125,14.75,14.25,15.1875],"rotation":0,"texture":"#0","tintindex":0},"south":{"uv":[5.5,14.375,5.6875,14.8125],"rotation":0,"texture":"#0","tintindex":0},"north":{"uv":[10.625,14.25,10.8125,14.6875],"rotation":0,"texture":"#0","tintindex":0},"west":{"uv":[4.875,14.875,5.0,15.3125],"rotation":0,"texture":"#0","tintindex":0},"up":{"uv":[11.9375,15.5,11.75,15.375],"rotation":0,"texture":"#0","tintindex":0},"down":{"uv":[15.5625,11.75,15.375,11.875],"rotation":0,"texture":"#0","tintindex":0}}}],"display":{"head":{"translation":[0.0,-6.4,0.0],"scale":[4.0,4.0,4.0]}}}