{"textures":{"0":"modelengine:entity/kil-jaeden"},"elements":[{"from":[6.285714,19.142857,6.285714],"to":[9.714286,22.57143,9.714286],"rotation":{"angle":0.0,"axis":"y","origin":[8.0,20.857143,8.0]},"faces":{"east":{"uv":[13.125,3.875,13.375,4.125],"rotation":0,"texture":"#0","tintindex":0},"south":{"uv":[4.375,13.125,4.625,13.375],"rotation":0,"texture":"#0","tintindex":0},"north":{"uv":[2.375,12.75,2.625,13.0],"rotation":0,"texture":"#0","tintindex":0},"west":{"uv":[0.875,14.5,1.125,14.75],"rotation":0,"texture":"#0","tintindex":0},"up":{"uv":[1.375,14.75,1.125,14.5],"rotation":0,"texture":"#0","tintindex":0},"down":{"uv":[1.625,14.5,1.375,14.75],"rotation":0,"texture":"#0","tintindex":0}}},{"from":[6.285714,-10.0,6.285714],"to":[9.714286,-4.8571434,9.714286],"rotation":{"angle":0.0,"axis":"y","origin":[8.0,-6.57143,8.0]},"faces":{"east":{"uv":[4.625,12.0,4.875,12.375],"rotation":0,"texture":"#0","tintindex":0},"south":{"uv":[12.0,8.625,12.25,9.0],"rotation":0,"texture":"#0","tintindex":0},"north":{"uv":[8.625,9.75,8.875,10.125],"rotation":0,"texture":"#0","tintindex":0},"west":{"uv":[5.875,14.125,6.125,14.5],"rotation":0,"texture":"#0","tintindex":0},"up":{"uv":[1.875,14.75,1.625,14.5],"rotation":0,"texture":"#0","tintindex":0},"down":{"uv":[2.125,14.5,1.875,14.75],"rotation":0,"texture":"#0","tintindex":0}}},{"from":[6.714286,-4.8571434,6.714286],"to":[9.285714,19.142857,9.285714],"rotation":{"angle":0.0,"axis":"y","origin":[8.0,19.142857,8.0]},"faces":{"east":{"uv":[1.25,11.0,1.4375,12.75],"rotation":0,"texture":"#0","tintindex":0},"south":{"uv":[3.875,11.0,4.0625,12.75],"rotation":0,"texture":"#0","tintindex":0},"north":{"uv":[10.25,10.875,10.4375,12.625],"rotation":0,"texture":"#0","tintindex":0},"west":{"uv":[4.125,11.0,4.3125,12.75],"rotation":0,"texture":"#0","tintindex":0},"up":{"uv":[15.3125,6.9375,15.125,6.75],"rotation":0,"texture":"#0","tintindex":0},"down":{"uv":[15.3125,8.375,15.125,8.5625],"rotation":0,"texture":"#0","tintindex":0}}},{"from":[6.714286,-13.428574,6.714286],"to":[9.285714,-10.0,9.285714],"rotation":{"angle":0.0,"axis":"y","origin":[8.0,-10.0,8.0]},"faces":{"east":{"uv":[1.125,15.0,1.3125,15.25],"rotation":0,"texture":"#0","tintindex":0},"south":{"uv":[15.0,1.25,15.1875,1.5],"rotation":0,"texture":"#0","tintindex":0},"north":{"uv":[15.0,1.0,15.1875,1.25],"rotation":0,"texture":"#0","tintindex":0},"west":{"uv":[1.375,15.0,1.5625,15.25],"rotation":0,"texture":"#0","tintindex":0},"up":{"uv":[15.3125,9.9375,15.125,9.75],"rotation":0,"texture":"#0","tintindex":0},"down":{"uv":[15.3125,10.375,15.125,10.5625],"rotation":0,"texture":"#0","tintindex":0}}},{"from":[7.142857,-14.714287,7.142857],"to":[8.857143,-13.0,8.857143],"rotation":{"angle":22.5,"axis":"z","origin":[8.0,-13.0,8.0]},"faces":{"east":{"uv":[12.125,2.25,12.25,2.375],"rotation":0,"texture":"#0","tintindex":0},"south":{"uv":[8.875,12.5,9.0,12.625],"rotation":0,"texture":"#0","tintindex":0},"north":{"uv":[5.375,11.625,5.5,11.75],"rotation":0,"texture":"#0","tintindex":0},"west":{"uv":[11.75,12.5,11.875,12.625],"rotation":0,"texture":"#0","tintindex":0},"up":{"uv":[12.75,0.625,12.625,0.5],"rotation":0,"texture":"#0","tintindex":0},"down":{"uv":[12.75,1.625,12.625,1.75],"rotation":0,"texture":"#0","tintindex":0}}},{"from":[9.285714,-8.285715,8.857143],"to":[18.714287,20.857143,8.857143],"rotation":{"angle":0.0,"axis":"y","origin":[10.571428,20.857143,8.857143]},"faces":{"east":{"uv":[0.0,0.0,0.0,2.125],"rotation":0,"texture":"#0","tintindex":0},"south":{"uv":[3.4375,0.875,2.75,3.0],"rotation":0,"texture":"#0","tintindex":0},"north":{"uv":[2.75,0.875,3.4375,3.0],"rotation":0,"texture":"#0","tintindex":0},"west":{"uv":[0.0,0.0,0.0,2.125],"rotation":0,"texture":"#0","tintindex":0},"up":{"uv":[0.6875,0.0,0.0,0.0],"rotation":0,"texture":"#0","tintindex":0},"down":{"uv":[0.6875,0.0,0.0,0.0],"rotation":0,"texture":"#0","tintindex":0}}},{"from":[8.0,-16.0,7.5714283],"to":[8.857143,-14.285717,8.428572],"rotation":{"angle":45.0,"axis":"z","origin":[8.428572,-14.285717,8.0]},"faces":{"east":{"uv":[15.625,0.375,15.6875,0.5],"rotation":0,"texture":"#0","tintindex":0},"south":{"uv":[15.625,0.5,15.6875,0.625],"rotation":0,"texture":"#0","tintindex":0},"north":{"uv":[0.375,15.625,0.4375,15.75],"rotation":0,"texture":"#0","tintindex":0},"west":{"uv":[0.625,15.625,0.6875,15.75],"rotation":0,"texture":"#0","tintindex":0},"up":{"uv":[5.0625,15.6875,5.0,15.625],"rotation":0,"texture":"#0","tintindex":0},"down":{"uv":[15.6875,5.0,15.625,5.0625],"rotation":0,"texture":"#0","tintindex":0}}}],"display":{"head":{"translation":[0.0,-57.828575,0.0],"scale":[4.0,4.0,4.0]}}}