{"textures":{"0":"modelengine:entity/kil-jaeden"},"elements":[{"from":[3.7142854,1.9999995,3.7142854],"to":[12.285715,5.428571,12.285715],"rotation":{"angle":0.0,"axis":"y","origin":[8.0,6.285714,8.0]},"faces":{"east":{"uv":[13.375,4.25,14.0,4.5],"rotation":0,"texture":"#0","tintindex":0},"south":{"uv":[5.125,13.375,5.75,13.625],"rotation":0,"texture":"#0","tintindex":0},"north":{"uv":[9.25,3.75,9.875,4.0],"rotation":0,"texture":"#0","tintindex":0},"west":{"uv":[13.375,5.875,14.0,6.125],"rotation":0,"texture":"#0","tintindex":0},"up":{"uv":[10.75,2.375,10.125,1.75],"rotation":0,"texture":"#0","tintindex":0},"down":{"uv":[10.75,5.0,10.125,5.625],"rotation":0,"texture":"#0","tintindex":0}}},{"from":[2.8571424,5.428571,2.8571424],"to":[13.142858,8.0,13.142858],"rotation":{"angle":0.0,"axis":"y","origin":[8.0,8.0,8.0]},"faces":{"east":{"uv":[13.625,6.375,14.375,6.5625],"rotation":0,"texture":"#0","tintindex":0},"south":{"uv":[13.625,6.625,14.375,6.8125],"rotation":0,"texture":"#0","tintindex":0},"north":{"uv":[13.625,6.125,14.375,6.3125],"rotation":0,"texture":"#0","tintindex":0},"west":{"uv":[13.625,6.875,14.375,7.0625],"rotation":0,"texture":"#0","tintindex":0},"up":{"uv":[3.375,9.25,2.625,8.5],"rotation":0,"texture":"#0","tintindex":0},"down":{"uv":[9.25,3.25,8.5,4.0],"rotation":0,"texture":"#0","tintindex":0}}},{"from":[3.7142854,-2.285715,4.142857],"to":[11.428572,1.9999995,11.857143],"rotation":{"angle":0.0,"axis":"y","origin":[7.5714283,1.9999995,8.0]},"faces":{"east":{"uv":[1.125,13.375,1.6875,13.6875],"rotation":0,"texture":"#0","tintindex":0},"south":{"uv":[1.75,13.375,2.3125,13.6875],"rotation":0,"texture":"#0","tintindex":0},"north":{"uv":[12.875,13.25,13.4375,13.5625],"rotation":0,"texture":"#0","tintindex":0},"west":{"uv":[2.375,13.375,2.9375,13.6875],"rotation":0,"texture":"#0","tintindex":0},"up":{"uv":[11.9375,8.3125,11.375,7.75],"rotation":0,"texture":"#0","tintindex":0},"down":{"uv":[11.9375,8.375,11.375,8.9375],"rotation":0,"texture":"#0","tintindex":0}}},{"from":[3.7142854,-4.8571434,4.5714283],"to":[10.571428,-2.285715,11.428572],"rotation":{"angle":0.0,"axis":"y","origin":[7.142857,-2.285715,8.0]},"faces":{"east":{"uv":[14.25,1.625,14.75,1.8125],"rotation":0,"texture":"#0","tintindex":0},"south":{"uv":[1.875,14.25,2.375,14.4375],"rotation":0,"texture":"#0","tintindex":0},"north":{"uv":[14.25,1.25,14.75,1.4375],"rotation":0,"texture":"#0","tintindex":0},"west":{"uv":[2.375,14.25,2.875,14.4375],"rotation":0,"texture":"#0","tintindex":0},"up":{"uv":[12.875,12.125,12.375,11.625],"rotation":0,"texture":"#0","tintindex":0},"down":{"uv":[12.875,12.125,12.375,12.625],"rotation":0,"texture":"#0","tintindex":0}}},{"from":[2.8571424,-6.5714293,3.7142854],"to":[11.428572,-4.8571434,12.285715],"rotation":{"angle":0.0,"axis":"y","origin":[7.142857,-4.000001,8.0]},"faces":{"east":{"uv":[14.0,8.125,14.625,8.25],"rotation":0,"texture":"#0","tintindex":0},"south":{"uv":[14.25,1.875,14.875,2.0],"rotation":0,"texture":"#0","tintindex":0},"north":{"uv":[0.0,6.875,0.625,7.0],"rotation":0,"texture":"#0","tintindex":0},"west":{"uv":[14.25,5.125,14.875,5.25],"rotation":0,"texture":"#0","tintindex":0},"up":{"uv":[6.375,10.75,5.75,10.125],"rotation":0,"texture":"#0","tintindex":0},"down":{"uv":[9.25,10.125,8.625,10.75],"rotation":0,"texture":"#0","tintindex":0}}},{"from":[1.1428566,-6.5714293,4.5714283],"to":[2.8571424,-4.8571434,11.428572],"rotation":{"angle":0.0,"axis":"y","origin":[7.142857,-4.000001,8.0]},"faces":{"east":{"uv":[14.5,11.0,15.0,11.125],"rotation":0,"texture":"#0","tintindex":0},"south":{"uv":[6.5,15.5,6.625,15.625],"rotation":0,"texture":"#0","tintindex":0},"north":{"uv":[15.5,6.375,15.625,6.5],"rotation":0,"texture":"#0","tintindex":0},"west":{"uv":[14.625,3.75,15.125,3.875],"rotation":0,"texture":"#0","tintindex":0},"up":{"uv":[10.5,15.0,10.375,14.5],"rotation":0,"texture":"#0","tintindex":0},"down":{"uv":[12.75,14.5,12.625,15.0],"rotation":0,"texture":"#0","tintindex":0}}},{"from":[6.285714,-4.8571434,2.8571424],"to":[8.0,3.7142854,4.5714283],"rotation":{"angle":0.0,"axis":"y","origin":[7.142857,-2.285715,7.142857]},"faces":{"east":{"uv":[7.75,14.375,7.875,15.0],"rotation":0,"texture":"#0","tintindex":0},"south":{"uv":[8.25,14.375,8.375,15.0],"rotation":0,"texture":"#0","tintindex":0},"north":{"uv":[5.75,14.375,5.875,15.0],"rotation":0,"texture":"#0","tintindex":0},"west":{"uv":[8.375,14.375,8.5,15.0],"rotation":0,"texture":"#0","tintindex":0},"up":{"uv":[14.5,11.5,14.375,11.375],"rotation":0,"texture":"#0","tintindex":0},"down":{"uv":[12.0,14.375,11.875,14.5],"rotation":0,"texture":"#0","tintindex":0}}},{"from":[5.428571,3.7142854,1.9999995],"to":[8.857143,7.142857,3.7142854],"rotation":{"angle":0.0,"axis":"y","origin":[7.142857,1.1428566,6.285714]},"faces":{"east":{"uv":[15.25,14.5,15.375,14.75],"rotation":0,"texture":"#0","tintindex":0},"south":{"uv":[14.625,12.25,14.875,12.5],"rotation":0,"texture":"#0","tintindex":0},"north":{"uv":[14.625,11.625,14.875,11.875],"rotation":0,"texture":"#0","tintindex":0},"west":{"uv":[14.75,15.25,14.875,15.5],"rotation":0,"texture":"#0","tintindex":0},"up":{"uv":[14.625,7.5,14.375,7.375],"rotation":0,"texture":"#0","tintindex":0},"down":{"uv":[15.5,9.625,15.25,9.75],"rotation":0,"texture":"#0","tintindex":0}}},{"from":[5.8571424,4.142857,0.28571415],"to":[8.428572,6.714286,1.9999995],"rotation":{"angle":0.0,"axis":"y","origin":[7.142857,5.428571,1.1428566]},"faces":{"east":{"uv":[15.5,0.0,15.625,0.1875],"rotation":0,"texture":"#0","tintindex":0},"south":{"uv":[1.125,15.25,1.3125,15.4375],"rotation":0,"texture":"#0","tintindex":0},"north":{"uv":[15.25,1.0,15.4375,1.1875],"rotation":0,"texture":"#0","tintindex":0},"west":{"uv":[0.125,15.5,0.25,15.6875],"rotation":0,"texture":"#0","tintindex":0},"up":{"uv":[0.4375,15.625,0.25,15.5],"rotation":0,"texture":"#0","tintindex":0},"down":{"uv":[15.6875,0.25,15.5,0.375],"rotation":0,"texture":"#0","tintindex":0}}},{"from":[6.285714,4.485714,-1.0],"to":[8.0,6.2,0.7142854],"rotation":{"angle":-22.5,"axis":"x","origin":[7.142857,5.342857,-0.14285755]},"faces":{"east":{"uv":[14.625,14.5,14.75,14.625],"rotation":0,"texture":"#0","tintindex":0},"south":{"uv":[14.75,7.25,14.875,7.375],"rotation":0,"texture":"#0","tintindex":0},"north":{"uv":[14.625,11.875,14.75,12.0],"rotation":0,"texture":"#0","tintindex":0},"west":{"uv":[14.875,6.375,15.0,6.5],"rotation":0,"texture":"#0","tintindex":0},"up":{"uv":[15.25,3.875,15.125,3.75],"rotation":0,"texture":"#0","tintindex":0},"down":{"uv":[15.25,7.875,15.125,8.0],"rotation":0,"texture":"#0","tintindex":0}}},{"from":[6.714286,4.0571427,-2.285715],"to":[7.5714283,4.9142857,-0.57142925],"rotation":{"angle":-45.0,"axis":"x","origin":[7.142857,4.485714,-1.4285717]},"faces":{"east":{"uv":[15.625,3.375,15.75,3.4375],"rotation":0,"texture":"#0","tintindex":0},"south":{"uv":[15.625,6.125,15.6875,6.1875],"rotation":0,"texture":"#0","tintindex":0},"north":{"uv":[15.625,6.0,15.6875,6.0625],"rotation":0,"texture":"#0","tintindex":0},"west":{"uv":[3.5,15.625,3.625,15.6875],"rotation":0,"texture":"#0","tintindex":0},"up":{"uv":[15.6875,3.625,15.625,3.5],"rotation":0,"texture":"#0","tintindex":0},"down":{"uv":[15.6875,3.625,15.625,3.75],"rotation":0,"texture":"#0","tintindex":0}}},{"from":[5.428571,3.7142854,12.285715],"to":[8.857143,7.142857,14.0],"rotation":{"angle":0.0,"axis":"y","origin":[7.142857,1.1428566,9.714286]},"faces":{"east":{"uv":[15.375,14.5,15.25,14.75],"rotation":0,"texture":"#0","tintindex":0},"south":{"uv":[14.875,11.625,14.625,11.875],"rotation":0,"texture":"#0","tintindex":0},"north":{"uv":[14.875,12.25,14.625,12.5],"rotation":0,"texture":"#0","tintindex":0},"west":{"uv":[14.875,15.25,14.75,15.5],"rotation":0,"texture":"#0","tintindex":0},"up":{"uv":[14.625,7.375,14.375,7.5],"rotation":0,"texture":"#0","tintindex":0},"down":{"uv":[15.5,9.75,15.25,9.625],"rotation":0,"texture":"#0","tintindex":0}}},{"from":[5.8571424,4.142857,14.0],"to":[8.428572,6.714286,15.714286],"rotation":{"angle":0.0,"axis":"y",