{"textures":{"0":"modelengine:entity/kil-jaeden"},"elements":[{"from":[4.5714283,3.885714,2.8571424],"to":[9.714286,8.171429,11.428572],"rotation":{"angle":0.0,"axis":"y","origin":[8.0,8.171429,8.0]},"faces":{"east":{"uv":[0.5,13.125,1.125,13.4375],"rotation":0,"texture":"#0","tintindex":0},"south":{"uv":[13.875,1.125,14.25,1.4375],"rotation":0,"texture":"#0","tintindex":0},"north":{"uv":[13.875,0.75,14.25,1.0625],"rotation":0,"texture":"#0","tintindex":0},"west":{"uv":[13.125,3.5,13.75,3.8125],"rotation":0,"texture":"#0","tintindex":0},"up":{"uv":[11.375,1.375,11.0,0.75],"rotation":0,"texture":"#0","tintindex":0},"down":{"uv":[2.375,12.75,2.0,13.375],"rotation":0,"texture":"#0","tintindex":0}}},{"from":[3.2857141,2.1714282,2.4285712],"to":[6.714286,6.457143,11.857143],"rotation":{"angle":0.0,"axis":"y","origin":[8.0,8.171429,8.0]},"faces":{"east":{"uv":[1.25,13.0,1.9375,13.3125],"rotation":0,"texture":"#0","tintindex":0},"south":{"uv":[14.375,7.75,14.625,8.0625],"rotation":0,"texture":"#0","tintindex":0},"north":{"uv":[7.5,14.375,7.75,14.6875],"rotation":0,"texture":"#0","tintindex":0},"west":{"uv":[2.375,13.0,3.0625,13.3125],"rotation":0,"texture":"#0","tintindex":0},"up":{"uv":[5.0,4.0625,4.75,3.375],"rotation":0,"texture":"#0","tintindex":0},"down":{"uv":[1.0,7.875,0.75,8.5625],"rotation":0,"texture":"#0","tintindex":0}}}],"display":{"head":{"translation":[0.0,-6.4,0.0],"scale":[4.0,4.0,4.0]}}}