{"textures":{"0":"modelengine:entity/kil-jaeden"},"elements":[{"from":[6.285714,15.714288,6.285714],"to":[9.714286,19.14286,9.714286],"rotation":{"angle":0.0,"axis":"y","origin":[8.0,17.428574,8.0]},"faces":{"east":{"uv":[14.5,3.875,14.75,4.125],"rotation":0,"texture":"#0","tintindex":0},"south":{"uv":[14.5,4.125,14.75,4.375],"rotation":0,"texture":"#0","tintindex":0},"north":{"uv":[3.75,14.5,4.0,14.75],"rotation":0,"texture":"#0","tintindex":0},"west":{"uv":[14.5,4.375,14.75,4.625],"rotation":0,"texture":"#0","tintindex":0},"up":{"uv":[14.75,5.0,14.5,4.75],"rotation":0,"texture":"#0","tintindex":0},"down":{"uv":[5.25,14.5,5.0,14.75],"rotation":0,"texture":"#0","tintindex":0}}},{"from":[6.285714,-11.714285,6.285714],"to":[9.714286,-8.285713,9.714286],"rotation":{"angle":0.0,"axis":"y","origin":[8.0,-10.0,8.0]},"faces":{"east":{"uv":[14.5,5.25,14.75,5.5],"rotation":0,"texture":"#0","tintindex":0},"south":{"uv":[5.875,14.5,6.125,14.75],"rotation":0,"texture":"#0","tintindex":0},"north":{"uv":[5.25,14.5,5.5,14.75],"rotation":0,"texture":"#0","tintindex":0},"west":{"uv":[7.875,14.5,8.125,14.75],"rotation":0,"texture":"#0","tintindex":0},"up":{"uv":[14.75,8.625,14.5,8.375],"rotation":0,"texture":"#0","tintindex":0},"down":{"uv":[8.875,14.5,8.625,14.75],"rotation":0,"texture":"#0","tintindex":0}}},{"from":[6.714286,-8.285713,6.714286],"to":[9.285714,15.714288,9.285714],"rotation":{"angle":0.0,"axis":"y","origin":[8.0,15.714288,8.0]},"faces":{"east":{"uv":[6.375,11.0,6.5625,12.75],"rotation":0,"texture":"#0","tintindex":0},"south":{"uv":[6.625,11.0,6.8125,12.75],"rotation":0,"texture":"#0","tintindex":0},"north":{"uv":[4.375,11.0,4.5625,12.75],"rotation":0,"texture":"#0","tintindex":0},"west":{"uv":[6.875,11.0,7.0625,12.75],"rotation":0,"texture":"#0","tintindex":0},"up":{"uv":[15.3125,11.8125,15.125,11.625],"rotation":0,"texture":"#0","tintindex":0},"down":{"uv":[15.3125,12.25,15.125,12.4375],"rotation":0,"texture":"#0","tintindex":0}}},{"from":[6.714286,-13.42857,6.714286],"to":[9.285714,-11.714285,9.285714],"rotation":{"angle":0.0,"axis":"y","origin":[8.0,-11.714285,8.0]},"faces":{"east":{"uv":[15.375,13.25,15.5625,13.375],"rotation":0,"texture":"#0","tintindex":0},"south":{"uv":[15.375,13.375,15.5625,13.5],"rotation":0,"texture":"#0","tintindex":0},"north":{"uv":[13.25,15.375,13.4375,15.5],"rotation":0,"texture":"#0","tintindex":0},"west":{"uv":[13.5,15.375,13.6875,15.5],"rotation":0,"texture":"#0","tintindex":0},"up":{"uv":[15.3125,12.6875,15.125,12.5],"rotation":0,"texture":"#0","tintindex":0},"down":{"uv":[15.3125,12.75,15.125,12.9375],"rotation":0,"texture":"#0","tintindex":0}}},{"from":[7.142857,-14.714287,7.142857],"to":[8.857143,-13.0,8.857143],"rotation":{"angle":22.5,"axis":"z","origin":[8.0,-13.0,8.0]},"faces":{"east":{"uv":[12.875,12.5,13.0,12.625],"rotation":0,"texture":"#0","tintindex":0},"south":{"uv":[11.625,13.0,11.75,13.125],"rotation":0,"texture":"#0","tintindex":0},"north":{"uv":[10.375,12.625,10.5,12.75],"rotation":0,"texture":"#0","tintindex":0},"west":{"uv":[12.875,13.125,13.0,13.25],"rotation":0,"texture":"#0","tintindex":0},"up":{"uv":[0.5,13.5,0.375,13.375],"rotation":0,"texture":"#0","tintindex":0},"down":{"uv":[12.875,13.5,12.75,13.625],"rotation":0,"texture":"#0","tintindex":0}}},{"from":[9.285714,-10.0,8.857143],"to":[18.714287,17.428574,8.857143],"rotation":{"angle":0.0,"axis":"y","origin":[10.571428,17.428574,8.857143]},"faces":{"east":{"uv":[0.0,0.0,0.0,2.0],"rotation":0,"texture":"#0","tintindex":0},"south":{"uv":[4.1875,4.125,3.5,6.125],"rotation":0,"texture":"#0","tintindex":0},"north":{"uv":[3.5,4.125,4.1875,6.125],"rotation":0,"texture":"#0","tintindex":0},"west":{"uv":[0.0,0.0,0.0,2.0],"rotation":0,"texture":"#0","tintindex":0},"up":{"uv":[0.6875,0.0,0.0,0.0],"rotation":0,"texture":"#0","tintindex":0},"down":{"uv":[0.6875,0.0,0.0,0.0],"rotation":0,"texture":"#0","tintindex":0}}},{"from":[0.7142854,-11.714285,8.428572],"to":[6.714286,15.714288,8.428572],"rotation":{"angle":0.0,"axis":"y","origin":[5.428571,15.714288,8.428572]},"faces":{"east":{"uv":[0.0,0.0,0.0,2.0],"rotation":0,"texture":"#0","tintindex":0},"south":{"uv":[5.4375,6.5,5.0,8.5],"rotation":0,"texture":"#0","tintindex":0},"north":{"uv":[5.0,6.5,5.4375,8.5],"rotation":0,"texture":"#0","tintindex":0},"west":{"uv":[0.0,0.0,0.0,2.0],"rotation":0,"texture":"#0","tintindex":0},"up":{"uv":[0.4375,0.0,0.0,0.0],"rotation":0,"texture":"#0","tintindex":0},"down":{"uv":[0.4375,0.0,0.0,0.0],"rotation":0,"texture":"#0","tintindex":0}}},{"from":[8.0,-16.0,7.5714283],"to":[8.857143,-14.285713,8.428572],"rotation":{"angle":45.0,"axis":"z","origin":[8.428572,-14.285713,8.0]},"faces":{"east":{"uv":[0.75,15.625,0.8125,15.75],"rotation":0,"texture":"#0","tintindex":0},"south":{"uv":[15.625,0.75,15.6875,0.875],"rotation":0,"texture":"#0","tintindex":0},"north":{"uv":[15.625,0.625,15.6875,0.75],"rotation":0,"texture":"#0","tintindex":0},"west":{"uv":[1.0,15.625,1.0625,15.75],"rotation":0,"texture":"#0","tintindex":0},"up":{"uv":[15.6875,5.3125,15.625,5.25],"rotation":0,"texture":"#0","tintindex":0},"down":{"uv":[5.4375,15.625,5.375,15.6875],"rotation":0,"texture":"#0","tintindex":0}}}],"display":{"head":{"translation":[0.0,-44.114296,0.0],"scale":[4.0,4.0,4.0]}}}