{"textures":{"0":"modelengine:entity/kil-jaeden"},"elements":[{"from":[12.714286,5.8571424,5.8571424],"to":[17.0,10.142858,10.142858],"rotation":{"angle":0.0,"axis":"y","origin":[14.857143,8.0,8.0]},"faces":{"east":{"uv":[12.75,14.0,13.0625,14.3125],"rotation":0,"texture":"#0","tintindex":0},"south":{"uv":[14.0,12.75,14.3125,13.0625],"rotation":0,"texture":"#0","tintindex":0},"north":{"uv":[14.0,12.375,14.3125,12.6875],"rotation":0,"texture":"#0","tintindex":0},"west":{"uv":[0.375,14.125,0.6875,14.4375],"rotation":0,"texture":"#0","tintindex":0},"up":{"uv":[1.0625,14.4375,0.75,14.125],"rotation":0,"texture":"#0","tintindex":0},"down":{"uv":[1.4375,14.125,1.125,14.4375],"rotation":0,"texture":"#0","tintindex":0}}},{"from":[7.571429,6.285714,6.285714],"to":[12.714286,9.714286,9.714286],"rotation":{"angle":0.0,"axis":"y","origin":[12.714286,8.0,8.0]},"faces":{"east":{"uv":[14.625,3.25,14.875,3.5],"rotation":0,"texture":"#0","tintindex":0},"south":{"uv":[14.25,2.375,14.625,2.625],"rotation":0,"texture":"#0","tintindex":0},"north":{"uv":[0.0,14.25,0.375,14.5],"rotation":0,"texture":"#0","tintindex":0},"west":{"uv":[14.625,3.5,14.875,3.75],"rotation":0,"texture":"#0","tintindex":0},"up":{"uv":[14.625,2.875,14.25,2.625],"rotation":0,"texture":"#0","tintindex":0},"down":{"uv":[3.25,14.25,2.875,14.5],"rotation":0,"texture":"#0","tintindex":0}}},{"from":[-2.7142868,4.142857,5.8571424],"to":[7.571429,10.142858,10.142858],"rotation":{"angle":0.0,"axis":"y","origin":[7.571429,8.0,8.0]},"faces":{"east":{"uv":[13.125,13.625,13.4375,14.0625],"rotation":0,"texture":"#0","tintindex":0},"south":{"uv":[11.125,6.625,11.875,7.0625],"rotation":0,"texture":"#0","tintindex":0},"north":{"uv":[11.125,6.125,11.875,6.5625],"rotation":0,"texture":"#0","tintindex":0},"west":{"uv":[13.75,2.0,14.0625,2.4375],"rotation":0,"texture":"#0","tintindex":0},"up":{"uv":[13.5,2.3125,12.75,2.0],"rotation":0,"texture":"#0","tintindex":0},"down":{"uv":[13.5,2.375,12.75,2.6875],"rotation":0,"texture":"#0","tintindex":0}}},{"from":[-7.8571434,6.285714,6.285714],"to":[-2.7142868,9.714286,9.714286],"rotation":{"angle":-22.5,"axis":"z","origin":[-2.7142868,6.285714,8.0]},"faces":{"east":{"uv":[4.0,14.625,4.25,14.875],"rotation":0,"texture":"#0","tintindex":0},"south":{"uv":[14.25,3.125,14.625,3.375],"rotation":0,"texture":"#0","tintindex":0},"north":{"uv":[14.25,2.875,14.625,3.125],"rotation":0,"texture":"#0","tintindex":0},"west":{"uv":[4.25,14.625,4.5,14.875],"rotation":0,"texture":"#0","tintindex":0},"up":{"uv":[14.625,3.625,14.25,3.375],"rotation":0,"texture":"#0","tintindex":0},"down":{"uv":[14.625,3.625,14.25,3.875],"rotation":0,"texture":"#0","tintindex":0}}},{"from":[-9.571428,8.0,6.714286],"to":[-6.1428566,11.428572,9.285714],"rotation":{"angle":0.0,"axis":"y","origin":[-6.1428566,11.428572,8.0]},"faces":{"east":{"uv":[1.625,15.0,1.8125,15.25],"rotation":0,"texture":"#0","tintindex":0},"south":{"uv":[4.75,14.625,5.0,14.875],"rotation":0,"texture":"#0","tintindex":0},"north":{"uv":[4.5,14.625,4.75,14.875],"rotation":0,"texture":"#0","tintindex":0},"west":{"uv":[15.0,1.625,15.1875,1.875],"rotation":0,"texture":"#0","tintindex":0},"up":{"uv":[2.125,15.1875,1.875,15.0],"rotation":0,"texture":"#0","tintindex":0},"down":{"uv":[15.25,2.0,15.0,2.1875],"rotation":0,"texture":"#0","tintindex":0}}},{"from":[-13.0,8.428572,7.142857],"to":[-9.571428,11.0,8.857143],"rotation":{"angle":22.5,"axis":"z","origin":[-9.571428,11.0,8.0]},"faces":{"east":{"uv":[15.375,14.0,15.5,14.1875],"rotation":0,"texture":"#0","tintindex":0},"south":{"uv":[2.375,15.0,2.625,15.1875],"rotation":0,"texture":"#0","tintindex":0},"north":{"uv":[2.125,15.0,2.375,15.1875],"rotation":0,"texture":"#0","tintindex":0},"west":{"uv":[14.25,15.375,14.375,15.5625],"rotation":0,"texture":"#0","tintindex":0},"up":{"uv":[8.375,13.0,8.125,12.875],"rotation":0,"texture":"#0","tintindex":0},"down":{"uv":[13.625,6.75,13.375,6.875],"rotation":0,"texture":"#0","tintindex":0}}},{"from":[-16.0,8.857143,7.5714283],"to":[-12.57143,10.571428,8.428572],"rotation":{"angle":22.5,"axis":"z","origin":[-9.1428585,10.571428,8.0]},"faces":{"east":{"uv":[1.625,15.625,1.6875,15.75],"rotation":0,"texture":"#0","tintindex":0},"south":{"uv":[13.75,5.75,14.0,5.875],"rotation":0,"texture":"#0","tintindex":0},"north":{"uv":[13.375,12.0,13.625,12.125],"rotation":0,"texture":"#0","tintindex":0},"west":{"uv":[1.75,15.625,1.8125,15.75],"rotation":0,"texture":"#0","tintindex":0},"up":{"uv":[15.75,4.0625,15.5,4.0],"rotation":0,"texture":"#0","tintindex":0},"down":{"uv":[15.75,4.125,15.5,4.1875],"rotation":0,"texture":"#0","tintindex":0}}}],"display":{"head":{"translation":[-27.428574,-6.4,0.0],"scale":[4.0,4.0,4.0]}}}