{"textures":{"0":"modelengine:entity/kil-jaeden"},"elements":[{"from":[5.8571424,-2.285715,5.8571424],"to":[10.142858,6.285714,10.142858],"rotation":{"angle":0.0,"axis":"y","origin":[8.0,1.1428566,8.0]},"faces":{"east":{"uv":[13.5625,6.875,13.25,7.5],"rotation":0,"texture":"#0","tintindex":0},"south":{"uv":[6.8125,13.25,6.5,13.875],"rotation":0,"texture":"#0","tintindex":0},"north":{"uv":[13.5625,4.875,13.25,5.5],"rotation":0,"texture":"#0","tintindex":0},"west":{"uv":[6.4375,13.25,6.125,13.875],"rotation":0,"texture":"#0","tintindex":0},"up":{"uv":[7.875,14.4375,8.1875,14.125],"rotation":0,"texture":"#0","tintindex":0},"down":{"uv":[8.625,14.125,8.9375,14.4375],"rotation":0,"texture":"#0","tintindex":0}}},{"from":[6.285714,6.285714,6.285714],"to":[9.714286,9.714286,9.714286],"rotation":{"angle":0.0,"axis":"y","origin":[8.0,8.0,8.0]},"faces":{"east":{"uv":[1.625,14.75,1.375,15.0],"rotation":0,"texture":"#0","tintindex":0},"south":{"uv":[15.0,1.25,14.75,1.5],"rotation":0,"texture":"#0","tintindex":0},"north":{"uv":[15.0,1.0,14.75,1.25],"rotation":0,"texture":"#0","tintindex":0},"west":{"uv":[1.375,14.75,1.125,15.0],"rotation":0,"texture":"#0","tintindex":0},"up":{"uv":[1.625,15.0,1.875,14.75],"rotation":0,"texture":"#0","tintindex":0},"down":{"uv":[14.75,1.625,15.0,1.875],"rotation":0,"texture":"#0","tintindex":0}}},{"from":[5.428571,-3.1428576,7.142857],"to":[10.571428,1.9999995,12.285715],"rotation":{"angle":0.0,"axis":"y","origin":[8.0,-0.57142925,9.714286]},"faces":{"east":{"uv":[14.0,9.125,13.625,9.5],"rotation":0,"texture":"#0","tintindex":0},"south":{"uv":[8.0,13.625,7.625,14.0],"rotation":0,"texture":"#0","tintindex":0},"north":{"uv":[5.875,13.625,5.5,14.0],"rotation":0,"texture":"#0","tintindex":0},"west":{"uv":[14.0,7.125,13.625,7.5],"rotation":0,"texture":"#0","tintindex":0},"up":{"uv":[13.625,9.875,14.0,9.5],"rotation":0,"texture":"#0","tintindex":0},"down":{"uv":[13.625,9.875,14.0,10.25],"rotation":0,"texture":"#0","tintindex":0}}}],"display":{"head":{"translation":[0.0,-6.4,0.0],"scale":[4.0,4.0,4.0]}}}