{"textures":{"0":"modelengine:entity/kil-jaeden"},"elements":[{"from":[4.2285714,4.2285714,4.2285714],"to":[11.771429,10.914286,11.771429],"rotation":{"angle":0.0,"axis":"y","origin":[8.0,9.714286,8.0]},"faces":{"east":{"uv":[13.25,9.5,12.75,9.9375],"rotation":0,"texture":"#0","tintindex":0},"south":{"uv":[13.25,8.625,12.75,9.0625],"rotation":0,"texture":"#0","tintindex":0},"north":{"uv":[6.625,12.75,6.125,13.1875],"rotation":0,"texture":"#0","tintindex":0},"west":{"uv":[7.125,12.75,6.625,13.1875],"rotation":0,"texture":"#0","tintindex":0},"up":{"uv":[1.0,10.375,1.5,9.875],"rotation":0,"texture":"#0","tintindex":0},"down":{"uv":[12.25,0.625,12.75,1.125],"rotation":0,"texture":"#0","tintindex":0}}},{"from":[4.5714283,-4.8571434,4.5714283],"to":[11.428572,4.5714283,11.428572],"rotation":{"angle":0.0,"axis":"y","origin":[8.0,4.5714283,8.0]},"faces":{"east":{"uv":[11.375,8.375,10.875,9.0625],"rotation":0,"texture":"#0","tintindex":0},"south":{"uv":[11.375,7.625,10.875,8.3125],"rotation":0,"texture":"#0","tintindex":0},"north":{"uv":[11.375,7.625,10.875,8.3125],"rotation":0,"texture":"#0","tintindex":0},"west":{"uv":[11.375,8.375,10.875,9.0625],"rotation":0,"texture":"#0","tintindex":0},"up":{"uv":[4.125,9.125,4.625,8.625],"rotation":0,"texture":"#0","tintindex":0},"down":{"uv":[3.625,9.25,4.125,9.75],"rotation":0,"texture":"#0","tintindex":0}}},{"from":[4.5714283,-4.7714176,3.2740583],"to":[11.428572,2.9428692,3.2740583],"rotation":{"angle":0.0,"axis":"x","origin":[8.0,1.6571422,6.714286]},"faces":{"east":{"uv":[0.0,0.0,0.0,0.5625],"rotation":0,"texture":"#0","tintindex":0},"south":{"uv":[1.0,12.125,0.5,12.6875],"rotation":0,"texture":"#0","tintindex":0},"north":{"uv":[1.0,12.125,0.5,12.6875],"rotation":0,"texture":"#0","tintindex":0},"west":{"uv":[0.0,0.0,0.0,0.5625],"rotation":0,"texture":"#0","tintindex":0},"up":{"uv":[0.0,0.0,0.5,0.0],"rotation":0,"texture":"#0","tintindex":0},"down":{"uv":[0.0,0.0,0.5,0.0],"rotation":0,"texture":"#0","tintindex":0}}},{"from":[3.2857141,-4.7714176,4.1312017],"to":[12.714286,2.9428692,4.1312017],"rotation":{"angle":0.0,"axis":"x","origin":[8.0,1.6571422,7.5714283]},"faces":{"east":{"uv":[0.0,0.0,0.0,0.5625],"rotation":0,"texture":"#0","tintindex":0},"south":{"uv":[4.5625,10.375,3.875,10.9375],"rotation":0,"texture":"#0","tintindex":0},"north":{"uv":[4.5625,10.375,3.875,10.9375],"rotation":0,"texture":"#0","tintindex":0},"west":{"uv":[0.0,0.0,0.0,0.5625],"rotation":0,"texture":"#0","tintindex":0},"up":{"uv":[0.0,0.0,0.6875,0.0],"rotation":0,"texture":"#0","tintindex":0},"down":{"uv":[0.0,0.0,0.6875,0.0],"rotation":0,"texture":"#0","tintindex":0}}}],"display":{"head":{"translation":[0.0,-6.4,0.0],"scale":[4.0,4.0,4.0]}}}