{"textures":{"0":"modelengine:entity/kil-jaeden"},"elements":[{"from":[7.6571426,-1.7714291,4.2285714],"to":[14.771429,6.6285715,12.628572],"rotation":{"angle":0.0,"axis":"y","origin":[9.714286,6.285714,8.0]},"faces":{"east":{"uv":[11.8125,11.375,11.25,11.9375],"rotation":0,"texture":"#0","tintindex":0},"south":{"uv":[12.375,5.875,11.875,6.4375],"rotation":0,"texture":"#0","tintindex":0},"north":{"uv":[0.5,11.75,0.0,12.3125],"rotation":0,"texture":"#0","tintindex":0},"west":{"uv":[9.1875,11.375,8.625,11.9375],"rotation":0,"texture":"#0","tintindex":0},"up":{"uv":[11.875,7.0625,12.375,6.5],"rotation":0,"texture":"#0","tintindex":0},"down":{"uv":[11.875,11.375,12.375,11.9375],"rotation":0,"texture":"#0","tintindex":0}}},{"from":[7.2285714,-7.771429,2.9428573],"to":[15.6285715,1.4857135,10.485714],"rotation":{"angle":0.0,"axis":"y","origin":[11.0,4.5714283,6.714286]},"faces":{"east":{"uv":[12.125,1.75,11.625,2.375],"rotation":0,"texture":"#0","tintindex":0},"south":{"uv":[11.3125,5.0,10.75,5.625],"rotation":0,"texture":"#0","tintindex":0},"north":{"uv":[11.3125,2.125,10.75,2.75],"rotation":0,"texture":"#0","tintindex":0},"west":{"uv":[12.125,1.125,11.625,1.75],"rotation":0,"texture":"#0","tintindex":0},"up":{"uv":[12.0,8.125,12.5625,7.625],"rotation":0,"texture":"#0","tintindex":0},"down":{"uv":[12.0,8.125,12.5625,8.625],"rotation":0,"texture":"#0","tintindex":0}}},{"from":[6.8,3.371428,2.9428573],"to":[15.2,10.914286,13.914286],"rotation":{"angle":0.0,"axis":"y","origin":[8.857143,9.714286,8.0]},"faces":{"east":{"uv":[11.125,7.125,10.375,7.625],"rotation":0,"texture":"#0","tintindex":0},"south":{"uv":[12.5625,7.125,12.0,7.625],"rotation":0,"texture":"#0","tintindex":0},"north":{"uv":[5.9375,12.0,5.375,12.5],"rotation":0,"texture":"#0","tintindex":0},"west":{"uv":[8.875,5.75,8.125,6.25],"rotation":0,"texture":"#0","tintindex":0},"up":{"uv":[7.125,10.5,7.6875,9.75],"rotation":0,"texture":"#0","tintindex":0},"down":{"uv":[7.75,9.75,8.3125,10.5],"rotation":0,"texture":"#0","tintindex":0}}},{"from":[14.857143,2.4285712,5.0],"to":[15.714286,9.714286,11.0],"rotation":{"angle":0.0,"axis":"y","origin":[9.714286,7.142857,8.0]},"faces":{"east":{"uv":[13.0625,10.5,12.625,11.0625],"rotation":0,"texture":"#0","tintindex":0},"south":{"uv":[15.1875,7.25,15.125,7.8125],"rotation":0,"texture":"#0","tintindex":0},"north":{"uv":[4.3125,15.125,4.25,15.6875],"rotation":0,"texture":"#0","tintindex":0},"west":{"uv":[10.3125,12.625,9.875,13.1875],"rotation":0,"texture":"#0","tintindex":0},"up":{"uv":[6.0,15.8125,6.0625,15.375],"rotation":0,"texture":"#0","tintindex":0},"down":{"uv":[8.75,15.375,8.8125,15.8125],"rotation":0,"texture":"#0","tintindex":0}}},{"from":[6.8,10.914286,4.6571426],"to":[13.485714,12.457143,12.200001],"rotation":{"angle":0.0,"axis":"y","origin":[8.857143,13.828571,8.0]},"faces":{"east":{"uv":[9.25,15.25,8.75,15.3125],"rotation":0,"texture":"#0","tintindex":0},"south":{"uv":[8.6875,15.375,8.25,15.4375],"rotation":0,"texture":"#0","tintindex":0},"north":{"uv":[15.8125,8.0,15.375,8.0625],"rotation":0,"texture":"#0","tintindex":0},"west":{"uv":[15.75,4.5,15.25,4.5625],"rotation":0,"texture":"#0","tintindex":0},"up":{"uv":[12.75,10.5,13.1875,10.0],"rotation":0,"texture":"#0","tintindex":0},"down":{"uv":[10.375,12.75,10.8125,13.25],"rotation":0,"texture":"#0","tintindex":0}}},{"from":[8.0,-10.857143,4.5714283],"to":[14.857143,-1.4285717,11.428572],"rotation":{"angle":0.0,"axis":"y","origin":[11.428572,-1.4285717,8.0]},"faces":{"east":{"uv":[11.5,0.0,11.0,0.6875],"rotation":0,"texture":"#0","tintindex":0},"south":{"uv":[0.5,11.0,0.0,11.6875],"rotation":0,"texture":"#0","tintindex":0},"north":{"uv":[9.75,10.875,9.25,11.5625],"rotation":0,"texture":"#0","tintindex":0},"west":{"uv":[10.25,10.875,9.75,11.5625],"rotation":0,"texture":"#0","tintindex":0},"up":{"uv":[12.375,6.875,12.875,6.375],"rotation":0,"texture":"#0","tintindex":0},"down":{"uv":[12.375,11.125,12.875,11.625],"rotation":0,"texture":"#0","tintindex":0}}}],"display":{"head":{"translation":[0.0,-6.4,0.0],"scale":[4.0,4.0,4.0]}}}