{"textures":{"0":"modelengine:entity/kil-jaeden"},"elements":[{"from":[9.285714,-12.571428,7.5714283],"to":[15.285715,14.857145,7.5714283],"rotation":{"angle":0.0,"axis":"y","origin":[10.571428,14.857145,7.5714283]},"faces":{"east":{"uv":[0.0,0.0,0.0,2.0],"rotation":0,"texture":"#0","tintindex":0},"south":{"uv":[6.0,6.75,6.4375,8.75],"rotation":0,"texture":"#0","tintindex":0},"north":{"uv":[6.4375,6.75,6.0,8.75],"rotation":0,"texture":"#0","tintindex":0},"west":{"uv":[0.0,0.0,0.0,2.0],"rotation":0,"texture":"#0","tintindex":0},"up":{"uv":[0.0,0.0,0.4375,0.0],"rotation":0,"texture":"#0","tintindex":0},"down":{"uv":[0.0,0.0,0.4375,0.0],"rotation":0,"texture":"#0","tintindex":0}}},{"from":[6.285714,15.714288,6.285714],"to":[9.714286,19.14286,9.714286],"rotation":{"angle":0.0,"axis":"y","origin":[8.0,17.428574,8.0]},"faces":{"east":{"uv":[10.375,14.5,10.125,14.75],"rotation":0,"texture":"#0","tintindex":0},"south":{"uv":[10.125,14.5,9.875,14.75],"rotation":0,"texture":"#0","tintindex":0},"north":{"uv":[14.75,9.375,14.5,9.625],"rotation":0,"texture":"#0","tintindex":0},"west":{"uv":[9.875,14.5,9.625,14.75],"rotation":0,"texture":"#0","tintindex":0},"up":{"uv":[14.5,10.375,14.75,10.125],"rotation":0,"texture":"#0","tintindex":0},"down":{"uv":[14.5,10.75,14.75,11.0],"rotation":0,"texture":"#0","tintindex":0}}},{"from":[6.285714,-11.714285,6.285714],"to":[9.714286,-8.285713,9.714286],"rotation":{"angle":0.0,"axis":"y","origin":[8.0,-10.0,8.0]},"faces":{"east":{"uv":[12.625,14.5,12.375,14.75],"rotation":0,"texture":"#0","tintindex":0},"south":{"uv":[12.375,14.5,12.125,14.75],"rotation":0,"texture":"#0","tintindex":0},"north":{"uv":[14.75,11.375,14.5,11.625],"rotation":0,"texture":"#0","tintindex":0},"west":{"uv":[12.125,14.5,11.875,14.75],"rotation":0,"texture":"#0","tintindex":0},"up":{"uv":[13.0,14.75,13.25,14.5],"rotation":0,"texture":"#0","tintindex":0},"down":{"uv":[13.25,14.5,13.5,14.75],"rotation":0,"texture":"#0","tintindex":0}}},{"from":[6.714286,-8.285713,6.714286],"to":[9.285714,15.714288,9.285714],"rotation":{"angle":0.0,"axis":"y","origin":[8.0,15.714288,8.0]},"faces":{"east":{"uv":[8.3125,11.125,8.125,12.875],"rotation":0,"texture":"#0","tintindex":0},"south":{"uv":[8.0625,11.125,7.875,12.875],"rotation":0,"texture":"#0","tintindex":0},"north":{"uv":[7.5625,11.125,7.375,12.875],"rotation":0,"texture":"#0","tintindex":0},"west":{"uv":[7.8125,11.125,7.625,12.875],"rotation":0,"texture":"#0","tintindex":0},"up":{"uv":[15.125,13.6875,15.3125,13.5],"rotation":0,"texture":"#0","tintindex":0},"down":{"uv":[15.125,13.75,15.3125,13.9375],"rotation":0,"texture":"#0","tintindex":0}}},{"from":[6.714286,-13.42857,6.714286],"to":[9.285714,-11.714285,9.285714],"rotation":{"angle":0.0,"axis":"y","origin":[8.0,-11.714285,8.0]},"faces":{"east":{"uv":[15.5625,13.875,15.375,14.0],"rotation":0,"texture":"#0","tintindex":0},"south":{"uv":[15.5625,13.75,15.375,13.875],"rotation":0,"texture":"#0","tintindex":0},"north":{"uv":[15.5625,13.5,15.375,13.625],"rotation":0,"texture":"#0","tintindex":0},"west":{"uv":[15.5625,13.625,15.375,13.75],"rotation":0,"texture":"#0","tintindex":0},"up":{"uv":[14.25,15.3125,14.4375,15.125],"rotation":0,"texture":"#0","tintindex":0},"down":{"uv":[15.125,14.25,15.3125,14.4375],"rotation":0,"texture":"#0","tintindex":0}}},{"from":[7.142857,-14.714287,7.142857],"to":[8.857143,-13.0,8.857143],"rotation":{"angle":-22.5,"axis":"z","origin":[8.0,-13.0,8.0]},"faces":{"east":{"uv":[5.125,13.875,5.0,14.0],"rotation":0,"texture":"#0","tintindex":0},"south":{"uv":[14.0,4.125,13.875,4.25],"rotation":0,"texture":"#0","tintindex":0},"north":{"uv":[13.875,3.75,13.75,3.875],"rotation":0,"texture":"#0","tintindex":0},"west":{"uv":[4.375,13.75,4.25,13.875],"rotation":0,"texture":"#0","tintindex":0},"up":{"uv":[7.875,14.125,8.0,14.0],"rotation":0,"texture":"#0","tintindex":0},"down":{"uv":[8.625,14.0,8.75,14.125],"rotation":0,"texture":"#0","tintindex":0}}},{"from":[-2.7142859,-10.0,8.857143],"to":[6.714286,17.428574,8.857143],"rotation":{"angle":0.0,"axis":"y","origin":[5.428571,17.428574,8.857143]},"faces":{"east":{"uv":[0.0,0.0,0.0,2.0],"rotation":0,"texture":"#0","tintindex":0},"south":{"uv":[1.5,4.25,2.1875,6.25],"rotation":0,"texture":"#0","tintindex":0},"north":{"uv":[2.1875,4.25,1.5,6.25],"rotation":0,"texture":"#0","tintindex":0},"west":{"uv":[0.0,0.0,0.0,2.0],"rotation":0,"texture":"#0","tintindex":0},"up":{"uv":[0.0,0.0,0.6875,0.0],"rotation":0,"texture":"#0","tintindex":0},"down":{"uv":[0.0,0.0,0.6875,0.0],"rotation":0,"texture":"#0","tintindex":0}}},{"from":[7.142857,-16.0,7.5714283],"to":[8.0,-14.285713,8.428572],"rotation":{"angle":-45.0,"axis":"z","origin":[7.5714283,-14.285713,8.0]},"faces":{"east":{"uv":[1.5625,15.625,1.5,15.75],"rotation":0,"texture":"#0","tintindex":0},"south":{"uv":[1.4375,15.625,1.375,15.75],"rotation":0,"texture":"#0","tintindex":0},"north":{"uv":[1.1875,15.625,1.125,15.75],"rotation":0,"texture":"#0","tintindex":0},"west":{"uv":[1.3125,15.625,1.25,15.75],"rotation":0,"texture":"#0","tintindex":0},"up":{"uv":[15.625,5.4375,15.6875,5.375],"rotation":0,"texture":"#0","tintindex":0},"down":{"uv":[15.625,5.5,15.6875,5.5625],"rotation":0,"texture":"#0","tintindex":0}}}],"display":{"head":{"translation":[0.0,-44.114296,0.0],"scale":[4.0,4.0,4.0]}}}