{"textures":{"0":"modelengine:entity/kil-jaeden"},"elements":[{"from":[6.285714,19.142857,6.285714],"to":[9.714286,22.57143,9.714286],"rotation":{"angle":0.0,"axis":"y","origin":[8.0,20.857143,8.0]},"faces":{"east":{"uv":[1.125,14.5,0.875,14.75],"rotation":0,"texture":"#0","tintindex":0},"south":{"uv":[4.625,13.125,4.375,13.375],"rotation":0,"texture":"#0","tintindex":0},"north":{"uv":[2.625,12.75,2.375,13.0],"rotation":0,"texture":"#0","tintindex":0},"west":{"uv":[13.375,3.875,13.125,4.125],"rotation":0,"texture":"#0","tintindex":0},"up":{"uv":[1.125,14.75,1.375,14.5],"rotation":0,"texture":"#0","tintindex":0},"down":{"uv":[1.375,14.5,1.625,14.75],"rotation":0,"texture":"#0","tintindex":0}}},{"from":[6.285714,-10.0,6.285714],"to":[9.714286,-4.8571434,9.714286],"rotation":{"angle":0.0,"axis":"y","origin":[8.0,-6.57143,8.0]},"faces":{"east":{"uv":[6.125,14.125,5.875,14.5],"rotation":0,"texture":"#0","tintindex":0},"south":{"uv":[12.25,8.625,12.0,9.0],"rotation":0,"texture":"#0","tintindex":0},"north":{"uv":[8.875,9.75,8.625,10.125],"rotation":0,"texture":"#0","tintindex":0},"west":{"uv":[4.875,12.0,4.625,12.375],"rotation":0,"texture":"#0","tintindex":0},"up":{"uv":[1.625,14.75,1.875,14.5],"rotation":0,"texture":"#0","tintindex":0},"down":{"uv":[1.875,14.5,2.125,14.75],"rotation":0,"texture":"#0","tintindex":0}}},{"from":[6.714286,-4.8571434,6.714286],"to":[9.285714,19.142857,9.285714],"rotation":{"angle":0.0,"axis":"y","origin":[8.0,19.142857,8.0]},"faces":{"east":{"uv":[4.3125,11.0,4.125,12.75],"rotation":0,"texture":"#0","tintindex":0},"south":{"uv":[4.0625,11.0,3.875,12.75],"rotation":0,"texture":"#0","tintindex":0},"north":{"uv":[10.4375,10.875,10.25,12.625],"rotation":0,"texture":"#0","tintindex":0},"west":{"uv":[1.4375,11.0,1.25,12.75],"rotation":0,"texture":"#0","tintindex":0},"up":{"uv":[15.125,6.9375,15.3125,6.75],"rotation":0,"texture":"#0","tintindex":0},"down":{"uv":[15.125,8.375,15.3125,8.5625],"rotation":0,"texture":"#0","tintindex":0}}},{"from":[6.714286,-13.428574,6.714286],"to":[9.285714,-10.0,9.285714],"rotation":{"angle":0.0,"axis":"y","origin":[8.0,-10.0,8.0]},"faces":{"east":{"uv":[1.5625,15.0,1.375,15.25],"rotation":0,"texture":"#0","tintindex":0},"south":{"uv":[15.1875,1.25,15.0,1.5],"rotation":0,"texture":"#0","tintindex":0},"north":{"uv":[15.1875,1.0,15.0,1.25],"rotation":0,"texture":"#0","tintindex":0},"west":{"uv":[1.3125,15.0,1.125,15.25],"rotation":0,"texture":"#0","tintindex":0},"up":{"uv":[15.125,9.9375,15.3125,9.75],"rotation":0,"texture":"#0","tintindex":0},"down":{"uv":[15.125,10.375,15.3125,10.5625],"rotation":0,"texture":"#0","tintindex":0}}},{"from":[7.142857,-14.714287,7.142857],"to":[8.857143,-13.0,8.857143],"rotation":{"angle":-22.5,"axis":"z","origin":[8.0,-13.0,8.0]},"faces":{"east":{"uv":[11.875,12.5,11.75,12.625],"rotation":0,"texture":"#0","tintindex":0},"south":{"uv":[9.0,12.5,8.875,12.625],"rotation":0,"texture":"#0","tintindex":0},"north":{"uv":[5.5,11.625,5.375,11.75],"rotation":0,"texture":"#0","tintindex":0},"west":{"uv":[12.25,2.25,12.125,2.375],"rotation":0,"texture":"#0","tintindex":0},"up":{"uv":[12.625,0.625,12.75,0.5],"rotation":0,"texture":"#0","tintindex":0},"down":{"uv":[12.625,1.625,12.75,1.75],"rotation":0,"texture":"#0","tintindex":0}}},{"from":[-2.7142859,-8.285715,8.857143],"to":[6.714286,20.857143,8.857143],"rotation":{"angle":0.0,"axis":"y","origin":[5.428571,20.857143,8.857143]},"faces":{"east":{"uv":[0.0,0.0,0.0,2.125],"rotation":0,"texture":"#0","tintindex":0},"south":{"uv":[2.75,0.875,3.4375,3.0],"rotation":0,"texture":"#0","tintindex":0},"north":{"uv":[3.4375,0.875,2.75,3.0],"rotation":0,"texture":"#0","tintindex":0},"west":{"uv":[0.0,0.0,0.0,2.125],"rotation":0,"texture":"#0","tintindex":0},"up":{"uv":[0.0,0.0,0.6875,0.0],"rotation":0,"texture":"#0","tintindex":0},"down":{"uv":[0.0,0.0,0.6875,0.0],"rotation":0,"texture":"#0","tintindex":0}}},{"from":[7.142857,-16.0,7.5714283],"to":[8.0,-14.285717,8.428572],"rotation":{"angle":-45.0,"axis":"z","origin":[7.5714283,-14.285717,8.0]},"faces":{"east":{"uv":[0.6875,15.625,0.625,15.75],"rotation":0,"texture":"#0","tintindex":0},"south":{"uv":[15.6875,0.5,15.625,0.625],"rotation":0,"texture":"#0","tintindex":0},"north":{"uv":[0.4375,15.625,0.375,15.75],"rotation":0,"texture":"#0","tintindex":0},"west":{"uv":[15.6875,0.375,15.625,0.5],"rotation":0,"texture":"#0","tintindex":0},"up":{"uv":[5.0,15.6875,5.0625,15.625],"rotation":0,"texture":"#0","tintindex":0},"down":{"uv":[15.625,5.0,15.6875,5.0625],"rotation":0,"texture":"#0","tintindex":0}}}],"display":{"head":{"translation":[0.0,-57.828575,0.0],"scale":[4.0,4.0,4.0]}}}