{"textures":{"0":"modelengine:entity/kil-jaeden"},"elements":[{"from":[4.6571426,-0.05714321,3.7999997],"to":[13.914286,10.057143,13.057142],"rotation":{"angle":0.0,"axis":"y","origin":[8.0,8.0,8.0]},"faces":{"east":{"uv":[5.5,9.5,4.875,10.1875],"rotation":0,"texture":"#0","tintindex":0},"south":{"uv":[10.125,2.0,9.5,2.6875],"rotation":0,"texture":"#0","tintindex":0},"north":{"uv":[6.375,9.375,5.75,10.0625],"rotation":0,"texture":"#0","tintindex":0},"west":{"uv":[9.5,9.375,8.875,10.0625],"rotation":0,"texture":"#0","tintindex":0},"up":{"uv":[9.875,5.0,10.5,4.375],"rotation":0,"texture":"#0","tintindex":0},"down":{"uv":[9.875,5.75,10.5,6.375],"rotation":0,"texture":"#0","tintindex":0}}},{"from":[5.0,-5.714287,4.142857],"to":[13.571428,0.28571415,12.714286],"rotation":{"angle":0.0,"axis":"y","origin":[9.714286,0.28571415,8.0]},"faces":{"east":{"uv":[12.75,9.5,12.125,9.9375],"rotation":0,"texture":"#0","tintindex":0},"south":{"uv":[9.625,12.125,9.0,12.5625],"rotation":0,"texture":"#0","tintindex":0},"north":{"uv":[12.75,1.75,12.125,2.1875],"rotation":0,"texture":"#0","tintindex":0},"west":{"uv":[12.75,4.375,12.125,4.8125],"rotation":0,"texture":"#0","tintindex":0},"up":{"uv":[1.75,10.5,2.375,9.875],"rotation":0,"texture":"#0","tintindex":0},"down":{"uv":[9.875,3.75,10.5,4.375],"rotation":0,"texture":"#0","tintindex":0}}},{"from":[6.3714285,-10.342857,3.7999997],"to":[13.057142,-3.6571436,12.200001],"rotation":{"angle":0.0,"axis":"y","origin":[9.714286,-5.714287,8.0]},"faces":{"east":{"uv":[13.1875,7.875,12.625,8.3125],"rotation":0,"texture":"#0","tintindex":0},"south":{"uv":[13.6875,8.625,13.25,9.0625],"rotation":0,"texture":"#0","tintindex":0},"north":{"uv":[13.6875,7.5,13.25,7.9375],"rotation":0,"texture":"#0","tintindex":0},"west":{"uv":[13.1875,7.375,12.625,7.8125],"rotation":0,"texture":"#0","tintindex":0},"up":{"uv":[8.875,13.1875,9.3125,12.625],"rotation":0,"texture":"#0","tintindex":0},"down":{"uv":[9.375,12.625,9.8125,13.1875],"rotation":0,"texture":"#0","tintindex":0}}},{"from":[12.285715,10.571428,3.7142854],"to":[14.0,14.857143,12.285715],"rotation":{"angle":0.0,"axis":"y","origin":[14.0,15.714286,7.142857]},"faces":{"east":{"uv":[13.875,1.25,13.25,1.5625],"rotation":0,"texture":"#0","tintindex":0},"south":{"uv":[12.875,15.0,12.75,15.3125],"rotation":0,"texture":"#0","tintindex":0},"north":{"uv":[12.75,15.0,12.625,15.3125],"rotation":0,"texture":"#0","tintindex":0},"west":{"uv":[13.875,0.875,13.25,1.1875],"rotation":0,"texture":"#0","tintindex":0},"up":{"uv":[10.875,15.0,11.0,14.375],"rotation":0,"texture":"#0","tintindex":0},"down":{"uv":[11.0,14.375,11.125,15.0],"rotation":0,"texture":"#0","tintindex":0}}},{"from":[12.285715,10.571428,0.28571415],"to":[14.0,14.0,3.7142854],"rotation":{"angle":45.0,"axis":"y","origin":[14.0,15.714286,3.7142854]},"faces":{"east":{"uv":[11.375,14.625,11.125,14.875],"rotation":0,"texture":"#0","tintindex":0},"south":{"uv":[9.625,15.25,9.5,15.5],"rotation":0,"texture":"#0","tintindex":0},"north":{"uv":[15.375,9.375,15.25,9.625],"rotation":0,"texture":"#0","tintindex":0},"west":{"uv":[14.875,10.375,14.625,10.625],"rotation":0,"texture":"#0","tintindex":0},"up":{"uv":[9.625,15.5,9.75,15.25],"rotation":0,"texture":"#0","tintindex":0},"down":{"uv":[15.25,13.0,15.375,13.25],"rotation":0,"texture":"#0","tintindex":0}}},{"from":[13.142858,4.5714283,0.28571415],"to":[14.857143,10.571428,3.7142854],"rotation":{"angle":45.0,"axis":"y","origin":[14.857143,12.285715,3.7142854]},"faces":{"east":{"uv":[3.75,14.0,3.5,14.4375],"rotation":0,"texture":"#0","tintindex":0},"south":{"uv":[11.625,14.875,11.5,15.3125],"rotation":0,"texture":"#0","tintindex":0},"north":{"uv":[11.5,14.875,11.375,15.3125],"rotation":0,"texture":"#0","tintindex":0},"west":{"uv":[14.25,2.5,14.0,2.9375],"rotation":0,"texture":"#0","tintindex":0},"up":{"uv":[9.25,15.5,9.375,15.25],"rotation":0,"texture":"#0","tintindex":0},"down":{"uv":[9.375,15.25,9.5,15.5],"rotation":0,"texture":"#0","tintindex":0}}},{"from":[13.142858,4.142857,3.7142854],"to":[14.857143,10.571428,12.285715],"rotation":{"angle":0.0,"axis":"y","origin":[14.857143,12.285715,7.142857]},"faces":{"east":{"uv":[12.25,3.875,11.625,4.375],"rotation":0,"texture":"#0","tintindex":0},"south":{"uv":[8.25,14.5,8.125,15.0],"rotation":0,"texture":"#0","tintindex":0},"north":{"uv":[3.0,13.75,2.875,14.25],"rotation":0,"texture":"#0","tintindex":0},"west":{"uv":[12.25,3.375,11.625,3.875],"rotation":0,"texture":"#0","tintindex":0},"up":{"uv":[8.5,15.0,8.625,14.375],"rotation":0,"texture":"#0","tintindex":0},"down":{"uv":[14.375,9.0,14.5,9.625],"rotation":0,"texture":"#0","tintindex":0}}},{"from":[13.142858,4.5714283,12.285715],"to":[14.857143,10.571428,15.714286],"rotation":{"angle":-45.0,"axis":"y","origin":[14.857143,12.285715,12.285715]},"faces":{"east":{"uv":[7.125,13.875,6.875,14.3125],"rotation":0,"texture":"#0","tintindex":0},"south":{"uv":[11.375,14.875,11.25,15.3125],"rotation":0,"texture":"#0","tintindex":0},"north":{"uv":[11.25,14.875,11.125,15.3125],"rotation":0,"texture":"#0","tintindex":0},"west":{"uv":[10.875,13.75,10.625,14.1875],"rotation":0,"texture":"#0","tintindex":0},"up":{"uv":[15.25,9.125,15.375,8.875],"rotation":0,"texture":"#0","tintindex":0},"down":{"uv":[15.25,9.125,15.375,9.375],"rotation":0,"texture":"#0","tintindex":0}}},{"from":[12.285715,10.571428,12.285715],"to":[14.0,14.0,15.714286],"rotation":{"angle":-45.0,"axis":"y","origin":[14.0,15.714286,12.285715]},"faces":{"east":{"uv":[14.875,7.875,14.625,8.125],"rotation":0,"texture":"#0","tintindex":0},"south":{"uv":[0.375,15.25,0.25,15.5],"rotation":0,"texture":"#0","tintindex":0},"north":{"uv":[13.75,15.125,13.625,15.375],"rotation":0,"texture":"#0","tintindex":0},"west":{"uv":[14.875,7.625,14.625,7.875],"rotation":0,"texture":"#0","tintindex":0},"up":{"uv":[3.875,15.5,4.0,15.25],"rotation":0,"texture":"#0","tintindex":0},"down":{"uv":[7.625,15.25,7.75,15.5],"rotation":0,"texture":"#0","tintindex":0}}},{"from":[14.428572,1.1428566,12.285715],"to":[15.285715,4.5714283,15.714286],"rotation":{"angle":-45.0,"axis":"y","origin":[15.285715,6.285714,12.285715]},"faces":{"east":{"uv":[14.875,7.375,14.625,7.625],"rotation":0,"texture":"#0","tintindex":0},"south":{"uv":[15.5625,5.25,15.5,5.5],"rotation":0,"texture":"#0","tintindex":0},"north":{"uv":[5.3125,15.5,5.25,15.75],"rotation":0,"texture":"#0","tintindex":0},"west":{"uv":[7.375,14.625,7.125,14.875],"rotation":0,"texture":"#0","tintindex":0},"up":{"uv":[5.5,15.75,5.5625,15.5],"rotation":0,"texture":"#0","tintindex":0},"down":{"uv":[5.625,15.5,5.6875,15.75],"rotation":0,"texture":"#0","tintindex":0}}},{"from":[14.428572,0.28571415,3.7142854],"to":[15.285715,4.142857,12.285715],"rotation":{"angle":0.0,"axis":"y","origin":[15.285715,5.8571424,7.142857]},"faces":{"east":{"uv":[12.875,13.125,12.25,13.4375],"rotation":0,"texture":"#0","tintindex":0},"south":{"uv":[3.0625,15.5,3.0,15.8125],"rotation":0,"texture":"#0","tintindex":0},"north":{"uv":[2.9375,15.5,2.875,15.8125],"rotation":0,"texture":"#0","tintindex":0},"west":{"uv":[12.25,13.125,11.625,13.4375],"rotation":0,"texture":"#0","tintindex":0},"up":{"uv":[12.375,15.625,12.4375,15.0],"rotation":0,"texture":"#0","tintindex":0},"down":{"uv":[12.5,15.0,12.5625,15.625],"rotation":0,"texture":"#0","tintindex":0}}},{"from":[14.857143,-1.8571434,3.7142854],"to":[15.714286,0.28571415,12.285715],"rotation":{"angle":0.0,"axis":"y","origin":[15.714286,3.7142854,7.142857]},"faces":{"east":{"uv":[14.5,10.875,13.875,11.0625],"rotation":0,"texture":"#0","tintindex":0},"south":{"uv":[13.9375,15.5,13.875,15.6875],"rotation":0,"texture":"#0","tintindex":0},"north":{"uv":[13.8125,15.5,13.75,15.6875],"rotation":0,"texture":"#0","tintindex":0},"west":{"uv":[14.5,5.25,13.875,5.4375],"rotation":0,"texture":"#0","tintindex":0},"up":{"uv":[12.125,15.625,12.1875,15.0],"rotation":0,"texture":"#0","tintindex":0},"down":{"uv":[12.25,15.0,12.3125,15.625],"rotation":0,"texture":"#0","tintindex":0}}},{"from":[14.857143,-0.57142925,12.285715],