{"textures":{"0":"modelengine:entity/kil-jaeden"},"elements":[{"from":[6.285714,9.714288,6.285714],"to":[9.714286,13.142859,9.714286],"rotation":{"angle":0.0,"axis":"y","origin":[8.0,11.428574,8.0]},"faces":{"east":{"uv":[9.375,14.5,9.125,14.75],"rotation":0,"texture":"#0","tintindex":0},"south":{"uv":[14.75,8.875,14.5,9.125],"rotation":0,"texture":"#0","tintindex":0},"north":{"uv":[14.75,8.625,14.5,8.875],"rotation":0,"texture":"#0","tintindex":0},"west":{"uv":[9.125,14.5,8.875,14.75],"rotation":0,"texture":"#0","tintindex":0},"up":{"uv":[14.5,9.375,14.75,9.125],"rotation":0,"texture":"#0","tintindex":0},"down":{"uv":[9.375,14.5,9.625,14.75],"rotation":0,"texture":"#0","tintindex":0}}},{"from":[6.714286,-14.285713,6.714286],"to":[9.285714,9.714288,9.285714],"rotation":{"angle":0.0,"axis":"y","origin":[8.0,9.714288,8.0]},"faces":{"east":{"uv":[7.3125,11.125,7.125,12.875],"rotation":0,"texture":"#0","tintindex":0},"south":{"uv":[11.1875,11.0,11.0,12.75],"rotation":0,"texture":"#0","tintindex":0},"north":{"uv":[10.6875,11.0,10.5,12.75],"rotation":0,"texture":"#0","tintindex":0},"west":{"uv":[10.9375,11.0,10.75,12.75],"rotation":0,"texture":"#0","tintindex":0},"up":{"uv":[15.125,13.4375,15.3125,13.25],"rotation":0,"texture":"#0","tintindex":0},"down":{"uv":[13.375,15.125,13.5625,15.3125],"rotation":0,"texture":"#0","tintindex":0}}},{"from":[-1.0,-14.285713,8.857143],"to":[6.714286,13.142859,8.857143],"rotation":{"angle":0.0,"axis":"y","origin":[5.428571,13.142859,8.857143]},"faces":{"east":{"uv":[0.0,0.0,0.0,2.0],"rotation":0,"texture":"#0","tintindex":0},"south":{"uv":[2.25,5.125,2.8125,7.125],"rotation":0,"texture":"#0","tintindex":0},"north":{"uv":[2.8125,5.125,2.25,7.125],"rotation":0,"texture":"#0","tintindex":0},"west":{"uv":[0.0,0.0,0.0,2.0],"rotation":0,"texture":"#0","tintindex":0},"up":{"uv":[0.0,0.0,0.5625,0.0],"rotation":0,"texture":"#0","tintindex":0},"down":{"uv":[0.0,0.0,0.5625,0.0],"rotation":0,"texture":"#0","tintindex":0}}},{"from":[9.285714,-16.0,8.428572],"to":[13.571428,11.428574,8.428572],"rotation":{"angle":0.0,"axis":"y","origin":[10.571428,11.428574,8.428572]},"faces":{"east":{"uv":[0.0,0.0,0.0,2.0],"rotation":0,"texture":"#0","tintindex":0},"south":{"uv":[4.625,7.125,4.9375,9.125],"rotation":0,"texture":"#0","tintindex":0},"north":{"uv":[4.9375,7.125,4.625,9.125],"rotation":0,"texture":"#0","tintindex":0},"west":{"uv":[0.0,0.0,0.0,2.0],"rotation":0,"texture":"#0","tintindex":0},"up":{"uv":[0.0,0.0,0.3125,0.0],"rotation":0,"texture":"#0","tintindex":0},"down":{"uv":[0.0,0.0,0.3125,0.0],"rotation":0,"texture":"#0","tintindex":0}}}],"display":{"head":{"translation":[0.0,-20.114294,0.0],"scale":[4.0,4.0,4.0]}}}