{"textures":{"0":"modelengine:entity/kil-jaeden"},"elements":[{"from":[6.285714,18.285715,6.285714],"to":[9.714286,26.857143,9.714286],"rotation":{"angle":0.0,"axis":"y","origin":[8.0,16.57143,8.0]},"faces":{"east":{"uv":[7.625,13.375,7.375,14.0],"rotation":0,"texture":"#0","tintindex":0},"south":{"uv":[7.375,13.375,7.125,14.0],"rotation":0,"texture":"#0","tintindex":0},"north":{"uv":[7.125,13.25,6.875,13.875],"rotation":0,"texture":"#0","tintindex":0},"west":{"uv":[13.625,6.125,13.375,6.75],"rotation":0,"texture":"#0","tintindex":0},"up":{"uv":[6.125,12.75,6.375,12.5],"rotation":0,"texture":"#0","tintindex":0},"down":{"uv":[1.25,12.75,1.5,13.0],"rotation":0,"texture":"#0","tintindex":0}}},{"from":[6.285714,6.285714,6.285714],"to":[9.714286,9.714286,9.714286],"rotation":{"angle":0.0,"axis":"y","origin":[8.0,8.0,8.0]},"faces":{"east":{"uv":[6.375,14.625,6.125,14.875],"rotation":0,"texture":"#0","tintindex":0},"south":{"uv":[14.875,6.0,14.625,6.25],"rotation":0,"texture":"#0","tintindex":0},"north":{"uv":[14.875,5.5,14.625,5.75],"rotation":0,"texture":"#0","tintindex":0},"west":{"uv":[14.875,5.75,14.625,6.0],"rotation":0,"texture":"#0","tintindex":0},"up":{"uv":[14.625,6.5,14.875,6.25],"rotation":0,"texture":"#0","tintindex":0},"down":{"uv":[6.375,14.625,6.625,14.875],"rotation":0,"texture":"#0","tintindex":0}}},{"from":[5.8571424,9.714286,5.8571424],"to":[10.142858,18.285715,10.142858],"rotation":{"angle":0.0,"axis":"y","origin":[8.0,13.142858,8.0]},"faces":{"east":{"uv":[13.4375,10.5,13.125,11.125],"rotation":0,"texture":"#0","tintindex":0},"south":{"uv":[4.3125,13.125,4.0,13.75],"rotation":0,"texture":"#0","tintindex":0},"north":{"uv":[6.0625,13.0,5.75,13.625],"rotation":0,"texture":"#0","tintindex":0},"west":{"uv":[11.5625,13.0,11.25,13.625],"rotation":0,"texture":"#0","tintindex":0},"up":{"uv":[1.5,14.4375,1.8125,14.125],"rotation":0,"texture":"#0","tintindex":0},"down":{"uv":[14.125,2.0,14.4375,2.3125],"rotation":0,"texture":"#0","tintindex":0}}},{"from":[9.714286,6.285714,7.142857],"to":[15.714286,26.857143,7.142857],"rotation":{"angle":0.0,"axis":"y","origin":[11.0,6.285714,7.142857]},"faces":{"east":{"uv":[0.0,0.0,0.0,1.5],"rotation":0,"texture":"#0","tintindex":0},"south":{"uv":[4.125,7.125,4.5625,8.625],"rotation":0,"texture":"#0","tintindex":0},"north":{"uv":[4.5625,7.125,4.125,8.625],"rotation":0,"texture":"#0","tintindex":0},"west":{"uv":[0.0,0.0,0.0,1.5],"rotation":0,"texture":"#0","tintindex":0},"up":{"uv":[0.0,0.0,0.4375,0.0],"rotation":0,"texture":"#0","tintindex":0},"down":{"uv":[0.0,0.0,0.4375,0.0],"rotation":0,"texture":"#0","tintindex":0}}}],"display":{"head":{"translation":[0.0,-6.4,0.0],"scale":[4.0,4.0,4.0]}}}