{"textures":{"0":"modelengine:entity/kil-jaeden"},"elements":[{"from":[5.0857143,4.4,5.0857143],"to":[10.914286,9.3714285,10.914286],"rotation":{"angle":0.0,"axis":"y","origin":[8.0,9.028571,8.0]},"faces":{"east":{"uv":[9.875,13.75,9.5,14.0625],"rotation":0,"texture":"#0","tintindex":0},"south":{"uv":[9.5,13.75,9.125,14.0625],"rotation":0,"texture":"#0","tintindex":0},"north":{"uv":[14.125,8.625,13.75,8.9375],"rotation":0,"texture":"#0","tintindex":0},"west":{"uv":[9.125,13.75,8.75,14.0625],"rotation":0,"texture":"#0","tintindex":0},"up":{"uv":[10.75,7.125,11.125,6.75],"rotation":0,"texture":"#0","tintindex":0},"down":{"uv":[5.125,13.625,5.5,14.0],"rotation":0,"texture":"#0","tintindex":0}}},{"from":[3.7142854,-0.99998856,4.1312017],"to":[12.285715,5.857155,11.845488],"rotation":{"angle":22.5,"axis":"x","origin":[8.0,4.5714283,8.0]},"faces":{"east":{"uv":[9.8125,11.625,9.25,12.125],"rotation":0,"texture":"#0","tintindex":0},"south":{"uv":[12.25,0.625,11.625,1.125],"rotation":0,"texture":"#0","tintindex":0},"north":{"uv":[12.125,10.875,11.5,11.375],"rotation":0,"texture":"#0","tintindex":0},"west":{"uv":[12.1875,9.0,11.625,9.5],"rotation":0,"texture":"#0","tintindex":0},"up":{"uv":[10.5,6.6875,11.125,6.125],"rotation":0,"texture":"#0","tintindex":0},"down":{"uv":[7.125,10.5,7.75,11.0625],"rotation":0,"texture":"#0","tintindex":0}}},{"from":[3.2857141,-2.7142744,2.845487],"to":[12.714286,7.5714407,2.845487],"rotation":{"angle":22.5,"axis":"x","origin":[8.0,4.5714283,6.285714]},"faces":{"east":{"uv":[0.0,0.0,0.0,0.75],"rotation":0,"texture":"#0","tintindex":0},"south":{"uv":[9.4375,2.0,8.75,2.75],"rotation":0,"texture":"#0","tintindex":0},"north":{"uv":[9.4375,2.0,8.75,2.75],"rotation":0,"texture":"#0","tintindex":0},"west":{"uv":[0.0,0.0,0.0,0.75],"rotation":0,"texture":"#0","tintindex":0},"up":{"uv":[0.0,0.0,0.6875,0.0],"rotation":0,"texture":"#0","tintindex":0},"down":{"uv":[0.0,0.0,0.6875,0.0],"rotation":0,"texture":"#0","tintindex":0}}},{"from":[4.5714283,-2.7142744,1.9883442],"to":[11.428572,7.5714407,1.9883442],"rotation":{"angle":22.5,"axis":"x","origin":[8.0,4.5714283,5.428571]},"faces":{"east":{"uv":[0.0,0.0,0.0,0.75],"rotation":0,"texture":"#0","tintindex":0},"south":{"uv":[11.0,0.75,10.5,1.5],"rotation":0,"texture":"#0","tintindex":0},"north":{"uv":[11.0,0.75,10.5,1.5],"rotation":0,"texture":"#0","tintindex":0},"west":{"uv":[0.0,0.0,0.0,0.75],"rotation":0,"texture":"#0","tintindex":0},"up":{"uv":[0.0,0.0,0.5,0.0],"rotation":0,"texture":"#0","tintindex":0},"down":{"uv":[0.0,0.0,0.5,0.0],"rotation":0,"texture":"#0","tintindex":0}}},{"from":[4.142857,-4.6857157,1.9999995],"to":[11.857143,1.3142858,9.714286],"rotation":{"angle":0.0,"axis":"y","origin":[8.0,1.3142858,5.8571424]},"faces":{"east":{"uv":[13.1875,6.875,12.625,7.3125],"rotation":0,"texture":"#0","tintindex":0},"south":{"uv":[13.1875,5.375,12.625,5.8125],"rotation":0,"texture":"#0","tintindex":0},"north":{"uv":[13.1875,1.125,12.625,1.5625],"rotation":0,"texture":"#0","tintindex":0},"west":{"uv":[13.1875,4.875,12.625,5.3125],"rotation":0,"texture":"#0","tintindex":0},"up":{"uv":[5.75,11.9375,6.3125,11.375],"rotation":0,"texture":"#0","tintindex":0},"down":{"uv":[11.375,7.125,11.9375,7.6875],"rotation":0,"texture":"#0","tintindex":0}}},{"from":[7.4,-4.6857157,0.11428547],"to":[12.542857,-1.257144,2.6857138],"rotation":{"angle":-45.0,"axis":"y","origin":[9.542857,-2.1142864,1.3999996]},"faces":{"east":{"uv":[15.0625,10.375,14.875,10.625],"rotation":0,"texture":"#0","tintindex":0},"south":{"uv":[5.75,11.75,5.375,12.0],"rotation":0,"texture":"#0","tintindex":0},"north":{"uv":[10.875,9.125,10.5,9.375],"rotation":0,"texture":"#0","tintindex":0},"west":{"uv":[15.0625,6.75,14.875,7.0],"rotation":0,"texture":"#0","tintindex":0},"up":{"uv":[11.5,14.5625,11.875,14.375],"rotation":0,"texture":"#0","tintindex":0},"down":{"uv":[14.375,12.0,14.75,12.1875],"rotation":0,"texture":"#0","tintindex":0}}},{"from":[5.1714287,-4.6857157,-0.74285793],"to":[8.6,-1.257144,4.3999996],"rotation":{"angle":-45.0,"axis":"y","origin":[6.457143,-2.1142864,1.3999996]},"faces":{"east":{"uv":[10.125,1.75,9.75,2.0],"rotation":0,"texture":"#0","tintindex":0},"south":{"uv":[10.125,5.0,9.875,5.25],"rotation":0,"texture":"#0","tintindex":0},"north":{"uv":[8.875,8.125,8.625,8.375],"rotation":0,"texture":"#0","tintindex":0},"west":{"uv":[7.0,8.75,6.625,9.0],"rotation":0,"texture":"#0","tintindex":0},"up":{"uv":[1.875,8.125,2.125,7.75],"rotation":0,"texture":"#0","tintindex":0},"down":{"uv":[6.375,9.375,6.625,9.75],"rotation":0,"texture":"#0","tintindex":0}}},{"from":[7.4,-1.257144,1.1428566],"to":[10.828571,0.45714283,3.7142854],"rotation":{"angle":-45.0,"axis":"y","origin":[9.542857,-0.40000057,2.4285712]},"faces":{"east":{"uv":[15.5625,8.375,15.375,8.5],"rotation":0,"texture":"#0","tintindex":0},"south":{"uv":[11.625,9.0,11.375,9.125],"rotation":0,"texture":"#0","tintindex":0},"north":{"uv":[11.625,6.0,11.375,6.125],"rotation":0,"texture":"#0","tintindex":0},"west":{"uv":[15.5625,8.25,15.375,8.375],"rotation":0,"texture":"#0","tintindex":0},"up":{"uv":[11.625,15.0625,11.875,14.875],"rotation":0,"texture":"#0","tintindex":0},"down":{"uv":[14.875,11.625,15.125,11.8125],"rotation":0,"texture":"#0","tintindex":0}}},{"from":[5.1714287,-1.257144,0.28571415],"to":[8.6,0.45714283,3.7142854],"rotation":{"angle":-45.0,"axis":"y","origin":[6.457143,-0.40000057,2.4285712]},"faces":{"east":{"uv":[11.125,9.625,10.875,9.75],"rotation":0,"texture":"#0","tintindex":0},"south":{"uv":[9.5,10.125,9.25,10.25],"rotation":0,"texture":"#0","tintindex":0},"north":{"uv":[6.625,3.25,6.375,3.375],"rotation":0,"texture":"#0","tintindex":0},"west":{"uv":[7.875,1.5,7.625,1.625],"rotation":0,"texture":"#0","tintindex":0},"up":{"uv":[10.5,1.75,10.75,1.5],"rotation":0,"texture":"#0","tintindex":0},"down":{"uv":[11.625,5.875,11.875,6.125],"rotation":0,"texture":"#0","tintindex":0}}}],"display":{"head":{"translation":[0.0,-6.4,0.0],"scale":[4.0,4.0,4.0]}}}