{"textures":{"0":"modelengine:entity/kil-jaeden"},"elements":[{"from":[3.7142854,1.9999995,3.7142854],"to":[12.285715,5.428571,12.285715],"rotation":{"angle":0.0,"axis":"y","origin":[8.0,6.285714,8.0]},"faces":{"east":{"uv":[14.0,5.875,13.375,6.125],"rotation":0,"texture":"#0","tintindex":0},"south":{"uv":[5.75,13.375,5.125,13.625],"rotation":0,"texture":"#0","tintindex":0},"north":{"uv":[9.875,3.75,9.25,4.0],"rotation":0,"texture":"#0","tintindex":0},"west":{"uv":[14.0,4.25,13.375,4.5],"rotation":0,"texture":"#0","tintindex":0},"up":{"uv":[10.125,2.375,10.75,1.75],"rotation":0,"texture":"#0","tintindex":0},"down":{"uv":[10.125,5.0,10.75,5.625],"rotation":0,"texture":"#0","tintindex":0}}},{"from":[2.8571424,5.428571,2.8571424],"to":[13.142858,8.0,13.142858],"rotation":{"angle":0.0,"axis":"y","origin":[8.0,8.0,8.0]},"faces":{"east":{"uv":[14.375,6.875,13.625,7.0625],"rotation":0,"texture":"#0","tintindex":0},"south":{"uv":[14.375,6.625,13.625,6.8125],"rotation":0,"texture":"#0","tintindex":0},"north":{"uv":[14.375,6.125,13.625,6.3125],"rotation":0,"texture":"#0","tintindex":0},"west":{"uv":[14.375,6.375,13.625,6.5625],"rotation":0,"texture":"#0","tintindex":0},"up":{"uv":[2.625,9.25,3.375,8.5],"rotation":0,"texture":"#0","tintindex":0},"down":{"uv":[8.5,3.25,9.25,4.0],"rotation":0,"texture":"#0","tintindex":0}}},{"from":[4.5714283,-2.285715,4.142857],"to":[12.285715,1.9999995,11.857143],"rotation":{"angle":0.0,"axis":"y","origin":[8.428572,1.9999995,8.0]},"faces":{"east":{"uv":[2.9375,13.375,2.375,13.6875],"rotation":0,"texture":"#0","tintindex":0},"south":{"uv":[2.3125,13.375,1.75,13.6875],"rotation":0,"texture":"#0","tintindex":0},"north":{"uv":[13.4375,13.25,12.875,13.5625],"rotation":0,"texture":"#0","tintindex":0},"west":{"uv":[1.6875,13.375,1.125,13.6875],"rotation":0,"texture":"#0","tintindex":0},"up":{"uv":[11.375,8.3125,11.9375,7.75],"rotation":0,"texture":"#0","tintindex":0},"down":{"uv":[11.375,8.375,11.9375,8.9375],"rotation":0,"texture":"#0","tintindex":0}}},{"from":[5.428571,-4.8571434,4.5714283],"to":[12.285715,-2.285715,11.428572],"rotation":{"angle":0.0,"axis":"y","origin":[8.857143,-2.285715,8.0]},"faces":{"east":{"uv":[2.875,14.25,2.375,14.4375],"rotation":0,"texture":"#0","tintindex":0},"south":{"uv":[2.375,14.25,1.875,14.4375],"rotation":0,"texture":"#0","tintindex":0},"north":{"uv":[14.75,1.25,14.25,1.4375],"rotation":0,"texture":"#0","tintindex":0},"west":{"uv":[14.75,1.625,14.25,1.8125],"rotation":0,"texture":"#0","tintindex":0},"up":{"uv":[12.375,12.125,12.875,11.625],"rotation":0,"texture":"#0","tintindex":0},"down":{"uv":[12.375,12.125,12.875,12.625],"rotation":0,"texture":"#0","tintindex":0}}},{"from":[4.5714283,-6.5714293,3.7142854],"to":[13.142858,-4.8571434,12.285715],"rotation":{"angle":0.0,"axis":"y","origin":[8.857143,-4.000001,8.0]},"faces":{"east":{"uv":[14.875,5.125,14.25,5.25],"rotation":0,"texture":"#0","tintindex":0},"south":{"uv":[14.875,1.875,14.25,2.0],"rotation":0,"texture":"#0","tintindex":0},"north":{"uv":[0.625,6.875,0.0,7.0],"rotation":0,"texture":"#0","tintindex":0},"west":{"uv":[14.625,8.125,14.0,8.25],"rotation":0,"texture":"#0","tintindex":0},"up":{"uv":[5.75,10.75,6.375,10.125],"rotation":0,"texture":"#0","tintindex":0},"down":{"uv":[8.625,10.125,9.25,10.75],"rotation":0,"texture":"#0","tintindex":0}}},{"from":[13.142858,-6.5714293,4.5714283],"to":[14.857143,-4.8571434,11.428572],"rotation":{"angle":0.0,"axis":"y","origin":[8.857143,-4.000001,8.0]},"faces":{"east":{"uv":[15.125,3.75,14.625,3.875],"rotation":0,"texture":"#0","tintindex":0},"south":{"uv":[6.625,15.5,6.5,15.625],"rotation":0,"texture":"#0","tintindex":0},"north":{"uv":[15.625,6.375,15.5,6.5],"rotation":0,"texture":"#0","tintindex":0},"west":{"uv":[15.0,11.0,14.5,11.125],"rotation":0,"texture":"#0","tintindex":0},"up":{"uv":[10.375,15.0,10.5,14.5],"rotation":0,"texture":"#0","tintindex":0},"down":{"uv":[12.625,14.5,12.75,15.0],"rotation":0,"texture":"#0","tintindex":0}}},{"from":[8.0,-4.8571434,2.8571424],"to":[9.714286,3.7142854,4.5714283],"rotation":{"angle":0.0,"axis":"y","origin":[8.857143,-2.285715,7.142857]},"faces":{"east":{"uv":[8.5,14.375,8.375,15.0],"rotation":0,"texture":"#0","tintindex":0},"south":{"uv":[8.375,14.375,8.25,15.0],"rotation":0,"texture":"#0","tintindex":0},"north":{"uv":[5.875,14.375,5.75,15.0],"rotation":0,"texture":"#0","tintindex":0},"west":{"uv":[7.875,14.375,7.75,15.0],"rotation":0,"texture":"#0","tintindex":0},"up":{"uv":[14.375,11.5,14.5,11.375],"rotation":0,"texture":"#0","tintindex":0},"down":{"uv":[11.875,14.375,12.0,14.5],"rotation":0,"texture":"#0","tintindex":0}}},{"from":[7.142857,3.7142854,1.9999995],"to":[10.571428,7.142857,3.7142854],"rotation":{"angle":0.0,"axis":"y","origin":[8.857143,1.1428566,6.285714]},"faces":{"east":{"uv":[14.875,15.25,14.75,15.5],"rotation":0,"texture":"#0","tintindex":0},"south":{"uv":[14.875,12.25,14.625,12.5],"rotation":0,"texture":"#0","tintindex":0},"north":{"uv":[14.875,11.625,14.625,11.875],"rotation":0,"texture":"#0","tintindex":0},"west":{"uv":[15.375,14.5,15.25,14.75],"rotation":0,"texture":"#0","tintindex":0},"up":{"uv":[14.375,7.5,14.625,7.375],"rotation":0,"texture":"#0","tintindex":0},"down":{"uv":[15.25,9.625,15.5,9.75],"rotation":0,"texture":"#0","tintindex":0}}},{"from":[7.5714283,4.142857,0.28571415],"to":[10.142858,6.714286,1.9999995],"rotation":{"angle":0.0,"axis":"y","origin":[8.857143,5.428571,1.1428566]},"faces":{"east":{"uv":[0.25,15.5,0.125,15.6875],"rotation":0,"texture":"#0","tintindex":0},"south":{"uv":[1.3125,15.25,1.125,15.4375],"rotation":0,"texture":"#0","tintindex":0},"north":{"uv":[15.4375,1.0,15.25,1.1875],"rotation":0,"texture":"#0","tintindex":0},"west":{"uv":[15.625,0.0,15.5,0.1875],"rotation":0,"texture":"#0","tintindex":0},"up":{"uv":[0.25,15.625,0.4375,15.5],"rotation":0,"texture":"#0","tintindex":0},"down":{"uv":[15.5,0.25,15.6875,0.375],"rotation":0,"texture":"#0","tintindex":0}}},{"from":[8.0,4.485714,-1.0],"to":[9.714286,6.2,0.7142854],"rotation":{"angle":-22.5,"axis":"x","origin":[8.857143,5.342857,-0.14285755]},"faces":{"east":{"uv":[15.0,6.375,14.875,6.5],"rotation":0,"texture":"#0","tintindex":0},"south":{"uv":[14.875,7.25,14.75,7.375],"rotation":0,"texture":"#0","tintindex":0},"north":{"uv":[14.75,11.875,14.625,12.0],"rotation":0,"texture":"#0","tintindex":0},"west":{"uv":[14.75,14.5,14.625,14.625],"rotation":0,"texture":"#0","tintindex":0},"up":{"uv":[15.125,3.875,15.25,3.75],"rotation":0,"texture":"#0","tintindex":0},"down":{"uv":[15.125,7.875,15.25,8.0],"rotation":0,"texture":"#0","tintindex":0}}},{"from":[8.428572,4.0571427,-2.285715],"to":[9.285714,4.9142857,-0.57142925],"rotation":{"angle":-45.0,"axis":"x","origin":[8.857143,4.485714,-1.4285717]},"faces":{"east":{"uv":[3.625,15.625,3.5,15.6875],"rotation":0,"texture":"#0","tintindex":0},"south":{"uv":[15.6875,6.125,15.625,6.1875],"rotation":0,"texture":"#0","tintindex":0},"north":{"uv":[15.6875,6.0,15.625,6.0625],"rotation":0,"texture":"#0","tintindex":0},"west":{"uv":[15.75,3.375,15.625,3.4375],"rotation":0,"texture":"#0","tintindex":0},"up":{"uv":[15.625,3.625,15.6875,3.5],"rotation":0,"texture":"#0","tintindex":0},"down":{"uv":[15.625,3.625,15.6875,3.75],"rotation":0,"texture":"#0","tintindex":0}}},{"from":[7.142857,3.7142854,12.285715],"to":[10.571428,7.142857,14.0],"rotation":{"angle":0.0,"axis":"y","origin":[8.857143,1.1428566,9.714286]},"faces":{"east":{"uv":[14.75,15.25,14.875,15.5],"rotation":0,"texture":"#0","tintindex":0},"south":{"uv":[14.625,11.625,14.875,11.875],"rotation":0,"texture":"#0","tintindex":0},"north":{"uv":[14.625,12.25,14.875,12.5],"rotation":0,"texture":"#0","tintindex":0},"west":{"uv":[15.25,14.5,15.375,14.75],"rotation":0,"texture":"#0","tintindex":0},"up":{"uv":[14.375,7.375,14.625,7.5],"rotation":0,"texture":"#0","tintindex":0},"down":{"uv":[15.25,9.75,15.5,9.625],"rotation":0,"texture":"#0","tintindex":0}}},{"from":[7.5714283,4.142857,14.0],"to":[10.142858,6.714286,15.714286],"rotation":{"angle":0.0,"axis":"y",