{"textures":{"0":"modelengine:entity/kil-jaeden"},"elements":[{"from":[7.3540807,-1.1649122,7.5714283],"to":[8.639795,1.4065166,8.428572],"rotation":{"angle":-45.0,"axis":"z","origin":[8.0,0.7142854,8.0]},"faces":{"east":{"uv":[13.1875,15.5,13.125,15.6875],"rotation":0,"texture":"#0","tintindex":0},"south":{"uv":[12.125,15.375,12.0,15.5625],"rotation":0,"texture":"#0","tintindex":0},"north":{"uv":[15.5,11.875,15.375,12.0625],"rotation":0,"texture":"#0","tintindex":0},"west":{"uv":[13.0625,15.5,13.0,15.6875],"rotation":0,"texture":"#0","tintindex":0},"up":{"uv":[15.5,15.5625,15.625,15.5],"rotation":0,"texture":"#0","tintindex":0},"down":{"uv":[15.625,0.0,15.75,0.0625],"rotation":0,"texture":"#0","tintindex":0}}},{"from":[7.142857,-0.57142925,7.142857],"to":[9.285714,3.7142854,8.857143],"rotation":{"angle":-22.5,"axis":"z","origin":[9.285714,3.7142854,8.0]},"faces":{"east":{"uv":[11.0,15.0,10.875,15.3125],"rotation":0,"texture":"#0","tintindex":0},"south":{"uv":[6.3125,14.875,6.125,15.1875],"rotation":0,"texture":"#0","tintindex":0},"north":{"uv":[15.0625,5.875,14.875,6.1875],"rotation":0,"texture":"#0","tintindex":0},"west":{"uv":[10.875,15.0,10.75,15.3125],"rotation":0,"texture":"#0","tintindex":0},"up":{"uv":[15.375,12.375,15.5625,12.25],"rotation":0,"texture":"#0","tintindex":0},"down":{"uv":[15.375,12.375,15.5625,12.5],"rotation":0,"texture":"#0","tintindex":0}}},{"from":[6.542857,3.5428572,6.9714284],"to":[9.457143,9.028571,9.028571],"rotation":{"angle":0.0,"axis":"y","origin":[8.0,8.0,8.0]},"faces":{"east":{"uv":[1.125,15.0,1.0,15.375],"rotation":0,"texture":"#0","tintindex":0},"south":{"uv":[14.1875,14.375,14.0,14.75],"rotation":0,"texture":"#0","tintindex":0},"north":{"uv":[13.9375,14.375,13.75,14.75],"rotation":0,"texture":"#0","tintindex":0},"west":{"uv":[1.0,15.0,0.875,15.375],"rotation":0,"texture":"#0","tintindex":0},"up":{"uv":[15.375,12.625,15.5625,12.5],"rotation":0,"texture":"#0","tintindex":0},"down":{"uv":[12.625,15.375,12.8125,15.5],"rotation":0,"texture":"#0","tintindex":0}}}],"display":{"head":{"translation":[0.0,-6.4,0.0],"scale":[4.0,4.0,4.0]}}}