{"textures":{"0":"modelengine:entity/kil-jaeden"},"elements":[{"from":[3.7999997,4.2285714,4.2285714],"to":[12.200001,10.914286,11.771429],"rotation":{"angle":0.0,"axis":"y","origin":[8.0,9.714286,18.285715]},"faces":{"east":{"uv":[13.375,6.375,12.875,6.8125],"rotation":0,"texture":"#0","tintindex":0},"south":{"uv":[12.9375,12.625,12.375,13.0625],"rotation":0,"texture":"#0","tintindex":0},"north":{"uv":[12.3125,12.625,11.75,13.0625],"rotation":0,"texture":"#0","tintindex":0},"west":{"uv":[13.375,6.375,12.875,6.8125],"rotation":0,"texture":"#0","tintindex":0},"up":{"uv":[8.375,12.5,8.9375,12.0],"rotation":0,"texture":"#0","tintindex":0},"down":{"uv":[11.25,12.0,11.8125,12.5],"rotation":0,"texture":"#0","tintindex":0}}},{"from":[4.142857,4.0571427,0.45714283],"to":[11.857143,4.0571427,8.171429],"rotation":{"angle":45.0,"axis":"x","origin":[8.0,4.5714283,4.5714283]},"faces":{"east":{"uv":[0.5625,0.0,0.0,0.0],"rotation":0,"texture":"#0","tintindex":0},"south":{"uv":[0.5625,0.0,0.0,0.0],"rotation":0,"texture":"#0","tintindex":0},"north":{"uv":[0.5625,0.0,0.0,0.0],"rotation":0,"texture":"#0","tintindex":0},"west":{"uv":[0.5625,0.0,0.0,0.0],"rotation":0,"texture":"#0","tintindex":0},"up":{"uv":[0.5,12.0625,1.0625,11.5],"rotation":0,"texture":"#0","tintindex":0},"down":{"uv":[0.5,11.5,1.0625,12.0625],"rotation":0,"texture":"#0","tintindex":0}}},{"from":[3.2857141,3.7142854,-0.40000057],"to":[12.714286,3.7142854,9.028571],"rotation":{"angle":45.0,"axis":"x","origin":[8.0,4.5714283,4.5714283]},"faces":{"east":{"uv":[0.6875,0.0,0.0,0.0],"rotation":0,"texture":"#0","tintindex":0},"south":{"uv":[0.6875,0.0,0.0,0.0],"rotation":0,"texture":"#0","tintindex":0},"north":{"uv":[0.6875,0.0,0.0,0.0],"rotation":0,"texture":"#0","tintindex":0},"west":{"uv":[0.6875,0.0,0.0,0.0],"rotation":0,"texture":"#0","tintindex":0},"up":{"uv":[7.375,9.6875,8.0625,9.0],"rotation":0,"texture":"#0","tintindex":0},"down":{"uv":[7.375,9.0,8.0625,9.6875],"rotation":0,"texture":"#0","tintindex":0}}},{"from":[3.7142854,3.7142854,9.714286],"to":[12.285715,11.428572,16.57143],"rotation":{"angle":0.0,"axis":"y","origin":[8.0,4.5714283,18.285715]},"faces":{"east":{"uv":[12.625,0.0,12.125,0.5625],"rotation":0,"texture":"#0","tintindex":0},"south":{"uv":[9.25,10.75,8.625,11.3125],"rotation":0,"texture":"#0","tintindex":0},"north":{"uv":[6.375,10.75,5.75,11.3125],"rotation":0,"texture":"#0","tintindex":0},"west":{"uv":[12.625,0.0,12.125,0.5625],"rotation":0,"texture":"#0","tintindex":0},"up":{"uv":[11.625,2.875,12.25,2.375],"rotation":0,"texture":"#0","tintindex":0},"down":{"uv":[11.625,2.875,12.25,3.375],"rotation":0,"texture":"#0","tintindex":0}}}],"display":{"head":{"translation":[0.0,-6.4,0.0],"scale":[4.0,4.0,4.0]}}}