{"textures":{"0":"modelengine:entity/kil-jaeden"},"elements":[{"from":[6.1142855,3.5428572,7.4],"to":[9.028571,9.028571,9.457143],"rotation":{"angle":0.0,"axis":"y","origin":[8.0,8.0,8.0]},"faces":{"east":{"uv":[10.875,7.625,10.75,8.0],"rotation":0,"texture":"#0","tintindex":0},"south":{"uv":[14.5625,12.625,14.375,13.0],"rotation":0,"texture":"#0","tintindex":0},"north":{"uv":[14.5625,12.25,14.375,12.625],"rotation":0,"texture":"#0","tintindex":0},"west":{"uv":[5.0,9.125,4.875,9.5],"rotation":0,"texture":"#0","tintindex":0},"up":{"uv":[10.125,15.5,10.3125,15.375],"rotation":0,"texture":"#0","tintindex":0},"down":{"uv":[15.375,10.125,15.5625,10.25],"rotation":0,"texture":"#0","tintindex":0}}},{"from":[6.285714,0.28571415,7.5714283],"to":[8.428572,3.7142854,9.285714],"rotation":{"angle":22.5,"axis":"z","origin":[6.285714,3.7142854,8.0]},"faces":{"east":{"uv":[1.25,13.125,1.125,13.375],"rotation":0,"texture":"#0","tintindex":0},"south":{"uv":[15.1875,0.75,15.0,1.0],"rotation":0,"texture":"#0","tintindex":0},"north":{"uv":[15.1875,0.5,15.0,0.75],"rotation":0,"texture":"#0","tintindex":0},"west":{"uv":[8.875,13.0,8.75,13.25],"rotation":0,"texture":"#0","tintindex":0},"up":{"uv":[15.375,10.375,15.5625,10.25],"rotation":0,"texture":"#0","tintindex":0},"down":{"uv":[10.375,15.375,10.5625,15.5],"rotation":0,"texture":"#0","tintindex":0}}},{"from":[7.103062,-0.30776882,8.0],"to":[8.388777,2.2636595,8.857143],"rotation":{"angle":45.0,"axis":"z","origin":[7.5714283,0.7142854,8.0]},"faces":{"east":{"uv":[11.9375,15.5,11.875,15.6875],"rotation":0,"texture":"#0","tintindex":0},"south":{"uv":[10.75,15.375,10.625,15.5625],"rotation":0,"texture":"#0","tintindex":0},"north":{"uv":[15.5,10.375,15.375,10.5625],"rotation":0,"texture":"#0","tintindex":0},"west":{"uv":[11.8125,15.5,11.75,15.6875],"rotation":0,"texture":"#0","tintindex":0},"up":{"uv":[15.125,15.5625,15.25,15.5],"rotation":0,"texture":"#0","tintindex":0},"down":{"uv":[15.5,15.125,15.625,15.1875],"rotation":0,"texture":"#0","tintindex":0}}}],"display":{"head":{"translation":[0.0,-6.4,0.0],"scale":[4.0,4.0,4.0]}}}