{"textures":{"0":"modelengine:entity/kil-jaeden"},"elements":[{"from":[-1.000001,5.8571424,5.8571424],"to":[3.2857141,10.142858,10.142858],"rotation":{"angle":0.0,"axis":"y","origin":[1.1428566,8.0,8.0]},"faces":{"east":{"uv":[0.6875,14.125,0.375,14.4375],"rotation":0,"texture":"#0","tintindex":0},"south":{"uv":[14.3125,12.75,14.0,13.0625],"rotation":0,"texture":"#0","tintindex":0},"north":{"uv":[14.3125,12.375,14.0,12.6875],"rotation":0,"texture":"#0","tintindex":0},"west":{"uv":[13.0625,14.0,12.75,14.3125],"rotation":0,"texture":"#0","tintindex":0},"up":{"uv":[0.75,14.4375,1.0625,14.125],"rotation":0,"texture":"#0","tintindex":0},"down":{"uv":[1.125,14.125,1.4375,14.4375],"rotation":0,"texture":"#0","tintindex":0}}},{"from":[3.2857141,6.285714,6.285714],"to":[8.428572,9.714286,9.714286],"rotation":{"angle":0.0,"axis":"y","origin":[3.2857141,8.0,8.0]},"faces":{"east":{"uv":[14.875,3.5,14.625,3.75],"rotation":0,"texture":"#0","tintindex":0},"south":{"uv":[14.625,2.375,14.25,2.625],"rotation":0,"texture":"#0","tintindex":0},"north":{"uv":[0.375,14.25,0.0,14.5],"rotation":0,"texture":"#0","tintindex":0},"west":{"uv":[14.875,3.25,14.625,3.5],"rotation":0,"texture":"#0","tintindex":0},"up":{"uv":[14.25,2.875,14.625,2.625],"rotation":0,"texture":"#0","tintindex":0},"down":{"uv":[2.875,14.25,3.25,14.5],"rotation":0,"texture":"#0","tintindex":0}}},{"from":[8.428572,4.142857,5.8571424],"to":[18.714287,10.142858,10.142858],"rotation":{"angle":0.0,"axis":"y","origin":[8.428572,8.0,8.0]},"faces":{"east":{"uv":[14.0625,2.0,13.75,2.4375],"rotation":0,"texture":"#0","tintindex":0},"south":{"uv":[11.875,6.625,11.125,7.0625],"rotation":0,"texture":"#0","tintindex":0},"north":{"uv":[11.875,6.125,11.125,6.5625],"rotation":0,"texture":"#0","tintindex":0},"west":{"uv":[13.4375,13.625,13.125,14.0625],"rotation":0,"texture":"#0","tintindex":0},"up":{"uv":[12.75,2.3125,13.5,2.0],"rotation":0,"texture":"#0","tintindex":0},"down":{"uv":[12.75,2.375,13.5,2.6875],"rotation":0,"texture":"#0","tintindex":0}}},{"from":[18.714287,6.285714,6.285714],"to":[23.857143,9.714286,9.714286],"rotation":{"angle":22.5,"axis":"z","origin":[18.714287,6.285714,8.0]},"faces":{"east":{"uv":[4.5,14.625,4.25,14.875],"rotation":0,"texture":"#0","tintindex":0},"south":{"uv":[14.625,3.125,14.25,3.375],"rotation":0,"texture":"#0","tintindex":0},"north":{"uv":[14.625,2.875,14.25,3.125],"rotation":0,"texture":"#0","tintindex":0},"west":{"uv":[4.25,14.625,4.0,14.875],"rotation":0,"texture":"#0","tintindex":0},"up":{"uv":[14.25,3.625,14.625,3.375],"rotation":0,"texture":"#0","tintindex":0},"down":{"uv":[14.25,3.625,14.625,3.875],"rotation":0,"texture":"#0","tintindex":0}}},{"from":[22.142857,8.0,6.714286],"to":[25.571428,11.428572,9.285714],"rotation":{"angle":0.0,"axis":"y","origin":[22.142857,11.428572,8.0]},"faces":{"east":{"uv":[15.1875,1.625,15.0,1.875],"rotation":0,"texture":"#0","tintindex":0},"south":{"uv":[5.0,14.625,4.75,14.875],"rotation":0,"texture":"#0","tintindex":0},"north":{"uv":[4.75,14.625,4.5,14.875],"rotation":0,"texture":"#0","tintindex":0},"west":{"uv":[1.8125,15.0,1.625,15.25],"rotation":0,"texture":"#0","tintindex":0},"up":{"uv":[1.875,15.1875,2.125,15.0],"rotation":0,"texture":"#0","tintindex":0},"down":{"uv":[15.0,2.0,15.25,2.1875],"rotation":0,"texture":"#0","tintindex":0}}},{"from":[25.571428,8.428572,7.142857],"to":[29.0,11.0,8.857143],"rotation":{"angle":-22.5,"axis":"z","origin":[25.571428,11.0,8.0]},"faces":{"east":{"uv":[14.375,15.375,14.25,15.5625],"rotation":0,"texture":"#0","tintindex":0},"south":{"uv":[2.625,15.0,2.375,15.1875],"rotation":0,"texture":"#0","tintindex":0},"north":{"uv":[2.375,15.0,2.125,15.1875],"rotation":0,"texture":"#0","tintindex":0},"west":{"uv":[15.5,14.0,15.375,14.1875],"rotation":0,"texture":"#0","tintindex":0},"up":{"uv":[8.125,13.0,8.375,12.875],"rotation":0,"texture":"#0","tintindex":0},"down":{"uv":[13.375,6.75,13.625,6.875],"rotation":0,"texture":"#0","tintindex":0}}},{"from":[28.57143,8.857143,7.5714283],"to":[32.0,10.571428,8.428572],"rotation":{"angle":-22.5,"axis":"z","origin":[25.142859,10.571428,8.0]},"faces":{"east":{"uv":[1.8125,15.625,1.75,15.75],"rotation":0,"texture":"#0","tintindex":0},"south":{"uv":[14.0,5.75,13.75,5.875],"rotation":0,"texture":"#0","tintindex":0},"north":{"uv":[13.625,12.0,13.375,12.125],"rotation":0,"texture":"#0","tintindex":0},"west":{"uv":[1.6875,15.625,1.625,15.75],"rotation":0,"texture":"#0","tintindex":0},"up":{"uv":[15.5,4.0625,15.75,4.0],"rotation":0,"texture":"#0","tintindex":0},"down":{"uv":[15.5,4.125,15.75,4.1875],"rotation":0,"texture":"#0","tintindex":0}}}],"display":{"head":{"translation":[27.428574,-6.4,0.0],"scale":[4.0,4.0,4.0]}}}