{"textures":{"0":"modelengine:entity/kil-jaeden"},"elements":[{"from":[6.285714,3.885714,2.8571424],"to":[11.428572,8.171429,11.428572],"rotation":{"angle":0.0,"axis":"y","origin":[8.0,8.171429,8.0]},"faces":{"east":{"uv":[13.75,3.5,13.125,3.8125],"rotation":0,"texture":"#0","tintindex":0},"south":{"uv":[14.25,1.125,13.875,1.4375],"rotation":0,"texture":"#0","tintindex":0},"north":{"uv":[14.25,0.75,13.875,1.0625],"rotation":0,"texture":"#0","tintindex":0},"west":{"uv":[1.125,13.125,0.5,13.4375],"rotation":0,"texture":"#0","tintindex":0},"up":{"uv":[11.0,1.375,11.375,0.75],"rotation":0,"texture":"#0","tintindex":0},"down":{"uv":[2.0,12.75,2.375,13.375],"rotation":0,"texture":"#0","tintindex":0}}},{"from":[9.285714,2.1714282,2.4285712],"to":[12.714286,6.457143,11.857143],"rotation":{"angle":0.0,"axis":"y","origin":[8.0,8.171429,8.0]},"faces":{"east":{"uv":[3.0625,13.0,2.375,13.3125],"rotation":0,"texture":"#0","tintindex":0},"south":{"uv":[14.625,7.75,14.375,8.0625],"rotation":0,"texture":"#0","tintindex":0},"north":{"uv":[7.75,14.375,7.5,14.6875],"rotation":0,"texture":"#0","tintindex":0},"west":{"uv":[1.9375,13.0,1.25,13.3125],"rotation":0,"texture":"#0","tintindex":0},"up":{"uv":[4.75,4.0625,5.0,3.375],"rotation":0,"texture":"#0","tintindex":0},"down":{"uv":[0.75,7.875,1.0,8.5625],"rotation":0,"texture":"#0","tintindex":0}}}],"display":{"head":{"translation":[0.0,-6.4,0.0],"scale":[4.0,4.0,4.0]}}}