{"textures":{"0":"modelengine:entity/kil-jaeden"},"elements":[{"from":[0.722857,8.008572,2.0085711],"to":[15.2771435,15.705714,12.2771435],"rotation":{"angle":0.0,"axis":"y","origin":[8.0,8.0,8.0]},"faces":{"east":{"uv":[3.875,9.75,4.625,10.3125],"rotation":0,"texture":"#0","tintindex":0},"south":{"uv":[7.0,8.375,8.0625,8.9375],"rotation":0,"texture":"#0","tintindex":0},"north":{"uv":[8.125,6.75,9.1875,7.3125],"rotation":0,"texture":"#0","tintindex":0},"west":{"uv":[6.375,9.75,7.125,10.3125],"rotation":0,"texture":"#0","tintindex":0},"up":{"uv":[2.0625,7.75,1.0,7.0],"rotation":0,"texture":"#0","tintindex":0},"down":{"uv":[8.0625,6.75,7.0,7.5],"rotation":0,"texture":"#0","tintindex":0}}},{"from":[2.0171428,13.0742855,1.1600003],"to":[4.5542855,14.754286,1.9828563],"rotation":{"angle":22.5,"axis":"z","origin":[7.142857,13.057143,0.28571415]},"faces":{"east":{"uv":[14.125,15.5,14.1875,15.625],"rotation":0,"texture":"#0","tintindex":0},"south":{"uv":[8.875,15.375,9.0625,15.5],"rotation":0,"texture":"#0","tintindex":0},"north":{"uv":[15.375,8.5,15.5625,8.625],"rotation":0,"texture":"#0","tintindex":0},"west":{"uv":[15.5,14.125,15.5625,14.25],"rotation":0,"texture":"#0","tintindex":0},"up":{"uv":[15.6875,11.4375,15.5,11.375],"rotation":0,"texture":"#0","tintindex":0},"down":{"uv":[11.6875,15.5,11.5,15.5625],"rotation":0,"texture":"#0","tintindex":0}}},{"from":[11.445715,13.0742855,1.1600003],"to":[13.982857,14.754286,1.9828563],"rotation":{"angle":-22.5,"axis":"z","origin":[8.857143,13.057143,0.28571415]},"faces":{"east":{"uv":[15.5625,14.125,15.5,14.25],"rotation":0,"texture":"#0","tintindex":0},"south":{"uv":[9.0625,15.375,8.875,15.5],"rotation":0,"texture":"#0","tintindex":0},"north":{"uv":[15.5625,8.5,15.375,8.625],"rotation":0,"texture":"#0","tintindex":0},"west":{"uv":[14.1875,15.5,14.125,15.625],"rotation":0,"texture":"#0","tintindex":0},"up":{"uv":[15.5,11.4375,15.6875,11.375],"rotation":0,"texture":"#0","tintindex":0},"down":{"uv":[11.5,15.5,11.6875,15.5625],"rotation":0,"texture":"#0","tintindex":0}}},{"from":[0.7142854,10.142858,1.1428566],"to":[7.5714283,12.714286,1.9999995],"rotation":{"angle":22.5,"axis":"z","origin":[7.5714283,10.142858,0.28571415]},"faces":{"east":{"uv":[15.5,10.5,15.5625,10.6875],"rotation":0,"texture":"#0","tintindex":0},"south":{"uv":[14.125,13.25,14.625,13.4375],"rotation":0,"texture":"#0","tintindex":0},"north":{"uv":[14.0,11.5,14.5,11.6875],"rotation":0,"texture":"#0","tintindex":0},"west":{"uv":[15.5,10.75,15.5625,10.9375],"rotation":0,"texture":"#0","tintindex":0},"up":{"uv":[15.625,5.0625,15.125,5.0],"rotation":0,"texture":"#0","tintindex":0},"down":{"uv":[15.625,8.125,15.125,8.1875],"rotation":0,"texture":"#0","tintindex":0}}},{"from":[-1.8571434,11.0,1.1428566],"to":[2.4285712,13.571428,1.9999995],"rotation":{"angle":-22.5,"axis":"z","origin":[2.4285712,11.0,0.28571415]},"faces":{"east":{"uv":[11.125,15.5,11.1875,15.6875],"rotation":0,"texture":"#0","tintindex":0},"south":{"uv":[4.0,14.875,4.3125,15.0625],"rotation":0,"texture":"#0","tintindex":0},"north":{"uv":[14.875,3.5,15.1875,3.6875],"rotation":0,"texture":"#0","tintindex":0},"west":{"uv":[11.25,15.5,11.3125,15.6875],"rotation":0,"texture":"#0","tintindex":0},"up":{"uv":[15.8125,3.0625,15.5,3.0],"rotation":0,"texture":"#0","tintindex":0},"down":{"uv":[15.8125,3.125,15.5,3.1875],"rotation":0,"texture":"#0","tintindex":0}}},{"from":[-6.8971434,8.017143,2.0171428],"to":[-0.07428646,12.268572,12.268572],"rotation":{"angle":-45.0,"axis":"z","origin":[-0.05714321,8.0,9.714286]},"faces":{"east":{"uv":[12.75,0.5,13.5,0.8125],"rotation":0,"texture":"#0","tintindex":0},"south":{"uv":[13.375,3.875,13.875,4.1875],"rotation":0,"texture":"#0","tintindex":0},"north":{"uv":[3.5,13.375,4.0,13.6875],"rotation":0,"texture":"#0","tintindex":0},"west":{"uv":[12.75,1.625,13.5,1.9375],"rotation":0,"texture":"#0","tintindex":0},"up":{"uv":[2.75,5.0,2.25,4.25],"rotation":0,"texture":"#0","tintindex":0},"down":{"uv":[11.0,0.0,10.5,0.75],"rotation":0,"texture":"#0","tintindex":0}}},{"from":[-4.8571434,12.8,1.9999995],"to":[20.857143,18.8,12.285715],"rotation":{"angle":0.0,"axis":"y","origin":[8.0,14.514286,9.714286]},"faces":{"east":{"uv":[10.875,9.125,11.625,9.5625],"rotation":0,"texture":"#0","tintindex":0},"south":{"uv":[6.625,3.75,8.5,4.1875],"rotation":0,"texture":"#0","tintindex":0},"north":{"uv":[6.625,3.25,8.5,3.6875],"rotation":0,"texture":"#0","tintindex":0},"west":{"uv":[0.5,11.0,1.25,11.4375],"rotation":0,"texture":"#0","tintindex":0},"up":{"uv":[2.625,4.25,0.75,3.5],"rotation":0,"texture":"#0","tintindex":0},"down":{"uv":[5.375,0.875,3.5,1.625],"rotation":0,"texture":"#0","tintindex":0}}},{"from":[4.5714283,13.657143,1.1428566],"to":[7.5714283,15.3714285,1.9999995],"rotation":{"angle":0.0,"axis":"y","origin":[8.0,14.514286,8.857143]},"faces":{"east":{"uv":[14.0,15.5,14.0625,15.625],"rotation":0,"texture":"#0","tintindex":0},"south":{"uv":[5.125,12.375,5.375,12.5],"rotation":0,"texture":"#0","tintindex":0},"north":{"uv":[9.0,12.0,9.25,12.125],"rotation":0,"texture":"#0","tintindex":0},"west":{"uv":[15.5,14.0,15.5625,14.125],"rotation":0,"texture":"#0","tintindex":0},"up":{"uv":[15.75,3.3125,15.5,3.25],"rotation":0,"texture":"#0","tintindex":0},"down":{"uv":[3.625,15.5,3.375,15.5625],"rotation":0,"texture":"#0","tintindex":0}}},{"from":[2.8571424,14.085714,1.1428566],"to":[4.5714283,15.3714285,1.9999995],"rotation":{"angle":0.0,"axis":"y","origin":[6.285714,14.514286,8.857143]},"faces":{"east":{"uv":[15.5,14.25,15.5625,14.375],"rotation":0,"texture":"#0","tintindex":0},"south":{"uv":[2.125,7.0,2.25,7.125],"rotation":0,"texture":"#0","tintindex":0},"north":{"uv":[0.625,6.125,0.75,6.25],"rotation":0,"texture":"#0","tintindex":0},"west":{"uv":[15.5,14.375,15.5625,14.5],"rotation":0,"texture":"#0","tintindex":0},"up":{"uv":[15.625,14.5625,15.5,14.5],"rotation":0,"texture":"#0","tintindex":0},"down":{"uv":[15.625,14.625,15.5,14.6875],"rotation":0,"texture":"#0","tintindex":0}}},{"from":[13.571428,11.0,1.1428566],"to":[17.857143,13.571428,1.9999995],"rotation":{"angle":22.5,"axis":"z","origin":[13.571428,11.0,0.28571415]},"faces":{"east":{"uv":[11.3125,15.5,11.25,15.6875],"rotation":0,"texture":"#0","tintindex":0},"south":{"uv":[4.3125,14.875,4.0,15.0625],"rotation":0,"texture":"#0","tintindex":0},"north":{"uv":[15.1875,3.5,14.875,3.6875],"rotation":0,"texture":"#0","tintindex":0},"west":{"uv":[11.1875,15.5,11.125,15.6875],"rotation":0,"texture":"#0","tintindex":0},"up":{"uv":[15.5,3.0625,15.8125,3.0],"rotation":0,"texture":"#0","tintindex":0},"down":{"uv":[15.5,3.125,15.8125,3.1875],"rotation":0,"texture":"#0","tintindex":0}}},{"from":[8.428572,10.142858,1.1428566],"to":[15.285715,12.714286,1.9999995],"rotation":{"angle":-22.5,"axis":"z","origin":[8.428572,10.142858,0.28571415]},"faces":{"east":{"uv":[15.5625,10.75,15.5,10.9375],"rotation":0,"texture":"#0","tintindex":0},"south":{"uv":[14.625,13.25,14.125,13.4375],"rotation":0,"texture":"#0","tintindex":0},"north":{"uv":[14.5,11.5,14.0,11.6875],"rotation":0,"texture":"#0","tintindex":0},"west":{"uv":[15.5625,10.5,15.5,10.6875],"rotation":0,"texture":"#0","tintindex":0},"up":{"uv":[15.125,5.0625,15.625,5.0],"rotation":0,"texture":"#0","tintindex":0},"down":{"uv":[15.125,8.125,15.625,8.1875],"rotation":0,"texture":"#0","tintindex":0}}},{"from":[16.074287,8.017143,2.0171428],"to":[22.897144,12.268572,12.268572],"rotation":{"angle":45.0,"axis":"z","origin":[16.057144,8.0,9.714286]},"faces":{"east":{"uv":[13.5,1.625,12.75,1.9375],"rotation":0,"texture":"#0","tintindex":0},"south":{"uv":[13.875,3.875,13.375,4.1875],"rotation":0,"texture":"#0","tintindex":0},"north":{"uv":[4.0,13.375,3.5,13.6875],"rotation":0,"texture":"#0","tintindex":0},"west":{"uv":[13.5,0.5,12.75,0.8125],"rotation":0,"texture":"#0","tintindex":0},"up":{"uv":[2.25,5.0,2.75,4.25],"rotation":0,"texture":"#0","tintindex":0},"down":{"uv":[10.5,0.0,11.0,0.75],"rotation":0,"texture":"#0","tintindex":0}}},{"from":[8.428572,13.657143,1.1428566],