{"textures":{"0":"modelengine:entity/illidan"},"elements":[{"from":[4.285714,3.4285712,8.028571],"to":[11.714286,9.142858,8.028571],"rotation":{"angle":0.0,"axis":"y","origin":[8.0,8.0,8.028571]},"faces":{"east":{"uv":[0.0075,0.0075,0.0075,0.6175],"rotation":0,"texture":"#0","tintindex":0},"south":{"uv":[1.625,9.125,2.43,9.735],"rotation":0,"texture":"#0","tintindex":0},"north":{"uv":[1.6325,9.1325,2.4375,9.7425],"rotation":0,"texture":"#0","tintindex":0},"west":{"uv":[0.0075,0.0075,0.0075,0.6175],"rotation":0,"texture":"#0","tintindex":0},"up":{"uv":[0.8125,0.0075,0.0075,0.0075],"rotation":0,"texture":"#0","tintindex":0},"down":{"uv":[0.8125,0.0075,0.0075,0.0075],"rotation":0,"texture":"#0","tintindex":0}}}],"display":{"head":{"translation":[0.0,-6.4,0.0],"scale":[4.0,4.0,4.0]}}}