{"textures":{"0":"modelengine:entity/illidan"},"elements":[{"from":[5.428571,3.4285712,8.028571],"to":[10.571428,9.142858,8.028571],"rotation":{"angle":0.0,"axis":"y","origin":[8.0,8.0,8.028571]},"faces":{"east":{"uv":[0.0075,0.0075,0.0075,0.6175],"rotation":0,"texture":"#0","tintindex":0},"south":{"uv":[10.25,7.875,10.805,8.485],"rotation":0,"texture":"#0","tintindex":0},"north":{"uv":[10.2575,7.8825,10.8125,8.4925],"rotation":0,"texture":"#0","tintindex":0},"west":{"uv":[0.0075,0.0075,0.0075,0.6175],"rotation":0,"texture":"#0","tintindex":0},"up":{"uv":[0.5625,0.0075,0.0075,0.0075],"rotation":0,"texture":"#0","tintindex":0},"down":{"uv":[0.5625,0.0075,0.0075,0.0075],"rotation":0,"texture":"#0","tintindex":0}}}],"display":{"head":{"translation":[0.0,-6.4,0.0],"scale":[4.0,4.0,4.0]}}}