{"textures":{"0":"modelengine:entity/illidan"},"elements":[{"from":[7.857143,2.8571424,-14.857143],"to":[7.857143,15.428572,10.285715],"rotation":{"angle":0.0,"axis":"y","origin":[8.0,8.0,14.57143]},"faces":{"east":{"uv":[2.75,4.375,5.485,5.735],"rotation":0,"texture":"#0","tintindex":0},"south":{"uv":[0.0075,0.0075,0.0075,1.3675],"rotation":0,"texture":"#0","tintindex":0},"north":{"uv":[0.0075,0.0075,0.0075,1.3675],"rotation":0,"texture":"#0","tintindex":0},"west":{"uv":[5.4925,4.3825,2.7575,5.7425],"rotation":0,"texture":"#0","tintindex":0},"up":{"uv":[0.0075,0.0075,0.0075,2.7425],"rotation":0,"texture":"#0","tintindex":0},"down":{"uv":[0.0075,2.7425,0.0075,0.0075],"rotation":0,"texture":"#0","tintindex":0}}},{"from":[8.428572,2.8571424,-14.857143],"to":[8.428572,15.428572,10.285715],"rotation":{"angle":0.0,"axis":"y","origin":[8.571428,8.0,14.57143]},"faces":{"east":{"uv":[2.75,4.375,5.485,5.735],"rotation":0,"texture":"#0","tintindex":0},"south":{"uv":[0.0075,0.0075,0.0075,1.3675],"rotation":0,"texture":"#0","tintindex":0},"north":{"uv":[0.0075,0.0075,0.0075,1.3675],"rotation":0,"texture":"#0","tintindex":0},"west":{"uv":[5.4925,4.3825,2.7575,5.7425],"rotation":0,"texture":"#0","tintindex":0},"up":{"uv":[0.0075,0.0075,0.0075,2.7425],"rotation":0,"texture":"#0","tintindex":0},"down":{"uv":[0.0075,2.7425,0.0075,0.0075],"rotation":0,"texture":"#0","tintindex":0}}},{"from":[8.142858,2.8571424,-16.0],"to":[8.142858,16.57143,10.285715],"rotation":{"angle":0.0,"axis":"y","origin":[8.0,8.0,14.57143]},"faces":{"east":{"uv":[2.875,1.5,5.735,2.985],"rotation":0,"texture":"#0","tintindex":0},"south":{"uv":[0.0075,0.0075,0.0075,1.4925],"rotation":0,"texture":"#0","tintindex":0},"north":{"uv":[0.0075,0.0075,0.0075,1.4925],"rotation":0,"texture":"#0","tintindex":0},"west":{"uv":[5.7425,1.5075,2.8825,2.9925],"rotation":0,"texture":"#0","tintindex":0},"up":{"uv":[0.0075,0.0075,0.0075,2.8675],"rotation":0,"texture":"#0","tintindex":0},"down":{"uv":[0.0075,2.8675,0.0075,0.0075],"rotation":0,"texture":"#0","tintindex":0}}}],"display":{"head":{"translation":[0.0,-6.4,-26.28572],"scale":[4.0,4.0,4.0]}}}