{"textures":{"0":"modelengine:entity/illidan"},"elements":[{"from":[-0.2857151,6.857143,2.2857141],"to":[16.285715,14.857143,10.285714],"rotation":{"angle":0.0,"axis":"y","origin":[8.0,8.0,8.0]},"faces":{"east":{"uv":[7.6325,0.0075,8.4925,0.8675],"rotation":0,"texture":"#0","tintindex":0},"south":{"uv":[5.5075,3.8825,7.3125,4.7425],"rotation":0,"texture":"#0","tintindex":0},"north":{"uv":[5.5075,3.0075,7.3125,3.8675],"rotation":0,"texture":"#0","tintindex":0},"west":{"uv":[7.6325,0.8825,8.4925,1.7425],"rotation":0,"texture":"#0","tintindex":0},"up":{"uv":[7.3125,5.6175,5.5075,4.7575],"rotation":0,"texture":"#0","tintindex":0},"down":{"uv":[7.3125,5.6325,5.5075,6.4925],"rotation":0,"texture":"#0","tintindex":0}}},{"from":[5.44,14.868572,3.44],"to":[10.559999,18.274286,9.131429],"rotation":{"angle":0.0,"axis":"y","origin":[8.0,16.0,8.0]},"faces":{"east":{"uv":[12.1325,9.8825,12.7425,10.2425],"rotation":0,"texture":"#0","tintindex":0},"south":{"uv":[12.6325,7.8825,13.1875,8.2425],"rotation":0,"texture":"#0","tintindex":0},"north":{"uv":[12.6325,6.3825,13.1875,6.7425],"rotation":0,"texture":"#0","tintindex":0},"west":{"uv":[12.1325,10.2575,12.7425,10.6175],"rotation":0,"texture":"#0","tintindex":0},"up":{"uv":[5.3125,10.8675,4.7575,10.2575],"rotation":0,"texture":"#0","tintindex":0},"down":{"uv":[10.8125,7.2575,10.2575,7.8675],"rotation":0,"texture":"#0","tintindex":0}}},{"from":[6.582857,14.868572,9.154285],"to":[9.417143,17.131428,10.274286],"rotation":{"angle":0.0,"axis":"y","origin":[8.0,16.0,10.285714]},"faces":{"east":{"uv":[3.2575,12.0075,3.3675,12.2425],"rotation":0,"texture":"#0","tintindex":0},"south":{"uv":[14.0075,11.5075,14.3125,11.7425],"rotation":0,"texture":"#0","tintindex":0},"north":{"uv":[11.5075,14.0075,11.8125,14.2425],"rotation":0,"texture":"#0","tintindex":0},"west":{"uv":[12.1325,3.3825,12.2425,3.6175],"rotation":0,"texture":"#0","tintindex":0},"up":{"uv":[10.8125,9.9925,10.5075,9.8825],"rotation":0,"texture":"#0","tintindex":0},"down":{"uv":[11.1875,2.0075,10.8825,2.1175],"rotation":0,"texture":"#0","tintindex":0}}},{"from":[0.8685713,8.011429,10.297143],"to":[7.1314287,13.702857,11.417143],"rotation":{"angle":0.0,"axis":"y","origin":[4.5714283,12.571428,11.428572]},"faces":{"east":{"uv":[9.0075,9.5075,9.1175,10.1175],"rotation":0,"texture":"#0","tintindex":0},"south":{"uv":[8.2575,9.5075,8.9375,10.1175],"rotation":0,"texture":"#0","tintindex":0},"north":{"uv":[9.5075,8.0075,10.1875,8.6175],"rotation":0,"texture":"#0","tintindex":0},"west":{"uv":[3.8825,11.6325,3.9925,12.2425],"rotation":0,"texture":"#0","tintindex":0},"up":{"uv":[14.6875,9.7425,14.0075,9.6325],"rotation":0,"texture":"#0","tintindex":0},"down":{"uv":[14.6875,10.8825,14.0075,10.9925],"rotation":0,"texture":"#0","tintindex":0}}},{"from":[8.868571,8.011429,10.297143],"to":[15.131429,13.702857,11.417143],"rotation":{"angle":0.0,"axis":"y","origin":[11.428572,12.571428,11.428572]},"faces":{"east":{"uv":[3.9925,11.6325,3.8825,12.2425],"rotation":0,"texture":"#0","tintindex":0},"south":{"uv":[8.9375,9.5075,8.2575,10.1175],"rotation":0,"texture":"#0","tintindex":0},"north":{"uv":[10.1875,8.0075,9.5075,8.6175],"rotation":0,"texture":"#0","tintindex":0},"west":{"uv":[9.1175,9.5075,9.0075,10.1175],"rotation":0,"texture":"#0","tintindex":0},"up":{"uv":[14.0075,9.7425,14.6875,9.6325],"rotation":0,"texture":"#0","tintindex":0},"down":{"uv":[14.0075,10.8825,14.6875,10.9925],"rotation":0,"texture":"#0","tintindex":0}}},{"from":[1.9999995,15.428572,3.4285712],"to":[5.428571,18.285715,9.142858],"rotation":{"angle":45.0,"axis":"z","origin":[5.428571,18.285715,8.0]},"faces":{"east":{"uv":[12.6325,9.3825,13.2425,9.6875],"rotation":0,"texture":"#0","tintindex":0},"south":{"uv":[8.5075,13.3825,8.8675,13.6875],"rotation":0,"texture":"#0","tintindex":0},"north":{"uv":[8.1325,13.3825,8.4925,13.6875],"rotation":0,"texture":"#0","tintindex":0},"west":{"uv":[12.6325,11.1325,13.2425,11.4375],"rotation":0,"texture":"#0","tintindex":0},"up":{"uv":[4.6175,12.1175,4.2575,11.5075],"rotation":0,"texture":"#0","tintindex":0},"down":{"uv":[9.4925,11.6325,9.1325,12.2425],"rotation":0,"texture":"#0","tintindex":0}}},{"from":[-0.27428627,14.297144,3.44],"to":[4.2742853,15.988571,9.131429],"rotation":{"angle":22.5,"axis":"z","origin":[3.142857,16.0,8.0]},"faces":{"east":{"uv":[6.7575,2.7575,7.3675,2.9375],"rotation":0,"texture":"#0","tintindex":0},"south":{"uv":[0.0075,13.8825,0.4925,14.0625],"rotation":0,"texture":"#0","tintindex":0},"north":{"uv":[13.7575,13.7575,14.2425,13.9375],"rotation":0,"texture":"#0","tintindex":0},"west":{"uv":[9.5075,8.6325,10.1175,8.8125],"rotation":0,"texture":"#0","tintindex":0},"up":{"uv":[11.4925,4.9925,11.0075,4.3825],"rotation":0,"texture":"#0","tintindex":0},"down":{"uv":[11.4925,5.0075,11.0075,5.6175],"rotation":0,"texture":"#0","tintindex":0}}},{"from":[-0.8571434,6.5714283,1.1428566],"to":[7.714286,13.428572,4.5714283],"rotation":{"angle":0.0,"axis":"y","origin":[8.571428,7.714286,8.0]},"faces":{"east":{"uv":[0.0075,11.3825,0.3675,12.1175],"rotation":0,"texture":"#0","tintindex":0},"south":{"uv":[0.0075,7.7575,0.9375,8.4925],"rotation":0,"texture":"#0","tintindex":0},"north":{"uv":[7.5075,2.0075,8.4375,2.7425],"rotation":0,"texture":"#0","tintindex":0},"west":{"uv":[11.3825,6.5075,11.7425,7.2425],"rotation":0,"texture":"#0","tintindex":0},"up":{"uv":[11.1875,2.4925,10.2575,2.1325],"rotation":0,"texture":"#0","tintindex":0},"down":{"uv":[11.1875,4.0075,10.2575,4.3675],"rotation":0,"texture":"#0","tintindex":0}}},{"from":[8.285714,6.5714283,1.1428566],"to":[16.857143,13.428572,4.5714283],"rotation":{"angle":0.0,"axis":"y","origin":[7.428571,7.714286,8.0]},"faces":{"east":{"uv":[11.7425,6.5075,11.3825,7.2425],"rotation":0,"texture":"#0","tintindex":0},"south":{"uv":[0.9375,7.7575,0.0075,8.4925],"rotation":0,"texture":"#0","tintindex":0},"north":{"uv":[8.4375,2.0075,7.5075,2.7425],"rotation":0,"texture":"#0","tintindex":0},"west":{"uv":[0.3675,11.3825,0.0075,12.1175],"rotation":0,"texture":"#0","tintindex":0},"up":{"uv":[10.2575,2.4925,11.1875,2.1325],"rotation":0,"texture":"#0","tintindex":0},"down":{"uv":[10.2575,4.0075,11.1875,4.3675],"rotation":0,"texture":"#0","tintindex":0}}},{"from":[10.571428,15.428572,3.4285712],"to":[14.0,18.285715,9.142858],"rotation":{"angle":-45.0,"axis":"z","origin":[10.571428,18.285715,8.0]},"faces":{"east":{"uv":[13.2425,11.1325,12.6325,11.4375],"rotation":0,"texture":"#0","tintindex":0},"south":{"uv":[8.8675,13.3825,8.5075,13.6875],"rotation":0,"texture":"#0","tintindex":0},"north":{"uv":[8.4925,13.3825,8.1325,13.6875],"rotation":0,"texture":"#0","tintindex":0},"west":{"uv":[13.2425,9.3825,12.6325,9.6875],"rotation":0,"texture":"#0","tintindex":0},"up":{"uv":[4.2575,12.1175,4.6175,11.5075],"rotation":0,"texture":"#0","tintindex":0},"down":{"uv":[9.1325,11.6325,9.4925,12.2425],"rotation":0,"texture":"#0","tintindex":0}}},{"from":[11.725715,14.297144,3.44],"to":[16.274286,15.988571,9.131429],"rotation":{"angle":-22.5,"axis":"z","origin":[12.857143,16.0,8.0]},"faces":{"east":{"uv":[10.1175,8.6325,9.5075,8.8125],"rotation":0,"texture":"#0","tintindex":0},"south":{"uv":[0.4925,13.8825,0.0075,14.0625],"rotation":0,"texture":"#0","tintindex":0},"north":{"uv":[14.2425,13.7575,13.7575,13.9375],"rotation":0,"texture":"#0","tintindex":0},"west":{"uv":[7.3675,2.7575,6.7575,2.9375],"rotation":0,"texture":"#0","tintindex":0},"up":{"uv":[11.0075,4.9925,11.4925,4.3825],"rotation":0,"texture":"#0","tintindex":0},"down":{"uv":[11.0075,5.0075,11.4925,5.6175],"rotation":0,"texture":"#0","tintindex":0}}}],"display":{"head":{"translation":[0.0,-6.4,0.0],"scale":[4.0,4.0,4.0]}}}