{"textures":{"0":"modelengine:entity/illidan"},"elements":[{"from":[8.285714,8.0,4.5714283],"to":[9.428572,9.142858,11.428572],"rotation":{"angle":0.0,"axis":"y","origin":[8.285714,8.0,8.0]},"faces":{"east":{"uv":[14.7425,9.5075,14.0075,9.6175],"rotation":0,"texture":"#0","tintindex":0},"south":{"uv":[14.8675,3.3825,14.7575,3.4925],"rotation":0,"texture":"#0","tintindex":0},"north":{"uv":[2.3675,14.5075,2.2575,14.6175],"rotation":0,"texture":"#0","tintindex":0},"west":{"uv":[14.7425,9.3825,14.0075,9.4925],"rotation":0,"texture":"#0","tintindex":0},"up":{"uv":[10.8825,10.6175,10.9925,9.8825],"rotation":0,"texture":"#0","tintindex":0},"down":{"uv":[0.3825,11.3825,0.4925,12.1175],"rotation":0,"texture":"#0","tintindex":0}}},{"from":[8.028571,6.857143,12.0],"to":[9.742857,10.285714,15.428572],"rotation":{"angle":45.0,"axis":"x","origin":[8.885715,8.571428,13.714286]},"faces":{"east":{"uv":[13.6175,11.6325,13.2575,11.9925],"rotation":0,"texture":"#0","tintindex":0},"south":{"uv":[7.4375,14.2575,7.2575,14.6175],"rotation":0,"texture":"#0","tintindex":0},"north":{"uv":[7.1875,14.2575,7.0075,14.6175],"rotation":0,"texture":"#0","tintindex":0},"west":{"uv":[11.9925,13.2575,11.6325,13.6175],"rotation":0,"texture":"#0","tintindex":0},"up":{"uv":[7.5075,14.6175,7.6875,14.2575],"rotation":0,"texture":"#0","tintindex":0},"down":{"uv":[8.6325,14.2575,8.8125,14.6175],"rotation":0,"texture":"#0","tintindex":0}}},{"from":[8.285714,6.857143,12.0],"to":[9.428572,10.285714,13.142858],"rotation":{"angle":0.0,"axis":"y","origin":[8.285714,8.0,15.428572]},"faces":{"east":{"uv":[14.2425,14.6325,14.1325,14.9925],"rotation":0,"texture":"#0","tintindex":0},"south":{"uv":[14.1175,14.6325,14.0075,14.9925],"rotation":0,"texture":"#0","tintindex":0},"north":{"uv":[13.8675,14.6325,13.7575,14.9925],"rotation":0,"texture":"#0","tintindex":0},"west":{"uv":[13.9925,14.6325,13.8825,14.9925],"rotation":0,"texture":"#0","tintindex":0},"up":{"uv":[15.0075,13.6175,15.1175,13.5075],"rotation":0,"texture":"#0","tintindex":0},"down":{"uv":[13.6325,15.0075,13.7425,15.1175],"rotation":0,"texture":"#0","tintindex":0}}},{"from":[8.028571,6.857143,0.5714283],"to":[9.742857,10.285714,4.0],"rotation":{"angle":-45.0,"axis":"x","origin":[8.885715,8.571428,2.2857141]},"faces":{"east":{"uv":[13.2575,11.6325,13.6175,11.9925],"rotation":0,"texture":"#0","tintindex":0},"south":{"uv":[7.0075,14.2575,7.1875,14.6175],"rotation":0,"texture":"#0","tintindex":0},"north":{"uv":[7.2575,14.2575,7.4375,14.6175],"rotation":0,"texture":"#0","tintindex":0},"west":{"uv":[11.6325,13.2575,11.9925,13.6175],"rotation":0,"texture":"#0","tintindex":0},"up":{"uv":[7.5075,14.2575,7.6875,14.6175],"rotation":0,"texture":"#0","tintindex":0},"down":{"uv":[8.6325,14.6175,8.8125,14.2575],"rotation":0,"texture":"#0","tintindex":0}}},{"from":[8.285714,6.857143,2.8571424],"to":[9.428572,10.285714,4.0],"rotation":{"angle":0.0,"axis":"y","origin":[8.285714,8.0,0.5714283]},"faces":{"east":{"uv":[14.1325,14.6325,14.2425,14.9925],"rotation":0,"texture":"#0","tintindex":0},"south":{"uv":[13.7575,14.6325,13.8675,14.9925],"rotation":0,"texture":"#0","tintindex":0},"north":{"uv":[14.0075,14.6325,14.1175,14.9925],"rotation":0,"texture":"#0","tintindex":0},"west":{"uv":[13.8825,14.6325,13.9925,14.9925],"rotation":0,"texture":"#0","tintindex":0},"up":{"uv":[15.0075,13.5075,15.1175,13.6175],"rotation":0,"texture":"#0","tintindex":0},"down":{"uv":[13.6325,15.1175,13.7425,15.0075],"rotation":0,"texture":"#0","tintindex":0}}},{"from":[8.0,5.714286,4.0],"to":[11.428572,11.428572,4.5714283],"rotation":{"angle":0.0,"axis":"y","origin":[8.571428,8.0,0.0]},"faces":{"east":{"uv":[4.3125,14.7575,4.2575,15.3675],"rotation":0,"texture":"#0","tintindex":0},"south":{"uv":[9.4925,12.2575,9.1325,12.8675],"rotation":0,"texture":"#0","tintindex":0},"north":{"uv":[12.6175,8.5075,12.2575,9.1175],"rotation":0,"texture":"#0","tintindex":0},"west":{"uv":[4.1875,14.7575,4.1325,15.3675],"rotation":0,"texture":"#0","tintindex":0},"up":{"uv":[9.6325,15.0625,9.9925,15.0075],"rotation":0,"texture":"#0","tintindex":0},"down":{"uv":[15.0075,9.6325,15.3675,9.6875],"rotation":0,"texture":"#0","tintindex":0}}},{"from":[10.857143,5.714286,4.5714283],"to":[12.0,11.428572,5.714286],"rotation":{"angle":0.0,"axis":"y","origin":[11.428572,8.571428,4.0]},"faces":{"east":{"uv":[9.9925,14.1325,9.8825,14.7425],"rotation":0,"texture":"#0","tintindex":0},"south":{"uv":[14.2425,9.7575,14.1325,10.3675],"rotation":0,"texture":"#0","tintindex":0},"north":{"uv":[8.6175,14.1325,8.5075,14.7425],"rotation":0,"texture":"#0","tintindex":0},"west":{"uv":[9.8675,14.1325,9.7575,14.7425],"rotation":0,"texture":"#0","tintindex":0},"up":{"uv":[15.0075,13.7425,15.1175,13.6325],"rotation":0,"texture":"#0","tintindex":0},"down":{"uv":[13.7575,15.0075,13.8675,15.1175],"rotation":0,"texture":"#0","tintindex":0}}},{"from":[10.285714,4.0,5.714286],"to":[11.428572,5.142857,10.285714],"rotation":{"angle":0.0,"axis":"y","origin":[10.857143,6.857143,6.285714]},"faces":{"east":{"uv":[14.8675,13.3825,14.3825,13.4925],"rotation":0,"texture":"#0","tintindex":0},"south":{"uv":[13.9925,15.0075,13.8825,15.1175],"rotation":0,"texture":"#0","tintindex":0},"north":{"uv":[15.1175,13.7575,15.0075,13.8675],"rotation":0,"texture":"#0","tintindex":0},"west":{"uv":[14.7425,10.2575,14.2575,10.3675],"rotation":0,"texture":"#0","tintindex":0},"up":{"uv":[4.6325,10.8675,4.7425,10.3825],"rotation":0,"texture":"#0","tintindex":0},"down":{"uv":[5.7575,12.1325,5.8675,12.6175],"rotation":0,"texture":"#0","tintindex":0}}},{"from":[10.297143,11.154286,4.297143],"to":[11.417143,12.274286,6.56],"rotation":{"angle":-45.0,"axis":"x","origin":[10.857143,11.714286,5.428571]},"faces":{"east":{"uv":[14.9925,7.0075,14.7575,7.1175],"rotation":0,"texture":"#0","tintindex":0},"south":{"uv":[14.1175,15.0075,14.0075,15.1175],"rotation":0,"texture":"#0","tintindex":0},"north":{"uv":[15.1175,13.8825,15.0075,13.9925],"rotation":0,"texture":"#0","tintindex":0},"west":{"uv":[14.7425,12.7575,14.5075,12.8675],"rotation":0,"texture":"#0","tintindex":0},"up":{"uv":[14.8825,8.4925,14.9925,8.2575],"rotation":0,"texture":"#0","tintindex":0},"down":{"uv":[8.3825,14.8825,8.4925,15.1175],"rotation":0,"texture":"#0","tintindex":0}}},{"from":[10.297143,4.8685713,4.297143],"to":[11.417143,5.988571,6.56],"rotation":{"angle":45.0,"axis":"x","origin":[10.857143,5.428571,5.428571]},"faces":{"east":{"uv":[14.9925,13.7575,14.7575,13.8675],"rotation":0,"texture":"#0","tintindex":0},"south":{"uv":[14.2425,15.0075,14.1325,15.1175],"rotation":0,"texture":"#0","tintindex":0},"north":{"uv":[15.1175,14.0075,15.0075,14.1175],"rotation":0,"texture":"#0","tintindex":0},"west":{"uv":[14.9925,12.0075,14.7575,12.1175],"rotation":0,"texture":"#0","tintindex":0},"up":{"uv":[8.6325,15.1175,8.7425,14.8825],"rotation":0,"texture":"#0","tintindex":0},"down":{"uv":[8.7575,14.8825,8.8675,15.1175],"rotation":0,"texture":"#0","tintindex":0}}},{"from":[10.297143,11.154286,9.440001],"to":[11.417143,12.274286,11.702857],"rotation":{"angle":45.0,"axis":"x","origin":[10.857143,11.714286,10.571428]},"faces":{"east":{"uv":[10.7425,14.8825,10.5075,14.9925],"rotation":0,"texture":"#0","tintindex":0},"south":{"uv":[14.4925,15.0075,14.3825,15.1175],"rotation":0,"texture":"#0","tintindex":0},"north":{"uv":[14.3675,15.0075,14.2575,15.1175],"rotation":0,"texture":"#0","tintindex":0},"west":{"uv":[15.1175,8.5075,14.8825,8.6175],"rotation":0,"texture":"#0","tintindex":0},"up":{"uv":[14.8825,10.7425,14.9925,10.5075],"rotation":0,"texture":"#0","tintindex":0},"down":{"uv":[10.7575,14.8825,10.8675,15.1175],"rotation":0,"texture":"#0","tintindex":0}}},{"from":[10.297143,4.8685713,9.440001],"to":[11.417143,5.988571,11.702857],"rotation":{"angle":-45.0,"axis":"x","origin":[10.857143,5.428571,10.571428]},"faces":{"east":{"uv":[15.1175,11.0075,14.8825,11.1175],"rotation":0,"texture":"#0","tintindex":0},"south":{"uv":[14.6175,15.0075,14.5075,15.1175],"rotation":0,"texture":"#0","tintindex":0},