{"textures":{"0":"modelengine:entity/illidan"},"elements":[{"from":[3.142857,3.64785,5.762564],"to":[12.857143,8.219279,9.762565],"rotation":{"angle":-22.5,"axis":"x","origin":[8.0,8.0,8.0]},"faces":{"east":{"uv":[11.0075,12.5075,11.4375,12.9925],"rotation":0,"texture":"#0","tintindex":0},"south":{"uv":[8.5075,2.0075,9.5625,2.4925],"rotation":0,"texture":"#0","tintindex":0},"north":{"uv":[8.5075,1.5075,9.5625,1.9925],"rotation":0,"texture":"#0","tintindex":0},"west":{"uv":[12.6325,3.3825,13.0625,3.8675],"rotation":0,"texture":"#0","tintindex":0},"up":{"uv":[10.4375,1.4375,9.3825,1.0075],"rotation":0,"texture":"#0","tintindex":0},"down":{"uv":[10.4375,2.5075,9.3825,2.9375],"rotation":0,"texture":"#0","tintindex":0}}},{"from":[2.5714283,0.1540327,8.195136],"to":[13.428572,4.725461,12.195136],"rotation":{"angle":-22.5,"axis":"x","origin":[8.0,1.2968898,9.623707]},"faces":{"east":{"uv":[4.6325,12.6325,5.0625,13.1175],"rotation":0,"texture":"#0","tintindex":0},"south":{"uv":[8.2575,8.3825,9.4375,8.8675],"rotation":0,"texture":"#0","tintindex":0},"north":{"uv":[8.2575,6.2575,9.4375,6.7425],"rotation":0,"texture":"#0","tintindex":0},"west":{"uv":[12.6325,4.6325,13.0625,5.1175],"rotation":0,"texture":"#0","tintindex":0},"up":{"uv":[4.9375,8.9375,3.7575,8.5075],"rotation":0,"texture":"#0","tintindex":0},"down":{"uv":[6.1875,8.5075,5.0075,8.9375],"rotation":0,"texture":"#0","tintindex":0}}},{"from":[0.28571415,0.8342047,8.55267],"to":[3.142857,7.6913476,8.55267],"rotation":{"angle":-22.5,"axis":"x","origin":[6.285714,8.043497,6.790105]},"faces":{"east":{"uv":[0.0075,0.0075,0.0075,0.7425],"rotation":0,"texture":"#0","tintindex":0},"south":{"uv":[3.6325,12.2575,3.9375,12.9925],"rotation":0,"texture":"#0","tintindex":0},"north":{"uv":[12.2575,3.3825,12.5625,4.1175],"rotation":0,"texture":"#0","tintindex":0},"west":{"uv":[0.0075,0.0075,0.0075,0.7425],"rotation":0,"texture":"#0","tintindex":0},"up":{"uv":[0.3125,0.0075,0.0075,0.0075],"rotation":0,"texture":"#0","tintindex":0},"down":{"uv":[0.3125,0.0075,0.0075,0.0075],"rotation":0,"texture":"#0","tintindex":0}}},{"from":[0.28571415,-1.1657963,10.266954],"to":[3.142857,5.691348,10.266954],"rotation":{"angle":-22.5,"axis":"x","origin":[6.285714,6.043497,8.504391]},"faces":{"east":{"uv":[0.0075,0.0075,0.0075,0.7425],"rotation":0,"texture":"#0","tintindex":0},"south":{"uv":[6.7575,12.2575,7.0625,12.9925],"rotation":0,"texture":"#0","tintindex":0},"north":{"uv":[12.2575,6.0075,12.5625,6.7425],"rotation":0,"texture":"#0","tintindex":0},"west":{"uv":[0.0075,0.0075,0.0075,0.7425],"rotation":0,"texture":"#0","tintindex":0},"up":{"uv":[0.3125,0.0075,0.0075,0.0075],"rotation":0,"texture":"#0","tintindex":0},"down":{"uv":[0.3125,0.0075,0.0075,0.0075],"rotation":0,"texture":"#0","tintindex":0}}},{"from":[12.857143,-1.1657963,10.266954],"to":[15.714286,5.691348,10.266954],"rotation":{"angle":-22.5,"axis":"x","origin":[9.714286,6.043497,8.504391]},"faces":{"east":{"uv":[0.0075,0.0075,0.0075,0.7425],"rotation":0,"texture":"#0","tintindex":0},"south":{"uv":[7.0625,12.2575,6.7575,12.9925],"rotation":0,"texture":"#0","tintindex":0},"north":{"uv":[12.5625,6.0075,12.2575,6.7425],"rotation":0,"texture":"#0","tintindex":0},"west":{"uv":[0.0075,0.0075,0.0075,0.7425],"rotation":0,"texture":"#0","tintindex":0},"up":{"uv":[0.0075,0.0075,0.3125,0.0075],"rotation":0,"texture":"#0","tintindex":0},"down":{"uv":[0.0075,0.0075,0.3125,0.0075],"rotation":0,"texture":"#0","tintindex":0}}}],"display":{"head":{"translation":[0.0,-6.4,0.0],"scale":[4.0,4.0,4.0]}}}