{"textures":{"0":"modelengine:entity/illidan"},"elements":[{"from":[4.285714,3.0764217,5.762564],"to":[11.714286,8.790708,9.762565],"rotation":{"angle":-22.5,"axis":"x","origin":[8.0,8.0,8.0]},"faces":{"east":{"uv":[11.6325,3.0075,12.0625,3.6175],"rotation":0,"texture":"#0","tintindex":0},"south":{"uv":[9.1325,6.7575,9.9375,7.3675],"rotation":0,"texture":"#0","tintindex":0},"north":{"uv":[9.1325,5.3825,9.9375,5.9925],"rotation":0,"texture":"#0","tintindex":0},"west":{"uv":[3.3825,11.6325,3.8125,12.2425],"rotation":0,"texture":"#0","tintindex":0},"up":{"uv":[10.8125,7.1875,10.0075,6.7575],"rotation":0,"texture":"#0","tintindex":0},"down":{"uv":[10.9375,8.6325,10.1325,9.0625],"rotation":0,"texture":"#0","tintindex":0}}},{"from":[1.9999995,0.7907076,9.762565],"to":[4.8571424,7.6478505,9.762565],"rotation":{"angle":-22.5,"axis":"x","origin":[8.0,8.0,8.0]},"faces":{"east":{"uv":[0.0075,0.0075,0.0075,0.7425],"rotation":0,"texture":"#0","tintindex":0},"south":{"uv":[3.2575,12.2575,3.5625,12.9925],"rotation":0,"texture":"#0","tintindex":0},"north":{"uv":[1.7575,12.2575,2.0625,12.9925],"rotation":0,"texture":"#0","tintindex":0},"west":{"uv":[0.0075,0.0075,0.0075,0.7425],"rotation":0,"texture":"#0","tintindex":0},"up":{"uv":[0.3125,0.0075,0.0075,0.0075],"rotation":0,"texture":"#0","tintindex":0},"down":{"uv":[0.3125,0.0075,0.0075,0.0075],"rotation":0,"texture":"#0","tintindex":0}}},{"from":[11.142858,0.7907076,9.762565],"to":[14.0,7.6478505,9.762565],"rotation":{"angle":-22.5,"axis":"x","origin":[8.0,8.0,8.0]},"faces":{"east":{"uv":[0.0075,0.0075,0.0075,0.7425],"rotation":0,"texture":"#0","tintindex":0},"south":{"uv":[3.5625,12.2575,3.2575,12.9925],"rotation":0,"texture":"#0","tintindex":0},"north":{"uv":[2.0625,12.2575,1.7575,12.9925],"rotation":0,"texture":"#0","tintindex":0},"west":{"uv":[0.0075,0.0075,0.0075,0.7425],"rotation":0,"texture":"#0","tintindex":0},"up":{"uv":[0.0075,0.0075,0.3125,0.0075],"rotation":0,"texture":"#0","tintindex":0},"down":{"uv":[0.0075,0.0075,0.3125,0.0075],"rotation":0,"texture":"#0","tintindex":0}}},{"from":[3.7142854,0.68196344,8.833602],"to":[12.285715,5.253392,12.833603],"rotation":{"angle":-45.0,"axis":"x","origin":[8.0,1.8248205,10.262174]},"faces":{"east":{"uv":[10.5075,12.5075,10.9375,12.9925],"rotation":0,"texture":"#0","tintindex":0},"south":{"uv":[9.3825,0.5075,10.3125,0.9925],"rotation":0,"texture":"#0","tintindex":0},"north":{"uv":[9.3825,0.0075,10.3125,0.4925],"rotation":0,"texture":"#0","tintindex":0},"west":{"uv":[12.5075,10.6325,12.9375,11.1175],"rotation":0,"texture":"#0","tintindex":0},"up":{"uv":[10.9375,5.0625,10.0075,4.6325],"rotation":0,"texture":"#0","tintindex":0},"down":{"uv":[10.9375,5.1325,10.0075,5.5625],"rotation":0,"texture":"#0","tintindex":0}}}],"display":{"head":{"translation":[0.0,-6.4,0.0],"scale":[4.0,4.0,4.0]}}}