{"textures":{"0":"modelengine:entity/illidan"},"elements":[{"from":[3.142857,5.428571,6.0],"to":[12.857143,8.857143,10.0],"rotation":{"angle":0.0,"axis":"y","origin":[8.0,8.0,8.0]},"faces":{"east":{"uv":[3.2575,13.0075,3.6875,13.3675],"rotation":0,"texture":"#0","tintindex":0},"south":{"uv":[10.0075,5.6325,11.0625,5.9925],"rotation":0,"texture":"#0","tintindex":0},"north":{"uv":[5.5075,10.0075,6.5625,10.3675],"rotation":0,"texture":"#0","tintindex":0},"west":{"uv":[13.0075,4.1325,13.4375,4.4925],"rotation":0,"texture":"#0","tintindex":0},"up":{"uv":[10.4375,3.4375,9.3825,3.0075],"rotation":0,"texture":"#0","tintindex":0},"down":{"uv":[10.4375,3.5075,9.3825,3.9375],"rotation":0,"texture":"#0","tintindex":0}}},{"from":[3.7142854,3.142857,6.285714],"to":[12.285715,5.428571,9.714286],"rotation":{"angle":0.0,"axis":"y","origin":[8.0,1.9999995,7.428571]},"faces":{"east":{"uv":[14.0075,3.5075,14.3675,3.7425],"rotation":0,"texture":"#0","tintindex":0},"south":{"uv":[11.8825,7.6325,12.8125,7.8675],"rotation":0,"texture":"#0","tintindex":0},"north":{"uv":[5.7575,2.7575,6.6875,2.9925],"rotation":0,"texture":"#0","tintindex":0},"west":{"uv":[7.0075,14.0075,7.3675,14.2425],"rotation":0,"texture":"#0","tintindex":0},"up":{"uv":[11.3125,0.9925,10.3825,0.6325],"rotation":0,"texture":"#0","tintindex":0},"down":{"uv":[4.1875,10.3825,3.2575,10.7425],"rotation":0,"texture":"#0","tintindex":0}}},{"from":[5.142857,-2.5714293,9.142858],"to":[10.857143,1.9999995,9.142858],"rotation":{"angle":0.0,"axis":"y","origin":[11.714286,1.9999995,8.0]},"faces":{"east":{"uv":[0.0075,0.0075,0.0075,0.4925],"rotation":0,"texture":"#0","tintindex":0},"south":{"uv":[1.7575,11.2575,2.3675,11.7425],"rotation":0,"texture":"#0","tintindex":0},"north":{"uv":[11.2575,1.0075,11.8675,1.4925],"rotation":0,"texture":"#0","tintindex":0},"west":{"uv":[0.0075,0.0075,0.0075,0.4925],"rotation":0,"texture":"#0","tintindex":0},"up":{"uv":[0.6175,0.0075,0.0075,0.0075],"rotation":0,"texture":"#0","tintindex":0},"down":{"uv":[0.6175,0.0075,0.0075,0.0075],"rotation":0,"texture":"#0","tintindex":0}}},{"from":[2.2857141,-0.2857151,8.571428],"to":[5.714286,7.714286,8.571428],"rotation":{"angle":0.0,"axis":"y","origin":[7.714286,1.9999995,7.428571]},"faces":{"east":{"uv":[0.0075,0.0075,0.0075,0.8675],"rotation":0,"texture":"#0","tintindex":0},"south":{"uv":[7.7575,10.3825,8.1175,11.2425],"rotation":0,"texture":"#0","tintindex":0},"north":{"uv":[2.8825,8.3825,3.2425,9.2425],"rotation":0,"texture":"#0","tintindex":0},"west":{"uv":[0.0075,0.0075,0.0075,0.8675],"rotation":0,"texture":"#0","tintindex":0},"up":{"uv":[0.3675,0.0075,0.0075,0.0075],"rotation":0,"texture":"#0","tintindex":0},"down":{"uv":[0.3675,0.0075,0.0075,0.0075],"rotation":0,"texture":"#0","tintindex":0}}},{"from":[10.285714,-0.2857151,8.571428],"to":[13.714286,7.714286,8.571428],"rotation":{"angle":0.0,"axis":"y","origin":[8.285714,1.9999995,7.428571]},"faces":{"east":{"uv":[0.0075,0.0075,0.0075,0.8675],"rotation":0,"texture":"#0","tintindex":0},"south":{"uv":[8.1175,10.3825,7.7575,11.2425],"rotation":0,"texture":"#0","tintindex":0},"north":{"uv":[3.2425,8.3825,2.8825,9.2425],"rotation":0,"texture":"#0","tintindex":0},"west":{"uv":[0.0075,0.0075,0.0075,0.8675],"rotation":0,"texture":"#0","tintindex":0},"up":{"uv":[0.0075,0.0075,0.3675,0.0075],"rotation":0,"texture":"#0","tintindex":0},"down":{"uv":[0.0075,0.0075,0.3675,0.0075],"rotation":0,"texture":"#0","tintindex":0}}},{"from":[4.5714283,1.9999995,6.5714283],"to":[11.428572,3.142857,9.428572],"rotation":{"angle":0.0,"axis":"y","origin":[8.0,-0.2857151,7.428571]},"faces":{"east":{"uv":[11.0075,0.5075,11.3125,0.6175],"rotation":0,"texture":"#0","tintindex":0},"south":{"uv":[14.0075,7.5075,14.7425,7.6175],"rotation":0,"texture":"#0","tintindex":0},"north":{"uv":[14.0075,4.7575,14.7425,4.8675],"rotation":0,"texture":"#0","tintindex":0},"west":{"uv":[12.5075,0.8825,12.8125,0.9925],"rotation":0,"texture":"#0","tintindex":0},"up":{"uv":[11.7425,12.4375,11.0075,12.1325],"rotation":0,"texture":"#0","tintindex":0},"down":{"uv":[12.9925,0.0075,12.2575,0.3125],"rotation":0,"texture":"#0","tintindex":0}}}],"display":{"head":{"translation":[0.0,-6.4,0.0],"scale":[4.0,4.0,4.0]}}}