{"textures":{"0":"modelengine:entity/illidan"},"elements":[{"from":[5.714286,7.428571,5.714286],"to":[10.285714,8.571428,10.285714],"rotation":{"angle":0.0,"axis":"y","origin":[8.0,8.0,8.0]},"faces":{"east":{"uv":[12.2575,9.7575,12.7425,9.8675],"rotation":0,"texture":"#0","tintindex":0},"south":{"uv":[12.8825,5.8825,13.3675,5.9925],"rotation":0,"texture":"#0","tintindex":0},"north":{"uv":[1.6325,9.0075,2.1175,9.1175],"rotation":0,"texture":"#0","tintindex":0},"west":{"uv":[13.1325,7.5075,13.6175,7.6175],"rotation":0,"texture":"#0","tintindex":0},"up":{"uv":[12.2425,9.8675,11.7575,9.3825],"rotation":0,"texture":"#0","tintindex":0},"down":{"uv":[12.2425,11.3825,11.7575,11.8675],"rotation":0,"texture":"#0","tintindex":0}}},{"from":[3.142857,8.571428,5.142857],"to":[12.857143,13.714286,10.857143],"rotation":{"angle":0.0,"axis":"y","origin":[8.0,10.857143,7.428571]},"faces":{"east":{"uv":[9.1325,10.1325,9.7425,10.6875],"rotation":0,"texture":"#0","tintindex":0},"south":{"uv":[1.0075,8.3825,2.0625,8.9375],"rotation":0,"texture":"#0","tintindex":0},"north":{"uv":[8.2575,7.7575,9.3125,8.3125],"rotation":0,"texture":"#0","tintindex":0},"west":{"uv":[10.2575,1.5075,10.8675,2.0625],"rotation":0,"texture":"#0","tintindex":0},"up":{"uv":[2.0625,8.3675,1.0075,7.7575],"rotation":0,"texture":"#0","tintindex":0},"down":{"uv":[3.1875,7.7575,2.1325,8.3675],"rotation":0,"texture":"#0","tintindex":0}}},{"from":[2.342857,10.057143,4.3428574],"to":[8.514286,11.657143,11.657143],"rotation":{"angle":-22.5,"axis":"z","origin":[5.428571,10.857143,8.0]},"faces":{"east":{"uv":[10.2575,8.5075,10.9925,8.6175],"rotation":0,"texture":"#0","tintindex":0},"south":{"uv":[12.2575,2.8825,12.8675,2.9925],"rotation":0,"texture":"#0","tintindex":0},"north":{"uv":[9.3825,4.6325,9.9925,4.7425],"rotation":0,"texture":"#0","tintindex":0},"west":{"uv":[13.7575,6.1325,14.4925,6.2425],"rotation":0,"texture":"#0","tintindex":0},"up":{"uv":[6.1175,9.7425,5.5075,9.0075],"rotation":0,"texture":"#0","tintindex":0},"down":{"uv":[0.6175,9.2575,0.0075,9.9925],"rotation":0,"texture":"#0","tintindex":0}}},{"from":[2.9142857,12.628572,4.3428574],"to":[8.514286,14.228571,11.657143],"rotation":{"angle":-22.5,"axis":"z","origin":[5.428571,13.428572,8.0]},"faces":{"east":{"uv":[13.7575,13.5075,14.4925,13.6175],"rotation":0,"texture":"#0","tintindex":0},"south":{"uv":[14.1325,12.0075,14.6875,12.1175],"rotation":0,"texture":"#0","tintindex":0},"north":{"uv":[12.3825,2.3825,12.9375,2.4925],"rotation":0,"texture":"#0","tintindex":0},"west":{"uv":[13.7575,13.6325,14.4925,13.7425],"rotation":0,"texture":"#0","tintindex":0},"up":{"uv":[4.0625,10.3675,3.5075,9.6325],"rotation":0,"texture":"#0","tintindex":0},"down":{"uv":[4.6875,9.6325,4.1325,10.3675],"rotation":0,"texture":"#0","tintindex":0}}},{"from":[2.8571424,12.0,3.4285712],"to":[8.0,13.714286,4.5714283],"rotation":{"angle":-22.5,"axis":"z","origin":[5.142857,11.428572,8.0]},"faces":{"east":{"uv":[13.2575,14.8825,13.3675,15.0625],"rotation":0,"texture":"#0","tintindex":0},"south":{"uv":[13.6325,6.5075,14.1875,6.6875],"rotation":0,"texture":"#0","tintindex":0},"north":{"uv":[13.6325,6.2575,14.1875,6.4375],"rotation":0,"texture":"#0","tintindex":0},"west":{"uv":[14.8825,13.8825,14.9925,14.0625],"rotation":0,"texture":"#0","tintindex":0},"up":{"uv":[14.6875,12.9925,14.1325,12.8825],"rotation":0,"texture":"#0","tintindex":0},"down":{"uv":[14.6875,13.0075,14.1325,13.1175],"rotation":0,"texture":"#0","tintindex":0}}},{"from":[4.285714,13.714286,5.142857],"to":[11.714286,20.0,10.857143],"rotation":{"angle":0.0,"axis":"y","origin":[8.0,16.0,7.428571]},"faces":{"east":{"uv":[9.1325,9.3825,9.7425,10.0625],"rotation":0,"texture":"#0","tintindex":0},"south":{"uv":[8.5075,0.7575,9.3125,1.4375],"rotation":0,"texture":"#0","tintindex":0},"north":{"uv":[8.5075,0.0075,9.3125,0.6875],"rotation":0,"texture":"#0","tintindex":0},"west":{"uv":[9.5075,6.0075,10.1175,6.6875],"rotation":0,"texture":"#0","tintindex":0},"up":{"uv":[9.0625,9.4925,8.2575,8.8825],"rotation":0,"texture":"#0","tintindex":0},"down":{"uv":[1.5625,9.0075,0.7575,9.6175],"rotation":0,"texture":"#0","tintindex":0}}},{"from":[4.8571424,18.171429,4.5714283],"to":[7.714286,19.885715,5.142857],"rotation":{"angle":22.5,"axis":"z","origin":[7.714286,18.171429,4.0]},"faces":{"east":{"uv":[0.2575,15.1325,0.3125,15.3125],"rotation":0,"texture":"#0","tintindex":0},"south":{"uv":[14.5075,11.2575,14.8125,11.4375],"rotation":0,"texture":"#0","tintindex":0},"north":{"uv":[11.2575,14.5075,11.5625,14.6875],"rotation":0,"texture":"#0","tintindex":0},"west":{"uv":[15.1325,0.2575,15.1875,0.4375],"rotation":0,"texture":"#0","tintindex":0},"up":{"uv":[15.3125,10.8125,15.0075,10.7575],"rotation":0,"texture":"#0","tintindex":0},"down":{"uv":[11.1875,15.0075,10.8825,15.0625],"rotation":0,"texture":"#0","tintindex":0}}},{"from":[4.8571424,16.0,4.5714283],"to":[7.714286,17.714287,5.142857],"rotation":{"angle":22.5,"axis":"z","origin":[7.714286,16.0,4.0]},"faces":{"east":{"uv":[15.0075,14.8825,15.0625,15.0625],"rotation":0,"texture":"#0","tintindex":0},"south":{"uv":[14.5075,11.0075,14.8125,11.1875],"rotation":0,"texture":"#0","tintindex":0},"north":{"uv":[14.5075,10.5075,14.8125,10.6875],"rotation":0,"texture":"#0","tintindex":0},"west":{"uv":[0.0075,15.1325,0.0625,15.3125],"rotation":0,"texture":"#0","tintindex":0},"up":{"uv":[15.3125,10.5625,15.0075,10.5075],"rotation":0,"texture":"#0","tintindex":0},"down":{"uv":[15.3125,10.6325,15.0075,10.6875],"rotation":0,"texture":"#0","tintindex":0}}},{"from":[4.8571424,13.142858,4.6],"to":[7.714286,16.0,5.1714287],"rotation":{"angle":0.0,"axis":"y","origin":[7.714286,13.142858,4.028571]},"faces":{"east":{"uv":[10.0075,15.0075,10.0625,15.3125],"rotation":0,"texture":"#0","tintindex":0},"south":{"uv":[7.5075,13.6325,7.8125,13.9375],"rotation":0,"texture":"#0","tintindex":0},"north":{"uv":[7.1325,13.6325,7.4375,13.9375],"rotation":0,"texture":"#0","tintindex":0},"west":{"uv":[15.0075,10.0075,15.0625,10.3125],"rotation":0,"texture":"#0","tintindex":0},"up":{"uv":[10.4375,15.0625,10.1325,15.0075],"rotation":0,"texture":"#0","tintindex":0},"down":{"uv":[15.3125,10.3825,15.0075,10.4375],"rotation":0,"texture":"#0","tintindex":0}}},{"from":[8.285714,13.142858,4.6],"to":[11.142858,16.0,5.1714287],"rotation":{"angle":0.0,"axis":"y","origin":[8.285714,13.142858,4.028571]},"faces":{"east":{"uv":[15.0625,10.0075,15.0075,10.3125],"rotation":0,"texture":"#0","tintindex":0},"south":{"uv":[7.8125,13.6325,7.5075,13.9375],"rotation":0,"texture":"#0","tintindex":0},"north":{"uv":[7.4375,13.6325,7.1325,13.9375],"rotation":0,"texture":"#0","tintindex":0},"west":{"uv":[10.0625,15.0075,10.0075,15.3125],"rotation":0,"texture":"#0","tintindex":0},"up":{"uv":[10.1325,15.0625,10.4375,15.0075],"rotation":0,"texture":"#0","tintindex":0},"down":{"uv":[15.0075,10.3825,15.3125,10.4375],"rotation":0,"texture":"#0","tintindex":0}}},{"from":[8.285714,16.0,4.5714283],"to":[11.142858,17.714287,5.142857],"rotation":{"angle":-22.5,"axis":"z","origin":[8.285714,16.0,4.0]},"faces":{"east":{"uv":[0.0625,15.1325,0.0075,15.3125],"rotation":0,"texture":"#0","tintindex":0},"south":{"uv":[14.8125,11.0075,14.5075,11.1875],"rotation":0,"texture":"#0","tintindex":0},"north":{"uv":[14.8125,10.5075,14.5075,10.6875],"rotation":0,"texture":"#0","tintindex":0},"west":{"uv":[15.0625,14.8825,15.0075,15.0625],"rotation":0,"texture":"#0","tintindex":0},"up":{"uv":[15.0075,10.5625,15.3125,10.5075],"rotation":0,"texture":"#0","tintindex":0},"down":{"uv":[15.0075,10.6325,15.3125,10.6875],"rotation":0,"texture":"#0","tintindex":0}}},{"from":[8.285714,18.171429,4.5714283],"to":[11.142858,19.885715,5.142857],"rotation":{"angle":-22.5,"axis":"z","origin":[8.285714,18.171429,4.0]},"faces":{"east":{"uv":[15.1875,0.2575,15.1325,0.4375],"rotation":0,"texture":"#0","tintindex":0},"south":{"uv":[14.8125,11.2575,14.5075,11.4375],"rotation":0,"texture":"#0","tintindex":0},"north":{"uv":[11.5625,14.5075,11.2575,14.6875],"rotation":0,"texture":"#0","tintindex":0},