{"textures":{"0":"modelengine:entity/illidan"},"elements":[{"from":[6.857143,6.857143,6.857143],"to":[9.142858,9.142858,9.142858],"rotation":{"angle":0.0,"axis":"y","origin":[8.0,8.0,8.0]},"faces":{"east":{"uv":[4.1325,14.5075,4.3675,14.7425],"rotation":0,"texture":"#0","tintindex":0},"south":{"uv":[14.5075,4.2575,14.7425,4.4925],"rotation":0,"texture":"#0","tintindex":0},"north":{"uv":[3.8825,14.5075,4.1175,14.7425],"rotation":0,"texture":"#0","tintindex":0},"west":{"uv":[14.5075,4.5075,14.7425,4.7425],"rotation":0,"texture":"#0","tintindex":0},"up":{"uv":[14.7425,5.8675,14.5075,5.6325],"rotation":0,"texture":"#0","tintindex":0},"down":{"uv":[14.7425,5.8825,14.5075,6.1175],"rotation":0,"texture":"#0","tintindex":0}}},{"from":[4.285714,-10.857143,7.714286],"to":[7.142857,7.428571,7.714286],"rotation":{"angle":0.0,"axis":"y","origin":[6.285714,7.428571,7.714286]},"faces":{"east":{"uv":[0.0075,0.0075,0.0075,1.9925],"rotation":0,"texture":"#0","tintindex":0},"south":{"uv":[6.875,6.5,7.18,8.485],"rotation":0,"texture":"#0","tintindex":0},"north":{"uv":[7.18,6.5,6.875,8.485],"rotation":0,"texture":"#0","tintindex":0},"west":{"uv":[0.0075,0.0075,0.0075,1.9925],"rotation":0,"texture":"#0","tintindex":0},"up":{"uv":[0.3125,0.0075,0.0075,0.0075],"rotation":0,"texture":"#0","tintindex":0},"down":{"uv":[0.3125,0.0075,0.0075,0.0075],"rotation":0,"texture":"#0","tintindex":0}}},{"from":[7.142857,-9.1428585,7.142857],"to":[8.857143,6.857143,8.857143],"rotation":{"angle":0.0,"axis":"y","origin":[8.0,6.857143,8.0]},"faces":{"east":{"uv":[11.0075,10.0075,11.1875,11.7425],"rotation":0,"texture":"#0","tintindex":0},"south":{"uv":[6.5075,11.1325,6.6875,12.8675],"rotation":0,"texture":"#0","tintindex":0},"north":{"uv":[11.0075,8.2575,11.1875,9.9925],"rotation":0,"texture":"#0","tintindex":0},"west":{"uv":[11.1325,6.5075,11.3125,8.2425],"rotation":0,"texture":"#0","tintindex":0},"up":{"uv":[7.9375,15.0625,7.7575,14.8825],"rotation":0,"texture":"#0","tintindex":0},"down":{"uv":[15.0625,7.7575,14.8825,7.9375],"rotation":0,"texture":"#0","tintindex":0}}},{"from":[8.857143,-9.1428585,8.571428],"to":[14.0,9.142858,8.571428],"rotation":{"angle":0.0,"axis":"y","origin":[9.714286,9.142858,8.571428]},"faces":{"east":{"uv":[0.0075,0.0075,0.0075,1.9925],"rotation":0,"texture":"#0","tintindex":0},"south":{"uv":[6.18,6.5,5.625,8.485],"rotation":0,"texture":"#0","tintindex":0},"north":{"uv":[5.6325,6.5075,6.1875,8.4925],"rotation":0,"texture":"#0","tintindex":0},"west":{"uv":[0.0075,0.0075,0.0075,1.9925],"rotation":0,"texture":"#0","tintindex":0},"up":{"uv":[0.5625,0.0075,0.0075,0.0075],"rotation":0,"texture":"#0","tintindex":0},"down":{"uv":[0.5625,0.0075,0.0075,0.0075],"rotation":0,"texture":"#0","tintindex":0}}}],"display":{"head":{"translation":[0.0,-6.4,0.0],"scale":[4.0,4.0,4.0]}}}