{"textures":{"0":"modelengine:entity/illidan"},"elements":[{"from":[8.0,4.5714283,6.285714],"to":[8.0,8.0,10.285714],"rotation":{"angle":-45.0,"axis":"z","origin":[8.0,8.0,8.0]},"faces":{"east":{"uv":[5.7575,13.0075,6.1875,13.3675],"rotation":0,"texture":"#0","tintindex":0},"south":{"uv":[0.0075,0.0075,0.0075,0.3675],"rotation":0,"texture":"#0","tintindex":0},"north":{"uv":[0.0075,0.0075,0.0075,0.3675],"rotation":0,"texture":"#0","tintindex":0},"west":{"uv":[8.2575,13.0075,8.6875,13.3675],"rotation":0,"texture":"#0","tintindex":0},"up":{"uv":[0.0075,0.4375,0.0075,0.0075],"rotation":0,"texture":"#0","tintindex":0},"down":{"uv":[0.0075,0.0075,0.0075,0.4375],"rotation":0,"texture":"#0","tintindex":0}}},{"from":[8.0,1.4285712,2.8571424],"to":[8.0,8.285714,9.142858],"rotation":{"angle":-22.5,"axis":"z","origin":[8.0,8.285714,6.857143]},"faces":{"east":{"uv":[8.6325,3.2575,9.3125,3.9925],"rotation":0,"texture":"#0","tintindex":0},"south":{"uv":[0.0075,0.0075,0.0075,0.7425],"rotation":0,"texture":"#0","tintindex":0},"north":{"uv":[0.0075,0.0075,0.0075,0.7425],"rotation":0,"texture":"#0","tintindex":0},"west":{"uv":[8.6325,4.0075,9.3125,4.7425],"rotation":0,"texture":"#0","tintindex":0},"up":{"uv":[0.0075,0.6875,0.0075,0.0075],"rotation":0,"texture":"#0","tintindex":0},"down":{"uv":[0.0075,0.0075,0.0075,0.6875],"rotation":0,"texture":"#0","tintindex":0}}}],"display":{"head":{"translation":[0.0,-6.4,0.0],"scale":[4.0,4.0,4.0]}}}