{"textures":{"0":"modelengine:entity/illidan"},"elements":[{"from":[5.714286,5.2571425,4.5714283],"to":[9.142858,8.114285,10.285714],"rotation":{"angle":0.0,"axis":"y","origin":[8.0,8.114285,8.0]},"faces":{"east":{"uv":[12.7575,9.7575,13.3675,10.0625],"rotation":0,"texture":"#0","tintindex":0},"south":{"uv":[13.6325,4.5075,13.9925,4.8125],"rotation":0,"texture":"#0","tintindex":0},"north":{"uv":[13.6325,3.3825,13.9925,3.6875],"rotation":0,"texture":"#0","tintindex":0},"west":{"uv":[12.7575,10.1325,13.3675,10.4375],"rotation":0,"texture":"#0","tintindex":0},"up":{"uv":[5.7425,12.7425,5.3825,12.1325],"rotation":0,"texture":"#0","tintindex":0},"down":{"uv":[12.4925,10.6325,12.1325,11.2425],"rotation":0,"texture":"#0","tintindex":0}}},{"from":[4.8571424,4.1142855,4.285714],"to":[7.142857,6.9714284,10.571428],"rotation":{"angle":0.0,"axis":"y","origin":[8.0,8.114285,8.0]},"faces":{"east":{"uv":[5.7575,12.6325,6.4375,12.9375],"rotation":0,"texture":"#0","tintindex":0},"south":{"uv":[9.5075,14.1325,9.7425,14.4375],"rotation":0,"texture":"#0","tintindex":0},"north":{"uv":[6.5075,14.1325,6.7425,14.4375],"rotation":0,"texture":"#0","tintindex":0},"west":{"uv":[12.6325,6.0075,13.3125,6.3125],"rotation":0,"texture":"#0","tintindex":0},"up":{"uv":[9.3675,13.5625,9.1325,12.8825],"rotation":0,"texture":"#0","tintindex":0},"down":{"uv":[13.2425,0.0075,13.0075,0.6875],"rotation":0,"texture":"#0","tintindex":0}}}],"display":{"head":{"translation":[0.0,-6.4,0.0],"scale":[4.0,4.0,4.0]}}}