{"textures":{"0":"modelengine:entity/illidan"},"elements":[{"from":[5.4857144,4.3428574,5.4857144],"to":[10.514286,8.8,10.514286],"rotation":{"angle":0.0,"axis":"y","origin":[8.0,8.0,8.0]},"faces":{"east":{"uv":[12.2575,12.3825,12.7425,12.8125],"rotation":0,"texture":"#0","tintindex":0},"south":{"uv":[12.5075,0.3825,12.9925,0.8125],"rotation":0,"texture":"#0","tintindex":0},"north":{"uv":[11.7575,12.3825,12.2425,12.8125],"rotation":0,"texture":"#0","tintindex":0},"west":{"uv":[2.1325,12.5075,2.6175,12.9375],"rotation":0,"texture":"#0","tintindex":0},"up":{"uv":[12.2425,7.1175,11.7575,6.6325],"rotation":0,"texture":"#0","tintindex":0},"down":{"uv":[7.2425,11.7575,6.7575,12.2425],"rotation":0,"texture":"#0","tintindex":0}}},{"from":[5.714286,-0.57142925,5.714286],"to":[10.285714,4.5714283,10.285714],"rotation":{"angle":0.0,"axis":"y","origin":[8.0,4.5714283,8.0]},"faces":{"east":{"uv":[11.2575,8.2575,11.7425,8.8125],"rotation":0,"texture":"#0","tintindex":0},"south":{"uv":[11.2575,8.8825,11.7425,9.4375],"rotation":0,"texture":"#0","tintindex":0},"north":{"uv":[11.2575,3.7575,11.7425,4.3125],"rotation":0,"texture":"#0","tintindex":0},"west":{"uv":[11.2575,9.5075,11.7425,10.0625],"rotation":0,"texture":"#0","tintindex":0},"up":{"uv":[12.2425,4.1175,11.7575,3.6325],"rotation":0,"texture":"#0","tintindex":0},"down":{"uv":[12.2425,6.1325,11.7575,6.6175],"rotation":0,"texture":"#0","tintindex":0}}}],"display":{"head":{"translation":[0.0,-6.4,0.0],"scale":[4.0,4.0,4.0]}}}