{"textures":{"0":"modelengine:entity/illidan"},"elements":[{"from":[6.5714283,6.5714283,6.5714283],"to":[9.428572,9.428572,9.428572],"rotation":{"angle":0.0,"axis":"y","origin":[8.0,8.0,8.0]},"faces":{"east":{"uv":[13.7575,10.1325,14.0625,10.4375],"rotation":0,"texture":"#0","tintindex":0},"south":{"uv":[10.2575,13.7575,10.5625,14.0625],"rotation":0,"texture":"#0","tintindex":0},"north":{"uv":[9.8825,13.7575,10.1875,14.0625],"rotation":0,"texture":"#0","tintindex":0},"west":{"uv":[13.7575,12.0075,14.0625,12.3125],"rotation":0,"texture":"#0","tintindex":0},"up":{"uv":[14.0625,12.6875,13.7575,12.3825],"rotation":0,"texture":"#0","tintindex":0},"down":{"uv":[13.0625,13.7575,12.7575,14.0625],"rotation":0,"texture":"#0","tintindex":0}}},{"from":[3.142857,6.857143,6.857143],"to":[6.5714283,9.142858,9.142858],"rotation":{"angle":0.0,"axis":"y","origin":[6.5714283,8.0,8.0]},"faces":{"east":{"uv":[14.5075,6.1325,14.7425,6.3675],"rotation":0,"texture":"#0","tintindex":0},"south":{"uv":[14.0075,7.6325,14.3675,7.8675],"rotation":0,"texture":"#0","tintindex":0},"north":{"uv":[7.3825,14.0075,7.7425,14.2425],"rotation":0,"texture":"#0","tintindex":0},"west":{"uv":[14.5075,6.3825,14.7425,6.6175],"rotation":0,"texture":"#0","tintindex":0},"up":{"uv":[14.3675,8.1175,14.0075,7.8825],"rotation":0,"texture":"#0","tintindex":0},"down":{"uv":[14.3675,8.1325,14.0075,8.3675],"rotation":0,"texture":"#0","tintindex":0}}},{"from":[-3.7142859,5.428571,6.5714283],"to":[3.142857,9.428572,9.428572],"rotation":{"angle":0.0,"axis":"y","origin":[3.142857,8.0,8.0]},"faces":{"east":{"uv":[0.0075,13.3825,0.3125,13.8125],"rotation":0,"texture":"#0","tintindex":0},"south":{"uv":[11.0075,0.0075,11.7425,0.4375],"rotation":0,"texture":"#0","tintindex":0},"north":{"uv":[10.8825,1.5075,11.6175,1.9375],"rotation":0,"texture":"#0","tintindex":0},"west":{"uv":[0.3825,13.3825,0.6875,13.8125],"rotation":0,"texture":"#0","tintindex":0},"up":{"uv":[12.9925,1.8125,12.2575,1.5075],"rotation":0,"texture":"#0","tintindex":0},"down":{"uv":[12.9925,2.5075,12.2575,2.8125],"rotation":0,"texture":"#0","tintindex":0}}},{"from":[-7.1428576,6.857143,6.857143],"to":[-3.7142859,9.142858,9.142858],"rotation":{"angle":-22.5,"axis":"z","origin":[-3.7142859,6.857143,8.0]},"faces":{"east":{"uv":[6.5075,14.5075,6.7425,14.7425],"rotation":0,"texture":"#0","tintindex":0},"south":{"uv":[14.0075,8.6325,14.3675,8.8675],"rotation":0,"texture":"#0","tintindex":0},"north":{"uv":[14.0075,8.3825,14.3675,8.6175],"rotation":0,"texture":"#0","tintindex":0},"west":{"uv":[14.5075,6.6325,14.7425,6.8675],"rotation":0,"texture":"#0","tintindex":0},"up":{"uv":[14.3675,9.1175,14.0075,8.8825],"rotation":0,"texture":"#0","tintindex":0},"down":{"uv":[14.3675,9.1325,14.0075,9.3675],"rotation":0,"texture":"#0","tintindex":0}}},{"from":[-6.000001,5.714286,7.428571],"to":[-3.7142859,7.428571,8.571428],"rotation":{"angle":0.0,"axis":"y","origin":[-3.7142859,7.428571,8.0]},"faces":{"east":{"uv":[6.6325,15.0075,6.7425,15.1875],"rotation":0,"texture":"#0","tintindex":0},"south":{"uv":[14.6325,11.5075,14.8675,11.6875],"rotation":0,"texture":"#0","tintindex":0},"north":{"uv":[10.7575,14.6325,10.9925,14.8125],"rotation":0,"texture":"#0","tintindex":0},"west":{"uv":[9.3825,15.0075,9.4925,15.1875],"rotation":0,"texture":"#0","tintindex":0},"up":{"uv":[13.7425,5.8675,13.5075,5.7575],"rotation":0,"texture":"#0","tintindex":0},"down":{"uv":[8.1175,13.6325,7.8825,13.7425],"rotation":0,"texture":"#0","tintindex":0}}},{"from":[-8.285715,6.0,7.714286],"to":[-6.000001,7.142857,8.285714],"rotation":{"angle":0.0,"axis":"y","origin":[-3.7142859,7.142857,8.0]},"faces":{"east":{"uv":[15.1325,3.5075,15.1875,3.6175],"rotation":0,"texture":"#0","tintindex":0},"south":{"uv":[12.7575,13.6325,12.9925,13.7425],"rotation":0,"texture":"#0","tintindex":0},"north":{"uv":[9.1325,13.6325,9.3675,13.7425],"rotation":0,"texture":"#0","tintindex":0},"west":{"uv":[3.6325,15.1325,3.6875,15.2425],"rotation":0,"texture":"#0","tintindex":0},"up":{"uv":[15.2425,12.0625,15.0075,12.0075],"rotation":0,"texture":"#0","tintindex":0},"down":{"uv":[13.1175,15.0075,12.8825,15.0625],"rotation":0,"texture":"#0","tintindex":0}}},{"from":[-8.285715,8.0,7.142857],"to":[-6.000001,10.285714,8.857143],"rotation":{"angle":0.0,"axis":"y","origin":[-6.000001,10.285714,8.0]},"faces":{"east":{"uv":[11.7575,14.6325,11.9375,14.8675],"rotation":0,"texture":"#0","tintindex":0},"south":{"uv":[9.3825,14.5075,9.6175,14.7425],"rotation":0,"texture":"#0","tintindex":0},"north":{"uv":[14.5075,6.8825,14.7425,7.1175],"rotation":0,"texture":"#0","tintindex":0},"west":{"uv":[14.6325,11.7575,14.8125,11.9925],"rotation":0,"texture":"#0","tintindex":0},"up":{"uv":[12.2425,14.8125,12.0075,14.6325],"rotation":0,"texture":"#0","tintindex":0},"down":{"uv":[12.8675,14.6325,12.6325,14.8125],"rotation":0,"texture":"#0","tintindex":0}}},{"from":[-10.57143,8.571428,7.428571],"to":[-8.285715,10.285714,8.571428],"rotation":{"angle":22.5,"axis":"z","origin":[-8.285715,10.285714,8.0]},"faces":{"east":{"uv":[15.0075,9.3825,15.1175,9.5625],"rotation":0,"texture":"#0","tintindex":0},"south":{"uv":[14.6325,13.1325,14.8675,13.3125],"rotation":0,"texture":"#0","tintindex":0},"north":{"uv":[12.8825,14.6325,13.1175,14.8125],"rotation":0,"texture":"#0","tintindex":0},"west":{"uv":[9.5075,15.0075,9.6175,15.1875],"rotation":0,"texture":"#0","tintindex":0},"up":{"uv":[1.7425,13.8675,1.5075,13.7575],"rotation":0,"texture":"#0","tintindex":0},"down":{"uv":[14.4925,1.5075,14.2575,1.6175],"rotation":0,"texture":"#0","tintindex":0}}},{"from":[-12.857143,9.142858,7.714286],"to":[-10.57143,10.285714,8.285714],"rotation":{"angle":22.5,"axis":"z","origin":[-8.285715,10.285714,8.0]},"faces":{"east":{"uv":[15.1325,3.6325,15.1875,3.7425],"rotation":0,"texture":"#0","tintindex":0},"south":{"uv":[14.5075,10.7575,14.7425,10.8675],"rotation":0,"texture":"#0","tintindex":0},"north":{"uv":[14.2575,6.6325,14.4925,6.7425],"rotation":0,"texture":"#0","tintindex":0},"west":{"uv":[3.7575,15.1325,3.8125,15.2425],"rotation":0,"texture":"#0","tintindex":0},"up":{"uv":[15.2425,13.0625,15.0075,13.0075],"rotation":0,"texture":"#0","tintindex":0},"down":{"uv":[13.6175,15.0075,13.3825,15.0625],"rotation":0,"texture":"#0","tintindex":0}}}],"display":{"head":{"translation":[0.0,-6.4,0.0],"scale":[4.0,4.0,4.0]}}}