{"textures":{"0":"modelengine:entity/illidan"},"elements":[{"from":[4.3428574,2.6285715,5.4857144],"to":[9.3714285,9.3714285,10.514286],"rotation":{"angle":0.0,"axis":"y","origin":[8.0,8.0,8.0]},"faces":{"east":{"uv":[10.3825,10.0075,10.8675,10.6875],"rotation":0,"texture":"#0","tintindex":0},"south":{"uv":[1.8825,10.5075,2.3675,11.1875],"rotation":0,"texture":"#0","tintindex":0},"north":{"uv":[7.2575,10.3825,7.7425,11.0625],"rotation":0,"texture":"#0","tintindex":0},"west":{"uv":[2.3825,10.5075,2.8675,11.1875],"rotation":0,"texture":"#0","tintindex":0},"up":{"uv":[12.2425,8.8675,11.7575,8.3825],"rotation":0,"texture":"#0","tintindex":0},"down":{"uv":[12.2425,8.8825,11.7575,9.3675],"rotation":0,"texture":"#0","tintindex":0}}},{"from":[3.142857,5.714286,6.285714],"to":[4.285714,9.714286,9.714286],"rotation":{"angle":0.0,"axis":"y","origin":[3.142857,10.857143,7.428571]},"faces":{"east":{"uv":[2.1325,13.0075,2.4925,13.4375],"rotation":0,"texture":"#0","tintindex":0},"south":{"uv":[11.6325,14.5075,11.7425,14.9375],"rotation":0,"texture":"#0","tintindex":0},"north":{"uv":[9.6325,14.5075,9.7425,14.9375],"rotation":0,"texture":"#0","tintindex":0},"west":{"uv":[13.0075,2.3825,13.3675,2.8125],"rotation":0,"texture":"#0","tintindex":0},"up":{"uv":[0.7425,9.6175,0.6325,9.2575],"rotation":0,"texture":"#0","tintindex":0},"down":{"uv":[9.4925,8.0075,9.3825,8.3675],"rotation":0,"texture":"#0","tintindex":0}}},{"from":[3.142857,5.714286,4.0],"to":[4.285714,9.714286,6.285714],"rotation":{"angle":-45.0,"axis":"y","origin":[3.142857,10.857143,6.285714]},"faces":{"east":{"uv":[8.8825,13.3825,9.1175,13.8125],"rotation":0,"texture":"#0","tintindex":0},"south":{"uv":[2.7575,14.6325,2.8675,15.0625],"rotation":0,"texture":"#0","tintindex":0},"north":{"uv":[13.6325,14.5075,13.7425,14.9375],"rotation":0,"texture":"#0","tintindex":0},"west":{"uv":[5.5075,13.5075,5.7425,13.9375],"rotation":0,"texture":"#0","tintindex":0},"up":{"uv":[8.6175,2.7425,8.5075,2.5075],"rotation":0,"texture":"#0","tintindex":0},"down":{"uv":[6.2425,9.0075,6.1325,9.2425],"rotation":0,"texture":"#0","tintindex":0}}},{"from":[3.142857,5.714286,9.714286],"to":[4.285714,9.714286,12.0],"rotation":{"angle":45.0,"axis":"y","origin":[3.142857,10.857143,9.714286]},"faces":{"east":{"uv":[3.7575,13.6325,3.9925,14.0625],"rotation":0,"texture":"#0","tintindex":0},"south":{"uv":[3.0075,14.6325,3.1175,15.0625],"rotation":0,"texture":"#0","tintindex":0},"north":{"uv":[2.8825,14.6325,2.9925,15.0625],"rotation":0,"texture":"#0","tintindex":0},"west":{"uv":[13.6325,4.8825,13.8675,5.3125],"rotation":0,"texture":"#0","tintindex":0},"up":{"uv":[6.6175,10.6175,6.5075,10.3825],"rotation":0,"texture":"#0","tintindex":0},"down":{"uv":[10.8675,6.5075,10.7575,6.7425],"rotation":0,"texture":"#0","tintindex":0}}},{"from":[3.142857,3.4285712,4.0],"to":[3.142857,5.714286,6.285714],"rotation":{"angle":-45.0,"axis":"y","origin":[3.142857,6.857143,6.285714]},"faces":{"east":{"uv":[14.2575,3.7575,14.4925,3.9925],"rotation":0,"texture":"#0","tintindex":0},"south":{"uv":[0.0075,0.0075,0.0075,0.2425],"rotation":0,"texture":"#0","tintindex":0},"north":{"uv":[0.0075,0.0075,0.0075,0.2425],"rotation":0,"texture":"#0","tintindex":0},"west":{"uv":[14.2575,9.7575,14.4925,9.9925],"rotation":0,"texture":"#0","tintindex":0},"up":{"uv":[0.0075,0.2425,0.0075,0.0075],"rotation":0,"texture":"#0","tintindex":0},"down":{"uv":[0.0075,0.0075,0.0075,0.2425],"rotation":0,"texture":"#0","tintindex":0}}},{"from":[3.142857,3.4285712,6.285714],"to":[3.142857,5.714286,9.714286],"rotation":{"angle":0.0,"axis":"y","origin":[3.142857,6.857143,7.428571]},"faces":{"east":{"uv":[1.5075,13.8825,1.8675,14.1175],"rotation":0,"texture":"#0","tintindex":0},"south":{"uv":[0.0075,0.0075,0.0075,0.2425],"rotation":0,"texture":"#0","tintindex":0},"north":{"uv":[0.0075,0.0075,0.0075,0.2425],"rotation":0,"texture":"#0","tintindex":0},"west":{"uv":[1.8825,13.8825,2.2425,14.1175],"rotation":0,"texture":"#0","tintindex":0},"up":{"uv":[0.0075,0.3675,0.0075,0.0075],"rotation":0,"texture":"#0","tintindex":0},"down":{"uv":[0.0075,0.0075,0.0075,0.3675],"rotation":0,"texture":"#0","tintindex":0}}},{"from":[3.142857,3.4285712,9.714286],"to":[3.142857,5.714286,12.0],"rotation":{"angle":45.0,"axis":"y","origin":[3.142857,6.857143,9.714286]},"faces":{"east":{"uv":[11.2575,13.0075,11.4925,13.2425],"rotation":0,"texture":"#0","tintindex":0},"south":{"uv":[0.0075,0.0075,0.0075,0.2425],"rotation":0,"texture":"#0","tintindex":0},"north":{"uv":[0.0075,0.0075,0.0075,0.2425],"rotation":0,"texture":"#0","tintindex":0},"west":{"uv":[13.1325,4.8825,13.3675,5.1175],"rotation":0,"texture":"#0","tintindex":0},"up":{"uv":[0.0075,0.2425,0.0075,0.0075],"rotation":0,"texture":"#0","tintindex":0},"down":{"uv":[0.0075,0.0075,0.0075,0.2425],"rotation":0,"texture":"#0","tintindex":0}}},{"from":[3.7142854,9.714286,6.285714],"to":[4.8571424,10.857143,9.714286],"rotation":{"angle":0.0,"axis":"y","origin":[3.7142854,13.142858,7.428571]},"faces":{"east":{"uv":[2.5075,9.1325,2.8675,9.2425],"rotation":0,"texture":"#0","tintindex":0},"south":{"uv":[12.1325,6.0075,12.2425,6.1175],"rotation":0,"texture":"#0","tintindex":0},"north":{"uv":[11.7575,7.1325,11.8675,7.2425],"rotation":0,"texture":"#0","tintindex":0},"west":{"uv":[1.2575,9.6325,1.6175,9.7425],"rotation":0,"texture":"#0","tintindex":0},"up":{"uv":[8.2425,10.1175,8.1325,9.7575],"rotation":0,"texture":"#0","tintindex":0},"down":{"uv":[7.3675,10.0075,7.2575,10.3675],"rotation":0,"texture":"#0","tintindex":0}}},{"from":[3.7142854,9.714286,4.0],"to":[4.8571424,10.857143,6.285714],"rotation":{"angle":-45.0,"axis":"y","origin":[3.7142854,13.142858,6.285714]},"faces":{"east":{"uv":[13.1325,3.7575,13.3675,3.8675],"rotation":0,"texture":"#0","tintindex":0},"south":{"uv":[11.6325,3.6325,11.7425,3.7425],"rotation":0,"texture":"#0","tintindex":0},"north":{"uv":[10.8825,10.6325,10.9925,10.7425],"rotation":0,"texture":"#0","tintindex":0},"west":{"uv":[13.2575,3.2575,13.4925,3.3675],"rotation":0,"texture":"#0","tintindex":0},"up":{"uv":[11.7425,11.6175,11.6325,11.3825],"rotation":0,"texture":"#0","tintindex":0},"down":{"uv":[2.3675,11.7575,2.2575,11.9925],"rotation":0,"texture":"#0","tintindex":0}}},{"from":[3.7142854,9.714286,9.714286],"to":[4.8571424,10.857143,12.0],"rotation":{"angle":45.0,"axis":"y","origin":[3.7142854,13.142858,9.714286]},"faces":{"east":{"uv":[13.0075,0.7575,13.2425,0.8675],"rotation":0,"texture":"#0","tintindex":0},"south":{"uv":[1.8825,10.3825,1.9925,10.4925],"rotation":0,"texture":"#0","tintindex":0},"north":{"uv":[5.3825,10.2575,5.4925,10.3675],"rotation":0,"texture":"#0","tintindex":0},"west":{"uv":[1.1325,13.1325,1.3675,13.2425],"rotation":0,"texture":"#0","tintindex":0},"up":{"uv":[10.9925,8.4925,10.8825,8.2575],"rotation":0,"texture":"#0","tintindex":0},"down":{"uv":[1.8675,11.0075,1.7575,11.2425],"rotation":0,"texture":"#0","tintindex":0}}},{"from":[4.5714283,-1.1428576,5.714286],"to":[9.142858,2.8571424,10.285714],"rotation":{"angle":0.0,"axis":"y","origin":[6.857143,2.8571424,8.0]},"faces":{"east":{"uv":[12.5075,4.1325,12.9925,4.5625],"rotation":0,"texture":"#0","tintindex":0},"south":{"uv":[9.5075,12.5075,9.9925,12.9375],"rotation":0,"texture":"#0","tintindex":0},"north":{"uv":[2.6325,12.5075,3.1175,12.9375],"rotation":0,"texture":"#0","tintindex":0},"west":{"uv":[10.0075,12.5075,10.4925,12.9375],"rotation":0,"texture":"#0","tintindex":0},"up":{"uv":[7.7425,12.2425,7.2575,11.7575],"rotation":0,"texture":"#0","tintindex":0},"down":{"uv":[12.2425,7.8825,11.7575,8.3675],"rotation":0,"texture":"#0","tintindex":0}}},{"from":[4.9142857,-4.228573,5.2],"to":[8.8,0.22857094,10.8],"rotation":{"angle":0.0,"axis":"y","origin":[6.857143,-1.1428576,8.0]},"faces":{"east":{"uv":[12.0075,4.6325,12.5625,5.0625],"rotation":0,"texture":"#0","tintindex":0},"south":{"uv":[1.7575,13.0075,2.1175,13.4375],"rotation":0,"texture":"#0","tintindex":0},"north":{"uv":[13.0075,1.3825,13.3675,1.8125],"rotation":0,"texture":"#0","tintindex":0},