{"textures":{"0":"modelengine:entity/illidan"},"elements":[{"from":[7.57347,0.7472019,7.714286],"to":[8.430613,3.6043444,8.285714],"rotation":{"angle":45.0,"axis":"z","origin":[8.0,3.142857,8.0]},"faces":{"east":{"uv":[11.6325,15.0075,11.6875,15.3125],"rotation":0,"texture":"#0","tintindex":0},"south":{"uv":[14.7575,1.5075,14.8675,1.8125],"rotation":0,"texture":"#0","tintindex":0},"north":{"uv":[14.7575,1.1325,14.8675,1.4375],"rotation":0,"texture":"#0","tintindex":0},"west":{"uv":[11.7575,15.0075,11.8125,15.3125],"rotation":0,"texture":"#0","tintindex":0},"up":{"uv":[15.2425,2.3125,15.1325,2.2575],"rotation":0,"texture":"#0","tintindex":0},"down":{"uv":[2.4925,15.1325,2.3825,15.1875],"rotation":0,"texture":"#0","tintindex":0}}},{"from":[7.142857,2.2857141,7.428571],"to":[8.571428,5.142857,8.571428],"rotation":{"angle":22.5,"axis":"z","origin":[7.142857,5.142857,8.0]},"faces":{"east":{"uv":[1.7575,14.7575,1.8675,15.0625],"rotation":0,"texture":"#0","tintindex":0},"south":{"uv":[14.5075,14.3825,14.6875,14.6875],"rotation":0,"texture":"#0","tintindex":0},"north":{"uv":[14.2575,14.5075,14.4375,14.8125],"rotation":0,"texture":"#0","tintindex":0},"west":{"uv":[1.8825,14.7575,1.9925,15.0625],"rotation":0,"texture":"#0","tintindex":0},"up":{"uv":[1.1875,15.1175,1.0075,15.0075],"rotation":0,"texture":"#0","tintindex":0},"down":{"uv":[1.4375,15.0075,1.2575,15.1175],"rotation":0,"texture":"#0","tintindex":0}}},{"from":[7.028571,5.028571,7.3142858],"to":[8.971429,8.685715,8.685715],"rotation":{"angle":0.0,"axis":"y","origin":[8.0,8.0,8.0]},"faces":{"east":{"uv":[6.3825,14.6325,6.4925,14.9925],"rotation":0,"texture":"#0","tintindex":0},"south":{"uv":[14.2575,2.2575,14.4375,2.6175],"rotation":0,"texture":"#0","tintindex":0},"north":{"uv":[14.2575,1.8825,14.4375,2.2425],"rotation":0,"texture":"#0","tintindex":0},"west":{"uv":[14.6325,8.6325,14.7425,8.9925],"rotation":0,"texture":"#0","tintindex":0},"up":{"uv":[1.6875,15.1175,1.5075,15.0075],"rotation":0,"texture":"#0","tintindex":0},"down":{"uv":[2.4375,15.0075,2.2575,15.1175],"rotation":0,"texture":"#0","tintindex":0}}}],"display":{"head":{"translation":[0.0,-6.4,0.0],"scale":[4.0,4.0,4.0]}}}