{"textures":{"0":"modelengine:entity/illidan"},"elements":[{"from":[6.857143,6.857143,6.857143],"to":[9.142858,9.142858,9.142858],"rotation":{"angle":0.0,"axis":"y","origin":[8.0,8.0,8.0]},"faces":{"east":{"uv":[8.8825,14.3825,9.1175,14.6175],"rotation":0,"texture":"#0","tintindex":0},"south":{"uv":[14.3825,8.8825,14.6175,9.1175],"rotation":0,"texture":"#0","tintindex":0},"north":{"uv":[14.3825,8.6325,14.6175,8.8675],"rotation":0,"texture":"#0","tintindex":0},"west":{"uv":[9.1325,14.3825,9.3675,14.6175],"rotation":0,"texture":"#0","tintindex":0},"up":{"uv":[14.6175,9.3675,14.3825,9.1325],"rotation":0,"texture":"#0","tintindex":0},"down":{"uv":[10.9925,14.3825,10.7575,14.6175],"rotation":0,"texture":"#0","tintindex":0}}},{"from":[7.142857,-9.1428585,7.142857],"to":[8.857143,6.857143,8.857143],"rotation":{"angle":0.0,"axis":"y","origin":[8.0,6.857143,8.0]},"faces":{"east":{"uv":[10.5075,10.7575,10.6875,12.4925],"rotation":0,"texture":"#0","tintindex":0},"south":{"uv":[10.7575,10.7575,10.9375,12.4925],"rotation":0,"texture":"#0","tintindex":0},"north":{"uv":[10.2575,10.7575,10.4375,12.4925],"rotation":0,"texture":"#0","tintindex":0},"west":{"uv":[4.6325,10.8825,4.8125,12.6175],"rotation":0,"texture":"#0","tintindex":0},"up":{"uv":[5.5625,15.0625,5.3825,14.8825],"rotation":0,"texture":"#0","tintindex":0},"down":{"uv":[15.0625,5.5075,14.8825,5.6875],"rotation":0,"texture":"#0","tintindex":0}}},{"from":[8.857143,-9.1428585,8.571428],"to":[14.0,9.142858,8.571428],"rotation":{"angle":0.0,"axis":"y","origin":[9.714286,9.142858,8.571428]},"faces":{"east":{"uv":[0.0075,0.0075,0.0075,1.9925],"rotation":0,"texture":"#0","tintindex":0},"south":{"uv":[6.18,6.5,5.625,8.485],"rotation":0,"texture":"#0","tintindex":0},"north":{"uv":[5.625,6.5,6.18,8.485],"rotation":0,"texture":"#0","tintindex":0},"west":{"uv":[0.0075,0.0075,0.0075,1.9925],"rotation":0,"texture":"#0","tintindex":0},"up":{"uv":[0.5625,0.0075,0.0075,0.0075],"rotation":0,"texture":"#0","tintindex":0},"down":{"uv":[0.5625,0.0075,0.0075,0.0075],"rotation":0,"texture":"#0","tintindex":0}}}],"display":{"head":{"translation":[0.0,-6.4,0.0],"scale":[4.0,4.0,4.0]}}}