{"textures":{"0":"modelengine:entity/illidan"},"elements":[{"from":[7.57347,0.7472019,7.714286],"to":[8.430613,3.6043444,8.285714],"rotation":{"angle":45.0,"axis":"z","origin":[8.0,3.142857,8.0]},"faces":{"east":{"uv":[12.1325,15.0075,12.1875,15.3125],"rotation":0,"texture":"#0","tintindex":0},"south":{"uv":[14.7575,3.0075,14.8675,3.3125],"rotation":0,"texture":"#0","tintindex":0},"north":{"uv":[14.7575,2.6325,14.8675,2.9375],"rotation":0,"texture":"#0","tintindex":0},"west":{"uv":[12.2575,15.0075,12.3125,15.3125],"rotation":0,"texture":"#0","tintindex":0},"up":{"uv":[15.2425,2.5625,15.1325,2.5075],"rotation":0,"texture":"#0","tintindex":0},"down":{"uv":[2.7425,15.1325,2.6325,15.1875],"rotation":0,"texture":"#0","tintindex":0}}},{"from":[7.142857,2.2857141,7.428571],"to":[8.571428,5.142857,8.571428],"rotation":{"angle":22.5,"axis":"z","origin":[7.142857,5.142857,8.0]},"faces":{"east":{"uv":[3.1325,14.7575,3.2425,15.0625],"rotation":0,"texture":"#0","tintindex":0},"south":{"uv":[1.0075,14.6325,1.1875,14.9375],"rotation":0,"texture":"#0","tintindex":0},"north":{"uv":[0.7575,14.6325,0.9375,14.9375],"rotation":0,"texture":"#0","tintindex":0},"west":{"uv":[3.2575,14.7575,3.3675,15.0625],"rotation":0,"texture":"#0","tintindex":0},"up":{"uv":[6.5625,15.1175,6.3825,15.0075],"rotation":0,"texture":"#0","tintindex":0},"down":{"uv":[15.1875,6.3825,15.0075,6.4925],"rotation":0,"texture":"#0","tintindex":0}}},{"from":[7.028571,5.028571,7.3142858],"to":[8.971429,8.685715,8.685715],"rotation":{"angle":0.0,"axis":"y","origin":[8.0,8.0,8.0]},"faces":{"east":{"uv":[8.8825,14.6325,8.9925,14.9925],"rotation":0,"texture":"#0","tintindex":0},"south":{"uv":[14.2575,4.3825,14.4375,4.7425],"rotation":0,"texture":"#0","tintindex":0},"north":{"uv":[14.2575,2.6325,14.4375,2.9925],"rotation":0,"texture":"#0","tintindex":0},"west":{"uv":[9.0075,14.6325,9.1175,14.9925],"rotation":0,"texture":"#0","tintindex":0},"up":{"uv":[15.1875,6.6175,15.0075,6.5075],"rotation":0,"texture":"#0","tintindex":0},"down":{"uv":[15.1875,6.6325,15.0075,6.7425],"rotation":0,"texture":"#0","tintindex":0}}}],"display":{"head":{"translation":[0.0,-6.4,0.0],"scale":[4.0,4.0,4.0]}}}