{"textures":{"0":"modelengine:entity/illidan"},"elements":[{"from":[6.857143,6.857143,6.857143],"to":[9.142858,9.142858,9.142858],"rotation":{"angle":0.0,"axis":"y","origin":[8.0,8.0,8.0]},"faces":{"east":{"uv":[14.5075,0.7575,14.7425,0.9925],"rotation":0,"texture":"#0","tintindex":0},"south":{"uv":[14.5075,1.0075,14.7425,1.2425],"rotation":0,"texture":"#0","tintindex":0},"north":{"uv":[14.5075,0.5075,14.7425,0.7425],"rotation":0,"texture":"#0","tintindex":0},"west":{"uv":[14.5075,1.2575,14.7425,1.4925],"rotation":0,"texture":"#0","tintindex":0},"up":{"uv":[14.7425,1.7425,14.5075,1.5075],"rotation":0,"texture":"#0","tintindex":0},"down":{"uv":[1.9925,14.5075,1.7575,14.7425],"rotation":0,"texture":"#0","tintindex":0}}},{"from":[7.142857,-9.1428585,7.142857],"to":[8.857143,6.857143,8.857143],"rotation":{"angle":0.0,"axis":"y","origin":[8.0,6.857143,8.0]},"faces":{"east":{"uv":[8.6325,10.8825,8.8125,12.6175],"rotation":0,"texture":"#0","tintindex":0},"south":{"uv":[8.8825,10.8825,9.0625,12.6175],"rotation":0,"texture":"#0","tintindex":0},"north":{"uv":[8.3825,10.8825,8.5625,12.6175],"rotation":0,"texture":"#0","tintindex":0},"west":{"uv":[0.5075,11.0075,0.6875,12.7425],"rotation":0,"texture":"#0","tintindex":0},"up":{"uv":[6.9375,15.0625,6.7575,14.8825],"rotation":0,"texture":"#0","tintindex":0},"down":{"uv":[7.1875,14.8825,7.0075,15.0625],"rotation":0,"texture":"#0","tintindex":0}}},{"from":[8.857143,-9.1428585,8.571428],"to":[14.0,9.142858,8.571428],"rotation":{"angle":0.0,"axis":"y","origin":[9.714286,9.142858,8.571428]},"faces":{"east":{"uv":[0.0075,0.0075,0.0075,1.9925],"rotation":0,"texture":"#0","tintindex":0},"south":{"uv":[6.18,6.5,5.625,8.485],"rotation":0,"texture":"#0","tintindex":0},"north":{"uv":[5.625,6.5,6.18,8.485],"rotation":0,"texture":"#0","tintindex":0},"west":{"uv":[0.0075,0.0075,0.0075,1.9925],"rotation":0,"texture":"#0","tintindex":0},"up":{"uv":[0.5625,0.0075,0.0075,0.0075],"rotation":0,"texture":"#0","tintindex":0},"down":{"uv":[0.5625,0.0075,0.0075,0.0075],"rotation":0,"texture":"#0","tintindex":0}}},{"from":[4.285714,-10.285715,8.285714],"to":[7.142857,8.0,8.285714],"rotation":{"angle":0.0,"axis":"y","origin":[6.285714,8.0,8.285714]},"faces":{"east":{"uv":[0.0075,0.0075,0.0075,1.9925],"rotation":0,"texture":"#0","tintindex":0},"south":{"uv":[6.875,6.5,7.18,8.485],"rotation":0,"texture":"#0","tintindex":0},"north":{"uv":[7.18,6.5,6.875,8.485],"rotation":0,"texture":"#0","tintindex":0},"west":{"uv":[0.0075,0.0075,0.0075,1.9925],"rotation":0,"texture":"#0","tintindex":0},"up":{"uv":[0.3125,0.0075,0.0075,0.0075],"rotation":0,"texture":"#0","tintindex":0},"down":{"uv":[0.3125,0.0075,0.0075,0.0075],"rotation":0,"texture":"#0","tintindex":0}}}],"display":{"head":{"translation":[0.0,-6.4,0.0],"scale":[4.0,4.0,4.0]}}}