{"textures":{"0":"modelengine:entity/illidan"},"elements":[{"from":[5.4857144,5.6,5.4857144],"to":[10.514286,8.914286,10.514286],"rotation":{"angle":0.0,"axis":"y","origin":[8.0,8.685715,8.0]},"faces":{"east":{"uv":[9.8825,13.0075,10.3675,13.3125],"rotation":0,"texture":"#0","tintindex":0},"south":{"uv":[10.3825,13.0075,10.8675,13.3125],"rotation":0,"texture":"#0","tintindex":0},"north":{"uv":[9.3825,13.0075,9.8675,13.3125],"rotation":0,"texture":"#0","tintindex":0},"west":{"uv":[13.0075,10.5075,13.4925,10.8125],"rotation":0,"texture":"#0","tintindex":0},"up":{"uv":[12.2425,0.4925,11.7575,0.0075],"rotation":0,"texture":"#0","tintindex":0},"down":{"uv":[2.2425,11.7575,1.7575,12.2425],"rotation":0,"texture":"#0","tintindex":0}}},{"from":[6.285714,2.9714284,5.142857],"to":[6.285714,5.8285713,10.857143],"rotation":{"angle":-45.0,"axis":"z","origin":[6.285714,5.8285713,8.0]},"faces":{"east":{"uv":[8.2575,12.6325,8.8675,12.9375],"rotation":0,"texture":"#0","tintindex":0},"south":{"uv":[0.0075,0.0075,0.0075,0.3125],"rotation":0,"texture":"#0","tintindex":0},"north":{"uv":[0.0075,0.0075,0.0075,0.3125],"rotation":0,"texture":"#0","tintindex":0},"west":{"uv":[12.6325,8.2575,13.2425,8.5625],"rotation":0,"texture":"#0","tintindex":0},"up":{"uv":[0.0075,0.6175,0.0075,0.0075],"rotation":0,"texture":"#0","tintindex":0},"down":{"uv":[0.0075,0.0075,0.0075,0.6175],"rotation":0,"texture":"#0","tintindex":0}}},{"from":[9.714286,2.9714284,5.142857],"to":[9.714286,5.8285713,10.857143],"rotation":{"angle":45.0,"axis":"z","origin":[9.714286,5.8285713,8.0]},"faces":{"east":{"uv":[13.2425,8.2575,12.6325,8.5625],"rotation":0,"texture":"#0","tintindex":0},"south":{"uv":[0.0075,0.0075,0.0075,0.3125],"rotation":0,"texture":"#0","tintindex":0},"north":{"uv":[0.0075,0.0075,0.0075,0.3125],"rotation":0,"texture":"#0","tintindex":0},"west":{"uv":[8.8675,12.6325,8.2575,12.9375],"rotation":0,"texture":"#0","tintindex":0},"up":{"uv":[0.0075,0.6175,0.0075,0.0075],"rotation":0,"texture":"#0","tintindex":0},"down":{"uv":[0.0075,0.0075,0.0075,0.6175],"rotation":0,"texture":"#0","tintindex":0}}},{"from":[5.142857,2.9714284,6.0],"to":[10.857143,5.8285713,6.0],"rotation":{"angle":45.0,"axis":"x","origin":[8.0,5.8285713,6.0]},"faces":{"east":{"uv":[0.0075,0.0075,0.0075,0.3125],"rotation":0,"texture":"#0","tintindex":0},"south":{"uv":[12.6325,9.0075,13.2425,9.3125],"rotation":0,"texture":"#0","tintindex":0},"north":{"uv":[12.6325,8.6325,13.2425,8.9375],"rotation":0,"texture":"#0","tintindex":0},"west":{"uv":[0.0075,0.0075,0.0075,0.3125],"rotation":0,"texture":"#0","tintindex":0},"up":{"uv":[0.6175,0.0075,0.0075,0.0075],"rotation":0,"texture":"#0","tintindex":0},"down":{"uv":[0.6175,0.0075,0.0075,0.0075],"rotation":0,"texture":"#0","tintindex":0}}},{"from":[5.142857,2.9714284,10.0],"to":[10.857143,5.8285713,10.0],"rotation":{"angle":-45.0,"axis":"x","origin":[8.0,5.8285713,10.0]},"faces":{"east":{"uv":[0.0075,0.0075,0.0075,0.3125],"rotation":0,"texture":"#0","tintindex":0},"south":{"uv":[13.2425,8.6325,12.6325,8.9375],"rotation":0,"texture":"#0","tintindex":0},"north":{"uv":[13.2425,9.0075,12.6325,9.3125],"rotation":0,"texture":"#0","tintindex":0},"west":{"uv":[0.0075,0.0075,0.0075,0.3125],"rotation":0,"texture":"#0","tintindex":0},"up":{"uv":[0.6175,0.0075,0.0075,0.0075],"rotation":0,"texture":"#0","tintindex":0},"down":{"uv":[0.6175,0.0075,0.0075,0.0075],"rotation":0,"texture":"#0","tintindex":0}}},{"from":[6.285714,2.000008,6.2779436],"to":[9.714286,6.571437,9.706515],"rotation":{"angle":22.5,"axis":"x","origin":[8.0,5.714286,8.0]},"faces":{"east":{"uv":[12.8825,0.8825,13.2425,1.3675],"rotation":0,"texture":"#0","tintindex":0},"south":{"uv":[12.8825,1.8825,13.2425,2.3675],"rotation":0,"texture":"#0","tintindex":0},"north":{"uv":[1.3825,12.7575,1.7425,13.2425],"rotation":0,"texture":"#0","tintindex":0},"west":{"uv":[12.8825,2.8825,13.2425,3.3675],"rotation":0,"texture":"#0","tintindex":0},"up":{"uv":[11.4925,5.9925,11.1325,5.6325],"rotation":0,"texture":"#0","tintindex":0},"down":{"uv":[11.7425,7.8825,11.3825,8.2425],"rotation":0,"texture":"#0","tintindex":0}}},{"from":[5.714286,-0.45714378,4.285714],"to":[10.285714,3.5428567,8.857143],"rotation":{"angle":0.0,"axis":"y","origin":[8.0,3.5428567,6.5714283]},"faces":{"east":{"uv":[12.3825,1.0075,12.8675,1.4375],"rotation":0,"texture":"#0","tintindex":0},"south":{"uv":[12.3825,1.8825,12.8675,2.3125],"rotation":0,"texture":"#0","tintindex":0},"north":{"uv":[12.2575,11.8825,12.7425,12.3125],"rotation":0,"texture":"#0","tintindex":0},"west":{"uv":[12.3825,6.7575,12.8675,7.1875],"rotation":0,"texture":"#0","tintindex":0},"up":{"uv":[7.8675,9.7425,7.3825,9.2575],"rotation":0,"texture":"#0","tintindex":0},"down":{"uv":[11.7425,11.6325,11.2575,12.1175],"rotation":0,"texture":"#0","tintindex":0}}},{"from":[4.9714284,-0.45714378,2.742857],"to":[8.4,1.8285708,4.457143],"rotation":{"angle":45.0,"axis":"y","origin":[6.9714284,1.2571425,3.6]},"faces":{"east":{"uv":[14.6325,3.5075,14.8125,3.7425],"rotation":0,"texture":"#0","tintindex":0},"south":{"uv":[11.7575,9.8825,12.1175,10.1175],"rotation":0,"texture":"#0","tintindex":0},"north":{"uv":[2.8825,10.5075,3.2425,10.7425],"rotation":0,"texture":"#0","tintindex":0},"west":{"uv":[14.6325,4.0075,14.8125,4.2425],"rotation":0,"texture":"#0","tintindex":0},"up":{"uv":[14.4925,10.5625,14.1325,10.3825],"rotation":0,"texture":"#0","tintindex":0},"down":{"uv":[14.4925,10.6325,14.1325,10.8125],"rotation":0,"texture":"#0","tintindex":0}}},{"from":[7.6,-0.45714378,2.1714282],"to":[9.885715,1.8285708,5.6],"rotation":{"angle":45.0,"axis":"y","origin":[9.028571,1.2571425,3.6]},"faces":{"east":{"uv":[9.1325,6.0075,9.4925,6.2425],"rotation":0,"texture":"#0","tintindex":0},"south":{"uv":[11.7575,4.1325,11.9925,4.3675],"rotation":0,"texture":"#0","tintindex":0},"north":{"uv":[11.0075,3.7575,11.2425,3.9925],"rotation":0,"texture":"#0","tintindex":0},"west":{"uv":[10.1325,9.1325,10.4925,9.3675],"rotation":0,"texture":"#0","tintindex":0},"up":{"uv":[9.3675,7.7425,9.1325,7.3825],"rotation":0,"texture":"#0","tintindex":0},"down":{"uv":[3.7425,9.2575,3.5075,9.6175],"rotation":0,"texture":"#0","tintindex":0}}},{"from":[6.1142855,1.8285708,3.4285712],"to":[8.4,2.9714284,5.142857],"rotation":{"angle":45.0,"axis":"y","origin":[6.9714284,2.3999996,4.285714]},"faces":{"east":{"uv":[14.8825,12.1325,15.0625,12.2425],"rotation":0,"texture":"#0","tintindex":0},"south":{"uv":[12.8825,7.1325,13.1175,7.2425],"rotation":0,"texture":"#0","tintindex":0},"north":{"uv":[12.7575,10.5075,12.9925,10.6175],"rotation":0,"texture":"#0","tintindex":0},"west":{"uv":[14.8825,12.2575,15.0625,12.3675],"rotation":0,"texture":"#0","tintindex":0},"up":{"uv":[14.8675,5.0625,14.6325,4.8825],"rotation":0,"texture":"#0","tintindex":0},"down":{"uv":[5.3675,14.6325,5.1325,14.8125],"rotation":0,"texture":"#0","tintindex":0}}},{"from":[7.6,1.8285708,2.8571424],"to":[9.885715,2.9714284,5.142857],"rotation":{"angle":45.0,"axis":"y","origin":[9.028571,2.3999996,4.285714]},"faces":{"east":{"uv":[12.2575,0.3825,12.4925,0.4925],"rotation":0,"texture":"#0","tintindex":0},"south":{"uv":[5.1325,12.6325,5.3675,12.7425],"rotation":0,"texture":"#0","tintindex":0},"north":{"uv":[10.0075,7.2575,10.2425,7.3675],"rotation":0,"texture":"#0","tintindex":0},"west":{"uv":[12.6325,5.5075,12.8675,5.6175],"rotation":0,"texture":"#0","tintindex":0},"up":{"uv":[4.2425,12.7425,4.0075,12.5075],"rotation":0,"texture":"#0","tintindex":0},"down":{"uv":[13.2425,10.8825,13.0075,11.1175],"rotation":0,"texture":"#0","tintindex":0}}}],"display":{"head":{"translation":[0.0,-6.4,0.0],"scale":[4.0,4.0,4.0]}}}