{"textures":{"0":"modelengine:entity/illidan"},"elements":[{"from":[6.857143,8.0,10.285714],"to":[6.857143,12.571428,19.428572],"rotation":{"angle":-45.0,"axis":"y","origin":[8.0,8.0,8.0]},"faces":{"east":{"uv":[9.1325,8.8825,10.1175,9.3675],"rotation":0,"texture":"#0","tintindex":0},"south":{"uv":[0.0075,0.0075,0.0075,0.4925],"rotation":0,"texture":"#0","tintindex":0},"north":{"uv":[0.0075,0.0075,0.0075,0.4925],"rotation":0,"texture":"#0","tintindex":0},"west":{"uv":[2.5075,9.2575,3.4925,9.7425],"rotation":0,"texture":"#0","tintindex":0},"up":{"uv":[0.0075,0.9925,0.0075,0.0075],"rotation":0,"texture":"#0","tintindex":0},"down":{"uv":[0.0075,0.0075,0.0075,0.9925],"rotation":0,"texture":"#0","tintindex":0}}},{"from":[6.857143,8.0,8.0],"to":[8.0,11.428572,10.285714],"rotation":{"angle":-45.0,"axis":"y","origin":[8.0,8.0,8.0]},"faces":{"east":{"uv":[14.0075,4.3825,14.2425,4.7425],"rotation":0,"texture":"#0","tintindex":0},"south":{"uv":[9.1325,14.6325,9.2425,14.9925],"rotation":0,"texture":"#0","tintindex":0},"north":{"uv":[14.6325,9.0075,14.7425,9.3675],"rotation":0,"texture":"#0","tintindex":0},"west":{"uv":[5.3825,14.0075,5.6175,14.3675],"rotation":0,"texture":"#0","tintindex":0},"up":{"uv":[8.2425,15.1175,8.1325,14.8825],"rotation":0,"texture":"#0","tintindex":0},"down":{"uv":[8.3675,14.8825,8.2575,15.1175],"rotation":0,"texture":"#0","tintindex":0}}}],"display":{"head":{"translation":[0.0,-6.4,0.0],"scale":[4.0,4.0,4.0]}}}