{"textures":{"0":"modelengine:entity/illidan"},"elements":[{"from":[6.5714283,6.5714283,6.5714283],"to":[9.428572,9.428572,9.428572],"rotation":{"angle":0.0,"axis":"y","origin":[8.0,8.0,8.0]},"faces":{"east":{"uv":[14.0625,12.0075,13.7575,12.3125],"rotation":0,"texture":"#0","tintindex":0},"south":{"uv":[10.5625,13.7575,10.2575,14.0625],"rotation":0,"texture":"#0","tintindex":0},"north":{"uv":[10.1875,13.7575,9.8825,14.0625],"rotation":0,"texture":"#0","tintindex":0},"west":{"uv":[14.0625,10.1325,13.7575,10.4375],"rotation":0,"texture":"#0","tintindex":0},"up":{"uv":[13.7575,12.6875,14.0625,12.3825],"rotation":0,"texture":"#0","tintindex":0},"down":{"uv":[12.7575,13.7575,13.0625,14.0625],"rotation":0,"texture":"#0","tintindex":0}}},{"from":[9.428572,6.857143,6.857143],"to":[12.857143,9.142858,9.142858],"rotation":{"angle":0.0,"axis":"y","origin":[9.428572,8.0,8.0]},"faces":{"east":{"uv":[14.7425,6.3825,14.5075,6.6175],"rotation":0,"texture":"#0","tintindex":0},"south":{"uv":[14.3675,7.6325,14.0075,7.8675],"rotation":0,"texture":"#0","tintindex":0},"north":{"uv":[7.7425,14.0075,7.3825,14.2425],"rotation":0,"texture":"#0","tintindex":0},"west":{"uv":[14.7425,6.1325,14.5075,6.3675],"rotation":0,"texture":"#0","tintindex":0},"up":{"uv":[14.0075,8.1175,14.3675,7.8825],"rotation":0,"texture":"#0","tintindex":0},"down":{"uv":[14.0075,8.1325,14.3675,8.3675],"rotation":0,"texture":"#0","tintindex":0}}},{"from":[12.857143,5.428571,6.5714283],"to":[19.714287,9.428572,9.428572],"rotation":{"angle":0.0,"axis":"y","origin":[12.857143,8.0,8.0]},"faces":{"east":{"uv":[0.6875,13.3825,0.3825,13.8125],"rotation":0,"texture":"#0","tintindex":0},"south":{"uv":[11.7425,0.0075,11.0075,0.4375],"rotation":0,"texture":"#0","tintindex":0},"north":{"uv":[11.6175,1.5075,10.8825,1.9375],"rotation":0,"texture":"#0","tintindex":0},"west":{"uv":[0.3125,13.3825,0.0075,13.8125],"rotation":0,"texture":"#0","tintindex":0},"up":{"uv":[12.2575,1.8125,12.9925,1.5075],"rotation":0,"texture":"#0","tintindex":0},"down":{"uv":[12.2575,2.5075,12.9925,2.8125],"rotation":0,"texture":"#0","tintindex":0}}},{"from":[19.714287,6.857143,6.857143],"to":[23.142857,9.142858,9.142858],"rotation":{"angle":22.5,"axis":"z","origin":[19.714287,6.857143,8.0]},"faces":{"east":{"uv":[14.7425,6.6325,14.5075,6.8675],"rotation":0,"texture":"#0","tintindex":0},"south":{"uv":[14.3675,8.6325,14.0075,8.8675],"rotation":0,"texture":"#0","tintindex":0},"north":{"uv":[14.3675,8.3825,14.0075,8.6175],"rotation":0,"texture":"#0","tintindex":0},"west":{"uv":[6.7425,14.5075,6.5075,14.7425],"rotation":0,"texture":"#0","tintindex":0},"up":{"uv":[14.0075,9.1175,14.3675,8.8825],"rotation":0,"texture":"#0","tintindex":0},"down":{"uv":[14.0075,9.1325,14.3675,9.3675],"rotation":0,"texture":"#0","tintindex":0}}},{"from":[19.714287,5.714286,7.428571],"to":[22.0,7.428571,8.571428],"rotation":{"angle":0.0,"axis":"y","origin":[19.714287,7.428571,8.0]},"faces":{"east":{"uv":[9.4925,15.0075,9.3825,15.1875],"rotation":0,"texture":"#0","tintindex":0},"south":{"uv":[14.8675,11.5075,14.6325,11.6875],"rotation":0,"texture":"#0","tintindex":0},"north":{"uv":[10.9925,14.6325,10.7575,14.8125],"rotation":0,"texture":"#0","tintindex":0},"west":{"uv":[6.7425,15.0075,6.6325,15.1875],"rotation":0,"texture":"#0","tintindex":0},"up":{"uv":[13.5075,5.8675,13.7425,5.7575],"rotation":0,"texture":"#0","tintindex":0},"down":{"uv":[7.8825,13.6325,8.1175,13.7425],"rotation":0,"texture":"#0","tintindex":0}}},{"from":[22.0,6.0,7.714286],"to":[24.285715,7.142857,8.285714],"rotation":{"angle":0.0,"axis":"y","origin":[19.714287,7.142857,8.0]},"faces":{"east":{"uv":[3.6875,15.1325,3.6325,15.2425],"rotation":0,"texture":"#0","tintindex":0},"south":{"uv":[12.9925,13.6325,12.7575,13.7425],"rotation":0,"texture":"#0","tintindex":0},"north":{"uv":[9.3675,13.6325,9.1325,13.7425],"rotation":0,"texture":"#0","tintindex":0},"west":{"uv":[15.1875,3.5075,15.1325,3.6175],"rotation":0,"texture":"#0","tintindex":0},"up":{"uv":[15.0075,12.0625,15.2425,12.0075],"rotation":0,"texture":"#0","tintindex":0},"down":{"uv":[12.8825,15.0075,13.1175,15.0625],"rotation":0,"texture":"#0","tintindex":0}}},{"from":[22.0,8.0,7.142857],"to":[24.285715,10.285714,8.857143],"rotation":{"angle":0.0,"axis":"y","origin":[22.0,10.285714,8.0]},"faces":{"east":{"uv":[14.8125,11.7575,14.6325,11.9925],"rotation":0,"texture":"#0","tintindex":0},"south":{"uv":[9.6175,14.5075,9.3825,14.7425],"rotation":0,"texture":"#0","tintindex":0},"north":{"uv":[14.7425,6.8825,14.5075,7.1175],"rotation":0,"texture":"#0","tintindex":0},"west":{"uv":[11.9375,14.6325,11.7575,14.8675],"rotation":0,"texture":"#0","tintindex":0},"up":{"uv":[12.0075,14.8125,12.2425,14.6325],"rotation":0,"texture":"#0","tintindex":0},"down":{"uv":[12.6325,14.6325,12.8675,14.8125],"rotation":0,"texture":"#0","tintindex":0}}},{"from":[24.285715,8.571428,7.428571],"to":[26.57143,10.285714,8.571428],"rotation":{"angle":-22.5,"axis":"z","origin":[24.285715,10.285714,8.0]},"faces":{"east":{"uv":[9.6175,15.0075,9.5075,15.1875],"rotation":0,"texture":"#0","tintindex":0},"south":{"uv":[14.8675,13.1325,14.6325,13.3125],"rotation":0,"texture":"#0","tintindex":0},"north":{"uv":[13.1175,14.6325,12.8825,14.8125],"rotation":0,"texture":"#0","tintindex":0},"west":{"uv":[15.1175,9.3825,15.0075,9.5625],"rotation":0,"texture":"#0","tintindex":0},"up":{"uv":[1.5075,13.8675,1.7425,13.7575],"rotation":0,"texture":"#0","tintindex":0},"down":{"uv":[14.2575,1.5075,14.4925,1.6175],"rotation":0,"texture":"#0","tintindex":0}}},{"from":[26.57143,9.142858,7.714286],"to":[28.857143,10.285714,8.285714],"rotation":{"angle":-22.5,"axis":"z","origin":[24.285715,10.285714,8.0]},"faces":{"east":{"uv":[3.8125,15.1325,3.7575,15.2425],"rotation":0,"texture":"#0","tintindex":0},"south":{"uv":[14.7425,10.7575,14.5075,10.8675],"rotation":0,"texture":"#0","tintindex":0},"north":{"uv":[14.4925,6.6325,14.2575,6.7425],"rotation":0,"texture":"#0","tintindex":0},"west":{"uv":[15.1875,3.6325,15.1325,3.7425],"rotation":0,"texture":"#0","tintindex":0},"up":{"uv":[15.0075,13.0625,15.2425,13.0075],"rotation":0,"texture":"#0","tintindex":0},"down":{"uv":[13.3825,15.0075,13.6175,15.0625],"rotation":0,"texture":"#0","tintindex":0}}}],"display":{"head":{"translation":[0.0,-6.4,0.0],"scale":[4.0,4.0,4.0]}}}