{"textures":{"0":"modelengine:entity/illidan"},"elements":[{"from":[6.857143,6.857143,6.857143],"to":[9.142858,9.142858,9.142858],"rotation":{"angle":0.0,"axis":"y","origin":[8.0,8.0,8.0]},"faces":{"east":{"uv":[5.8675,14.3825,5.6325,14.6175],"rotation":0,"texture":"#0","tintindex":0},"south":{"uv":[14.6175,5.3825,14.3825,5.6175],"rotation":0,"texture":"#0","tintindex":0},"north":{"uv":[14.6175,5.1325,14.3825,5.3675],"rotation":0,"texture":"#0","tintindex":0},"west":{"uv":[5.6175,14.3825,5.3825,14.6175],"rotation":0,"texture":"#0","tintindex":0},"up":{"uv":[14.3825,7.4925,14.6175,7.2575],"rotation":0,"texture":"#0","tintindex":0},"down":{"uv":[14.3825,7.6325,14.6175,7.8675],"rotation":0,"texture":"#0","tintindex":0}}},{"from":[6.857143,-11.428572,6.857143],"to":[9.142858,-9.1428585,9.142858],"rotation":{"angle":0.0,"axis":"y","origin":[8.0,-10.285715,8.0]},"faces":{"east":{"uv":[14.6175,8.1325,14.3825,8.3675],"rotation":0,"texture":"#0","tintindex":0},"south":{"uv":[8.2425,14.3825,8.0075,14.6175],"rotation":0,"texture":"#0","tintindex":0},"north":{"uv":[7.9925,14.3825,7.7575,14.6175],"rotation":0,"texture":"#0","tintindex":0},"west":{"uv":[14.6175,7.8825,14.3825,8.1175],"rotation":0,"texture":"#0","tintindex":0},"up":{"uv":[8.2575,14.6175,8.4925,14.3825],"rotation":0,"texture":"#0","tintindex":0},"down":{"uv":[14.3825,8.3825,14.6175,8.6175],"rotation":0,"texture":"#0","tintindex":0}}},{"from":[7.142857,-9.1428585,7.142857],"to":[8.857143,6.857143,8.857143],"rotation":{"angle":0.0,"axis":"y","origin":[8.0,6.857143,8.0]},"faces":{"east":{"uv":[10.1875,10.7575,10.0075,12.4925],"rotation":0,"texture":"#0","tintindex":0},"south":{"uv":[9.9375,10.7575,9.7575,12.4925],"rotation":0,"texture":"#0","tintindex":0},"north":{"uv":[4.1875,10.7575,4.0075,12.4925],"rotation":0,"texture":"#0","tintindex":0},"west":{"uv":[9.6875,10.7575,9.5075,12.4925],"rotation":0,"texture":"#0","tintindex":0},"up":{"uv":[14.8825,4.9375,15.0625,4.7575],"rotation":0,"texture":"#0","tintindex":0},"down":{"uv":[14.8825,5.0075,15.0625,5.1875],"rotation":0,"texture":"#0","tintindex":0}}},{"from":[7.142857,-12.57143,7.142857],"to":[8.857143,-11.428572,8.857143],"rotation":{"angle":0.0,"axis":"y","origin":[8.0,-11.428572,8.0]},"faces":{"east":{"uv":[15.1875,8.3825,15.0075,8.4925],"rotation":0,"texture":"#0","tintindex":0},"south":{"uv":[15.1875,8.2575,15.0075,8.3675],"rotation":0,"texture":"#0","tintindex":0},"north":{"uv":[15.1875,8.0075,15.0075,8.1175],"rotation":0,"texture":"#0","tintindex":0},"west":{"uv":[15.1875,8.1325,15.0075,8.2425],"rotation":0,"texture":"#0","tintindex":0},"up":{"uv":[5.1325,15.0625,5.3125,14.8825],"rotation":0,"texture":"#0","tintindex":0},"down":{"uv":[14.8825,5.2575,15.0625,5.4375],"rotation":0,"texture":"#0","tintindex":0}}},{"from":[7.428571,-13.428572,7.428571],"to":[8.571428,-12.285715,8.571428],"rotation":{"angle":-22.5,"axis":"z","origin":[8.0,-12.285715,8.0]},"faces":{"east":{"uv":[6.2425,13.3825,6.1325,13.4925],"rotation":0,"texture":"#0","tintindex":0},"south":{"uv":[13.4925,5.3825,13.3825,5.4925],"rotation":0,"texture":"#0","tintindex":0},"north":{"uv":[13.3675,12.7575,13.2575,12.8675],"rotation":0,"texture":"#0","tintindex":0},"west":{"uv":[13.4925,3.7575,13.3825,3.8675],"rotation":0,"texture":"#0","tintindex":0},"up":{"uv":[13.5075,3.3675,13.6175,3.2575],"rotation":0,"texture":"#0","tintindex":0},"down":{"uv":[13.8825,4.3825,13.9925,4.4925],"rotation":0,"texture":"#0","tintindex":0}}},{"from":[0.85714245,-10.285715,8.571428],"to":[7.142857,8.0,8.571428],"rotation":{"angle":0.0,"axis":"y","origin":[6.285714,8.0,8.571428]},"faces":{"east":{"uv":[0.0075,0.0075,0.0075,1.9925],"rotation":0,"texture":"#0","tintindex":0},"south":{"uv":[0.0,5.75,0.68,7.735],"rotation":0,"texture":"#0","tintindex":0},"north":{"uv":[0.6875,5.7575,0.0075,7.7425],"rotation":0,"texture":"#0","tintindex":0},"west":{"uv":[0.0075,0.0075,0.0075,1.9925],"rotation":0,"texture":"#0","tintindex":0},"up":{"uv":[0.0075,0.0075,0.6875,0.0075],"rotation":0,"texture":"#0","tintindex":0},"down":{"uv":[0.0075,0.0075,0.6875,0.0075],"rotation":0,"texture":"#0","tintindex":0}}},{"from":[7.428571,-14.285715,7.714286],"to":[8.0,-13.1428585,8.285714],"rotation":{"angle":-45.0,"axis":"z","origin":[7.714286,-13.1428585,8.0]},"faces":{"east":{"uv":[3.0625,15.1325,3.0075,15.2425],"rotation":0,"texture":"#0","tintindex":0},"south":{"uv":[15.1875,2.8825,15.1325,2.9925],"rotation":0,"texture":"#0","tintindex":0},"north":{"uv":[15.1875,2.7575,15.1325,2.8675],"rotation":0,"texture":"#0","tintindex":0},"west":{"uv":[2.9375,15.1325,2.8825,15.2425],"rotation":0,"texture":"#0","tintindex":0},"up":{"uv":[15.1325,4.0625,15.1875,4.0075],"rotation":0,"texture":"#0","tintindex":0},"down":{"uv":[15.1325,4.1325,15.1875,4.1875],"rotation":0,"texture":"#0","tintindex":0}}}],"display":{"head":{"translation":[0.0,-6.4,0.0],"scale":[4.0,4.0,4.0]}}}