{"textures":{"0":"modelengine:entity/illidan"},"elements":[{"from":[7.569387,0.17577314,7.714286],"to":[8.42653,3.032916,8.285714],"rotation":{"angle":-45.0,"axis":"z","origin":[8.0,2.5714283,8.0]},"faces":{"east":{"uv":[12.0625,15.0075,12.0075,15.3125],"rotation":0,"texture":"#0","tintindex":0},"south":{"uv":[2.1175,14.7575,2.0075,15.0625],"rotation":0,"texture":"#0","tintindex":0},"north":{"uv":[14.8675,1.8825,14.7575,2.1875],"rotation":0,"texture":"#0","tintindex":0},"west":{"uv":[11.9375,15.0075,11.8825,15.3125],"rotation":0,"texture":"#0","tintindex":0},"up":{"uv":[15.1325,2.4375,15.2425,2.3825],"rotation":0,"texture":"#0","tintindex":0},"down":{"uv":[2.5075,15.1325,2.6175,15.1875],"rotation":0,"texture":"#0","tintindex":0}}},{"from":[7.428571,1.7142854,7.428571],"to":[8.857143,4.5714283,8.571428],"rotation":{"angle":-22.5,"axis":"z","origin":[8.857143,4.5714283,8.0]},"faces":{"east":{"uv":[14.8675,2.2575,14.7575,2.5625],"rotation":0,"texture":"#0","tintindex":0},"south":{"uv":[0.6875,14.6325,0.5075,14.9375],"rotation":0,"texture":"#0","tintindex":0},"north":{"uv":[0.1875,14.6325,0.0075,14.9375],"rotation":0,"texture":"#0","tintindex":0},"west":{"uv":[2.2425,14.7575,2.1325,15.0625],"rotation":0,"texture":"#0","tintindex":0},"up":{"uv":[2.5075,15.1175,2.6875,15.0075],"rotation":0,"texture":"#0","tintindex":0},"down":{"uv":[15.0075,3.7575,15.1875,3.8675],"rotation":0,"texture":"#0","tintindex":0}}},{"from":[7.028571,4.457143,7.3142858],"to":[8.971429,8.685715,8.685715],"rotation":{"angle":0.0,"axis":"y","origin":[8.0,8.0,8.0]},"faces":{"east":{"uv":[4.6175,14.6325,4.5075,15.0625],"rotation":0,"texture":"#0","tintindex":0},"south":{"uv":[11.4375,14.0075,11.2575,14.4375],"rotation":0,"texture":"#0","tintindex":0},"north":{"uv":[14.1875,11.0075,14.0075,11.4375],"rotation":0,"texture":"#0","tintindex":0},"west":{"uv":[4.4925,14.6325,4.3825,15.0625],"rotation":0,"texture":"#0","tintindex":0},"up":{"uv":[15.0075,3.9925,15.1875,3.8825],"rotation":0,"texture":"#0","tintindex":0},"down":{"uv":[15.0075,6.2575,15.1875,6.3675],"rotation":0,"texture":"#0","tintindex":0}}}],"display":{"head":{"translation":[0.0,-6.4,0.0],"scale":[4.0,4.0,4.0]}}}