{"textures":{"0":"modelengine:entity/illidan"},"elements":[{"from":[6.857143,6.857143,6.857143],"to":[9.142858,9.142858,9.142858],"rotation":{"angle":0.0,"axis":"y","origin":[8.0,8.0,8.0]},"faces":{"east":{"uv":[12.2425,14.3825,12.0075,14.6175],"rotation":0,"texture":"#0","tintindex":0},"south":{"uv":[14.6175,11.7575,14.3825,11.9925],"rotation":0,"texture":"#0","tintindex":0},"north":{"uv":[14.6175,11.5075,14.3825,11.7425],"rotation":0,"texture":"#0","tintindex":0},"west":{"uv":[11.9925,14.3825,11.7575,14.6175],"rotation":0,"texture":"#0","tintindex":0},"up":{"uv":[12.6325,14.6175,12.8675,14.3825],"rotation":0,"texture":"#0","tintindex":0},"down":{"uv":[12.8825,14.3825,13.1175,14.6175],"rotation":0,"texture":"#0","tintindex":0}}},{"from":[6.857143,-11.428572,6.857143],"to":[9.142858,-9.1428585,9.142858],"rotation":{"angle":0.0,"axis":"y","origin":[8.0,-10.285715,8.0]},"faces":{"east":{"uv":[14.2425,14.3825,14.0075,14.6175],"rotation":0,"texture":"#0","tintindex":0},"south":{"uv":[13.9925,14.3825,13.7575,14.6175],"rotation":0,"texture":"#0","tintindex":0},"north":{"uv":[14.6175,13.1325,14.3825,13.3675],"rotation":0,"texture":"#0","tintindex":0},"west":{"uv":[13.6175,14.3825,13.3825,14.6175],"rotation":0,"texture":"#0","tintindex":0},"up":{"uv":[14.5075,0.2425,14.7425,0.0075],"rotation":0,"texture":"#0","tintindex":0},"down":{"uv":[14.5075,0.2575,14.7425,0.4925],"rotation":0,"texture":"#0","tintindex":0}}},{"from":[7.142857,-9.1428585,7.142857],"to":[8.857143,6.857143,8.857143],"rotation":{"angle":0.0,"axis":"y","origin":[8.0,6.857143,8.0]},"faces":{"east":{"uv":[8.3125,10.8825,8.1325,12.6175],"rotation":0,"texture":"#0","tintindex":0},"south":{"uv":[11.0625,6.5075,10.8825,8.2425],"rotation":0,"texture":"#0","tintindex":0},"north":{"uv":[5.0625,10.8825,4.8825,12.6175],"rotation":0,"texture":"#0","tintindex":0},"west":{"uv":[5.3125,10.8825,5.1325,12.6175],"rotation":0,"texture":"#0","tintindex":0},"up":{"uv":[5.6325,15.0625,5.8125,14.8825],"rotation":0,"texture":"#0","tintindex":0},"down":{"uv":[14.8825,5.7575,15.0625,5.9375],"rotation":0,"texture":"#0","tintindex":0}}},{"from":[7.142857,-12.57143,7.142857],"to":[8.857143,-11.428572,8.857143],"rotation":{"angle":0.0,"axis":"y","origin":[8.0,-11.428572,8.0]},"faces":{"east":{"uv":[15.1875,8.8825,15.0075,8.9925],"rotation":0,"texture":"#0","tintindex":0},"south":{"uv":[9.0625,15.0075,8.8825,15.1175],"rotation":0,"texture":"#0","tintindex":0},"north":{"uv":[15.1875,8.6325,15.0075,8.7425],"rotation":0,"texture":"#0","tintindex":0},"west":{"uv":[15.1875,8.7575,15.0075,8.8675],"rotation":0,"texture":"#0","tintindex":0},"up":{"uv":[14.8825,6.1875,15.0625,6.0075],"rotation":0,"texture":"#0","tintindex":0},"down":{"uv":[6.1325,14.8825,6.3125,15.0625],"rotation":0,"texture":"#0","tintindex":0}}},{"from":[7.428571,-13.428572,7.428571],"to":[8.571428,-12.285715,8.571428],"rotation":{"angle":-22.5,"axis":"z","origin":[8.0,-12.285715,8.0]},"faces":{"east":{"uv":[7.8675,14.0075,7.7575,14.1175],"rotation":0,"texture":"#0","tintindex":0},"south":{"uv":[5.7425,14.0075,5.6325,14.1175],"rotation":0,"texture":"#0","tintindex":0},"north":{"uv":[5.4925,13.8825,5.3825,13.9925],"rotation":0,"texture":"#0","tintindex":0},"west":{"uv":[7.1175,13.8825,7.0075,13.9925],"rotation":0,"texture":"#0","tintindex":0},"up":{"uv":[10.5075,14.2425,10.6175,14.1325],"rotation":0,"texture":"#0","tintindex":0},"down":{"uv":[10.7575,14.2575,10.8675,14.3675],"rotation":0,"texture":"#0","tintindex":0}}},{"from":[0.85714245,-10.285715,8.571428],"to":[7.142857,8.0,8.571428],"rotation":{"angle":0.0,"axis":"y","origin":[6.285714,8.0,8.571428]},"faces":{"east":{"uv":[0.0075,0.0075,0.0075,1.9925],"rotation":0,"texture":"#0","tintindex":0},"south":{"uv":[0.0,5.75,0.68,7.735],"rotation":0,"texture":"#0","tintindex":0},"north":{"uv":[0.68,5.75,0.0,7.735],"rotation":0,"texture":"#0","tintindex":0},"west":{"uv":[0.0075,0.0075,0.0075,1.9925],"rotation":0,"texture":"#0","tintindex":0},"up":{"uv":[0.0075,0.0075,0.6875,0.0075],"rotation":0,"texture":"#0","tintindex":0},"down":{"uv":[0.0075,0.0075,0.6875,0.0075],"rotation":0,"texture":"#0","tintindex":0}}},{"from":[8.857143,-11.428572,8.285714],"to":[12.857143,6.857143,8.285714],"rotation":{"angle":0.0,"axis":"y","origin":[9.714286,6.857143,8.285714]},"faces":{"east":{"uv":[0.0075,0.0075,0.0075,1.9925],"rotation":0,"texture":"#0","tintindex":0},"south":{"uv":[6.875,6.5,7.305,8.485],"rotation":0,"texture":"#0","tintindex":0},"north":{"uv":[7.3125,6.5075,6.8825,8.4925],"rotation":0,"texture":"#0","tintindex":0},"west":{"uv":[0.0075,0.0075,0.0075,1.9925],"rotation":0,"texture":"#0","tintindex":0},"up":{"uv":[0.0075,0.0075,0.4375,0.0075],"rotation":0,"texture":"#0","tintindex":0},"down":{"uv":[0.0075,0.0075,0.4375,0.0075],"rotation":0,"texture":"#0","tintindex":0}}},{"from":[7.428571,-14.285715,7.714286],"to":[8.0,-13.1428585,8.285714],"rotation":{"angle":-45.0,"axis":"z","origin":[7.714286,-13.1428585,8.0]},"faces":{"east":{"uv":[3.3125,15.1325,3.2575,15.2425],"rotation":0,"texture":"#0","tintindex":0},"south":{"uv":[15.1875,3.1325,15.1325,3.2425],"rotation":0,"texture":"#0","tintindex":0},"north":{"uv":[15.1875,3.0075,15.1325,3.1175],"rotation":0,"texture":"#0","tintindex":0},"west":{"uv":[3.1875,15.1325,3.1325,15.2425],"rotation":0,"texture":"#0","tintindex":0},"up":{"uv":[15.1325,4.3125,15.1875,4.2575],"rotation":0,"texture":"#0","tintindex":0},"down":{"uv":[4.3825,15.1325,4.4375,15.1875],"rotation":0,"texture":"#0","tintindex":0}}}],"display":{"head":{"translation":[0.0,-6.4,0.0],"scale":[4.0,4.0,4.0]}}}