{"textures":{"0":"modelengine:entity/illidan"},"elements":[{"from":[6.742857,5.028571,7.6],"to":[8.685715,8.685715,8.971429],"rotation":{"angle":0.0,"axis":"y","origin":[8.0,8.0,8.0]},"faces":{"east":{"uv":[8.8675,13.0075,8.7575,13.3675],"rotation":0,"texture":"#0","tintindex":0},"south":{"uv":[14.4375,1.1325,14.2575,1.4925],"rotation":0,"texture":"#0","tintindex":0},"north":{"uv":[14.4375,0.7575,14.2575,1.1175],"rotation":0,"texture":"#0","tintindex":0},"west":{"uv":[7.4925,12.8825,7.3825,13.2425],"rotation":0,"texture":"#0","tintindex":0},"up":{"uv":[14.8825,14.3675,15.0625,14.2575],"rotation":0,"texture":"#0","tintindex":0},"down":{"uv":[0.0075,15.0075,0.1875,15.1175],"rotation":0,"texture":"#0","tintindex":0}}},{"from":[6.857143,2.8571424,7.714286],"to":[8.285714,5.142857,8.857143],"rotation":{"angle":22.5,"axis":"z","origin":[6.857143,5.142857,8.0]},"faces":{"east":{"uv":[14.9925,8.0075,14.8825,8.2425],"rotation":0,"texture":"#0","tintindex":0},"south":{"uv":[8.8125,14.6325,8.6325,14.8675],"rotation":0,"texture":"#0","tintindex":0},"north":{"uv":[14.8125,8.3825,14.6325,8.6175],"rotation":0,"texture":"#0","tintindex":0},"west":{"uv":[8.1175,14.8825,8.0075,15.1175],"rotation":0,"texture":"#0","tintindex":0},"up":{"uv":[0.5075,15.1175,0.6875,15.0075],"rotation":0,"texture":"#0","tintindex":0},"down":{"uv":[0.7575,15.0075,0.9375,15.1175],"rotation":0,"texture":"#0","tintindex":0}}},{"from":[7.4020414,1.3186307,8.0],"to":[8.259185,4.175773,8.571428],"rotation":{"angle":45.0,"axis":"z","origin":[7.714286,3.142857,8.0]},"faces":{"east":{"uv":[10.6875,15.0075,10.6325,15.3125],"rotation":0,"texture":"#0","tintindex":0},"south":{"uv":[14.8675,0.7575,14.7575,1.0625],"rotation":0,"texture":"#0","tintindex":0},"north":{"uv":[14.8675,0.3825,14.7575,0.6875],"rotation":0,"texture":"#0","tintindex":0},"west":{"uv":[10.5625,15.0075,10.5075,15.3125],"rotation":0,"texture":"#0","tintindex":0},"up":{"uv":[15.1325,2.1875,15.2425,2.1325],"rotation":0,"texture":"#0","tintindex":0},"down":{"uv":[2.2575,15.1325,2.3675,15.1875],"rotation":0,"texture":"#0","tintindex":0}}}],"display":{"head":{"translation":[0.0,-6.4,0.0],"scale":[4.0,4.0,4.0]}}}