{"textures":{"0":"modelengine:entity/illidan"},"elements":[{"from":[6.857143,21.714287,6.857143],"to":[9.142858,28.57143,9.142858],"rotation":{"angle":0.0,"axis":"y","origin":[8.0,21.714287,8.0]},"faces":{"east":{"uv":[7.3675,12.8825,7.1325,13.6175],"rotation":0,"texture":"#0","tintindex":0},"south":{"uv":[6.7425,12.8825,6.5075,13.6175],"rotation":0,"texture":"#0","tintindex":0},"north":{"uv":[11.7425,12.5075,11.5075,13.2425],"rotation":0,"texture":"#0","tintindex":0},"west":{"uv":[9.1175,12.6325,8.8825,13.3675],"rotation":0,"texture":"#0","tintindex":0},"up":{"uv":[4.8825,14.6175,5.1175,14.3825],"rotation":0,"texture":"#0","tintindex":0},"down":{"uv":[14.3825,4.8825,14.6175,5.1175],"rotation":0,"texture":"#0","tintindex":0}}},{"from":[6.857143,6.857143,6.857143],"to":[9.142858,11.428572,9.142858],"rotation":{"angle":0.0,"axis":"y","origin":[8.0,8.0,8.0]},"faces":{"east":{"uv":[13.6175,4.8825,13.3825,5.3675],"rotation":0,"texture":"#0","tintindex":0},"south":{"uv":[3.7425,13.3825,3.5075,13.8675],"rotation":0,"texture":"#0","tintindex":0},"north":{"uv":[13.6175,2.2575,13.3825,2.7425],"rotation":0,"texture":"#0","tintindex":0},"west":{"uv":[3.4925,13.3825,3.2575,13.8675],"rotation":0,"texture":"#0","tintindex":0},"up":{"uv":[14.5075,9.9925,14.7425,9.7575],"rotation":0,"texture":"#0","tintindex":0},"down":{"uv":[14.5075,10.0075,14.7425,10.2425],"rotation":0,"texture":"#0","tintindex":0}}},{"from":[6.5714283,11.428572,6.5714283],"to":[9.428572,21.714287,9.428572],"rotation":{"angle":0.0,"axis":"y","origin":[8.0,13.714286,8.0]},"faces":{"east":{"uv":[6.4375,10.3825,6.1325,11.4925],"rotation":0,"texture":"#0","tintindex":0},"south":{"uv":[6.0625,10.3825,5.7575,11.4925],"rotation":0,"texture":"#0","tintindex":0},"north":{"uv":[4.5625,10.3825,4.2575,11.4925],"rotation":0,"texture":"#0","tintindex":0},"west":{"uv":[5.6875,10.3825,5.3825,11.4925],"rotation":0,"texture":"#0","tintindex":0},"up":{"uv":[13.7575,13.0625,14.0625,12.7575],"rotation":0,"texture":"#0","tintindex":0},"down":{"uv":[13.7575,13.1325,14.0625,13.4375],"rotation":0,"texture":"#0","tintindex":0}}},{"from":[9.142858,13.714286,7.428571],"to":[13.142858,27.428572,7.428571],"rotation":{"angle":0.0,"axis":"y","origin":[10.0,13.714286,7.428571]},"faces":{"east":{"uv":[0.0075,0.0075,0.0075,1.4925],"rotation":0,"texture":"#0","tintindex":0},"south":{"uv":[7.305,7.0,6.875,8.485],"rotation":0,"texture":"#0","tintindex":0},"north":{"uv":[6.875,7.0,7.305,8.485],"rotation":0,"texture":"#0","tintindex":0},"west":{"uv":[0.0075,0.0075,0.0075,1.4925],"rotation":0,"texture":"#0","tintindex":0},"up":{"uv":[0.0075,0.0075,0.4375,0.0075],"rotation":0,"texture":"#0","tintindex":0},"down":{"uv":[0.0075,0.0075,0.4375,0.0075],"rotation":0,"texture":"#0","tintindex":0}}}],"display":{"head":{"translation":[0.0,-6.4,0.0],"scale":[4.0,4.0,4.0]}}}