{"textures":{"0":"modelengine:entity/illidan"},"elements":[{"from":[5.142857,4.0,5.142857],"to":[10.857143,6.857143,10.857143],"rotation":{"angle":0.0,"axis":"y","origin":[8.0,6.857143,8.0]},"faces":{"east":{"uv":[5.7425,12.7575,5.1325,13.0625],"rotation":0,"texture":"#0","tintindex":0},"south":{"uv":[4.6175,12.7575,4.0075,13.0625],"rotation":0,"texture":"#0","tintindex":0},"north":{"uv":[13.2425,11.5075,12.6325,11.8125],"rotation":0,"texture":"#0","tintindex":0},"west":{"uv":[1.3675,12.7575,0.7575,13.0625],"rotation":0,"texture":"#0","tintindex":0},"up":{"uv":[0.0075,10.6175,0.6175,10.0075],"rotation":0,"texture":"#0","tintindex":0},"down":{"uv":[6.6325,10.0075,7.2425,10.6175],"rotation":0,"texture":"#0","tintindex":0}}},{"from":[5.714286,1.1428566,5.428571],"to":[10.857143,4.0,10.571428],"rotation":{"angle":0.0,"axis":"y","origin":[8.285714,4.0,8.0]},"faces":{"east":{"uv":[12.9375,12.8825,12.3825,13.1875],"rotation":0,"texture":"#0","tintindex":0},"south":{"uv":[12.3125,12.8825,11.7575,13.1875],"rotation":0,"texture":"#0","tintindex":0},"north":{"uv":[13.4375,5.5075,12.8825,5.8125],"rotation":0,"texture":"#0","tintindex":0},"west":{"uv":[13.4375,6.7575,12.8825,7.0625],"rotation":0,"texture":"#0","tintindex":0},"up":{"uv":[11.0075,3.0625,11.5625,2.5075],"rotation":0,"texture":"#0","tintindex":0},"down":{"uv":[11.0075,3.1325,11.5625,3.6875],"rotation":0,"texture":"#0","tintindex":0}}},{"from":[6.285714,-1.7142859,5.714286],"to":[10.857143,1.1428566,10.285714],"rotation":{"angle":0.0,"axis":"y","origin":[8.571428,1.1428566,8.0]},"faces":{"east":{"uv":[13.6175,4.5075,13.1325,4.8125],"rotation":0,"texture":"#0","tintindex":0},"south":{"uv":[4.9925,13.1325,4.5075,13.4375],"rotation":0,"texture":"#0","tintindex":0},"north":{"uv":[13.6175,3.3825,13.1325,3.6875],"rotation":0,"texture":"#0","tintindex":0},"west":{"uv":[4.4925,13.1325,4.0075,13.4375],"rotation":0,"texture":"#0","tintindex":0},"up":{"uv":[2.7575,12.4925,3.2425,12.0075],"rotation":0,"texture":"#0","tintindex":0},"down":{"uv":[12.0075,4.1325,12.4925,4.6175],"rotation":0,"texture":"#0","tintindex":0}}},{"from":[10.457143,6.6285715,5.142857],"to":[10.457143,8.342857,10.857143],"rotation":{"angle":-45.0,"axis":"z","origin":[10.457143,6.6285715,8.0]},"faces":{"east":{"uv":[6.1175,9.7575,5.5075,9.9375],"rotation":0,"texture":"#0","tintindex":0},"south":{"uv":[0.0075,0.0075,0.0075,0.1875],"rotation":0,"texture":"#0","tintindex":0},"north":{"uv":[0.0075,0.0075,0.0075,0.1875],"rotation":0,"texture":"#0","tintindex":0},"west":{"uv":[10.2425,2.2575,9.6325,2.4375],"rotation":0,"texture":"#0","tintindex":0},"up":{"uv":[0.0075,0.6175,0.0075,0.0075],"rotation":0,"texture":"#0","tintindex":0},"down":{"uv":[0.0075,0.0075,0.0075,0.6175],"rotation":0,"texture":"#0","tintindex":0}}},{"from":[5.142857,6.6285715,5.428571],"to":[10.857143,8.342857,5.428571],"rotation":{"angle":-45.0,"axis":"x","origin":[8.0,6.6285715,5.428571]},"faces":{"east":{"uv":[0.0075,0.0075,0.0075,0.1875],"rotation":0,"texture":"#0","tintindex":0},"south":{"uv":[14.2425,1.1325,13.6325,1.3125],"rotation":0,"texture":"#0","tintindex":0},"north":{"uv":[13.9925,1.6325,13.3825,1.8125],"rotation":0,"texture":"#0","tintindex":0},"west":{"uv":[0.0075,0.0075,0.0075,0.1875],"rotation":0,"texture":"#0","tintindex":0},"up":{"uv":[0.0075,0.0075,0.6175,0.0075],"rotation":0,"texture":"#0","tintindex":0},"down":{"uv":[0.0075,0.0075,0.6175,0.0075],"rotation":0,"texture":"#0","tintindex":0}}},{"from":[5.485714,6.6285715,5.142857],"to":[5.485714,8.342857,10.857143],"rotation":{"angle":45.0,"axis":"z","origin":[5.485714,6.6285715,8.0]},"faces":{"east":{"uv":[14.2425,1.8825,13.6325,2.0625],"rotation":0,"texture":"#0","tintindex":0},"south":{"uv":[0.0075,0.0075,0.0075,0.1875],"rotation":0,"texture":"#0","tintindex":0},"north":{"uv":[0.0075,0.0075,0.0075,0.1875],"rotation":0,"texture":"#0","tintindex":0},"west":{"uv":[14.2425,1.3825,13.6325,1.5625],"rotation":0,"texture":"#0","tintindex":0},"up":{"uv":[0.0075,0.6175,0.0075,0.0075],"rotation":0,"texture":"#0","tintindex":0},"down":{"uv":[0.0075,0.0075,0.0075,0.6175],"rotation":0,"texture":"#0","tintindex":0}}},{"from":[5.142857,6.6285715,10.571428],"to":[10.857143,8.342857,10.571428],"rotation":{"angle":45.0,"axis":"x","origin":[8.0,6.6285715,10.571428]},"faces":{"east":{"uv":[0.0075,0.0075,0.0075,0.1875],"rotation":0,"texture":"#0","tintindex":0},"south":{"uv":[14.2425,2.3825,13.6325,2.5625],"rotation":0,"texture":"#0","tintindex":0},"north":{"uv":[14.2425,2.1325,13.6325,2.3125],"rotation":0,"texture":"#0","tintindex":0},"west":{"uv":[0.0075,0.0075,0.0075,0.1875],"rotation":0,"texture":"#0","tintindex":0},"up":{"uv":[0.0075,0.0075,0.6175,0.0075],"rotation":0,"texture":"#0","tintindex":0},"down":{"uv":[0.0075,0.0075,0.6175,0.0075],"rotation":0,"texture":"#0","tintindex":0}}},{"from":[5.4857144,6.6285715,5.4857144],"to":[10.514286,8.8,10.514286],"rotation":{"angle":0.0,"axis":"y","origin":[8.0,8.0,8.0]},"faces":{"east":{"uv":[14.4925,3.2575,14.0075,3.4375],"rotation":0,"texture":"#0","tintindex":0},"south":{"uv":[14.4925,3.0075,14.0075,3.1875],"rotation":0,"texture":"#0","tintindex":0},"north":{"uv":[14.3675,7.2575,13.8825,7.4375],"rotation":0,"texture":"#0","tintindex":0},"west":{"uv":[14.4925,1.6325,14.0075,1.8125],"rotation":0,"texture":"#0","tintindex":0},"up":{"uv":[11.8825,1.4925,12.3675,1.0075],"rotation":0,"texture":"#0","tintindex":0},"down":{"uv":[11.8825,2.0075,12.3675,2.4925],"rotation":0,"texture":"#0","tintindex":0}}},{"from":[6.0571427,6.6285715,6.342857],"to":[9.942858,9.942858,10.8],"rotation":{"angle":0.0,"axis":"y","origin":[8.0,8.571428,8.0]},"faces":{"east":{"uv":[12.9375,13.2575,12.5075,13.5625],"rotation":0,"texture":"#0","tintindex":0},"south":{"uv":[13.9925,3.0075,13.6325,3.3125],"rotation":0,"texture":"#0","tintindex":0},"north":{"uv":[13.9925,2.6325,13.6325,2.9375],"rotation":0,"texture":"#0","tintindex":0},"west":{"uv":[13.6875,12.3825,13.2575,12.6875],"rotation":0,"texture":"#0","tintindex":0},"up":{"uv":[2.5075,13.4375,2.8675,13.0075],"rotation":0,"texture":"#0","tintindex":0},"down":{"uv":[2.8825,13.0075,3.2425,13.4375],"rotation":0,"texture":"#0","tintindex":0}}}],"display":{"head":{"translation":[0.0,-6.4,0.0],"scale":[4.0,4.0,4.0]}}}