{"textures":{"0":"modelengine:entity/illidan"},"elements":[{"from":[6.6285715,2.6285715,5.4857144],"to":[11.657143,9.3714285,10.514286],"rotation":{"angle":0.0,"axis":"y","origin":[8.0,8.0,8.0]},"faces":{"east":{"uv":[2.8675,10.5075,2.3825,11.1875],"rotation":0,"texture":"#0","tintindex":0},"south":{"uv":[2.3675,10.5075,1.8825,11.1875],"rotation":0,"texture":"#0","tintindex":0},"north":{"uv":[7.7425,10.3825,7.2575,11.0625],"rotation":0,"texture":"#0","tintindex":0},"west":{"uv":[10.8675,10.0075,10.3825,10.6875],"rotation":0,"texture":"#0","tintindex":0},"up":{"uv":[11.7575,8.8675,12.2425,8.3825],"rotation":0,"texture":"#0","tintindex":0},"down":{"uv":[11.7575,8.8825,12.2425,9.3675],"rotation":0,"texture":"#0","tintindex":0}}},{"from":[11.714286,5.714286,6.285714],"to":[12.857143,9.714286,9.714286],"rotation":{"angle":0.0,"axis":"y","origin":[12.857143,10.857143,7.428571]},"faces":{"east":{"uv":[13.3675,2.3825,13.0075,2.8125],"rotation":0,"texture":"#0","tintindex":0},"south":{"uv":[11.7425,14.5075,11.6325,14.9375],"rotation":0,"texture":"#0","tintindex":0},"north":{"uv":[9.7425,14.5075,9.6325,14.9375],"rotation":0,"texture":"#0","tintindex":0},"west":{"uv":[2.4925,13.0075,2.1325,13.4375],"rotation":0,"texture":"#0","tintindex":0},"up":{"uv":[0.6325,9.6175,0.7425,9.2575],"rotation":0,"texture":"#0","tintindex":0},"down":{"uv":[9.3825,8.0075,9.4925,8.3675],"rotation":0,"texture":"#0","tintindex":0}}},{"from":[11.714286,5.714286,4.0],"to":[12.857143,9.714286,6.285714],"rotation":{"angle":45.0,"axis":"y","origin":[12.857143,10.857143,6.285714]},"faces":{"east":{"uv":[5.7425,13.5075,5.5075,13.9375],"rotation":0,"texture":"#0","tintindex":0},"south":{"uv":[2.8675,14.6325,2.7575,15.0625],"rotation":0,"texture":"#0","tintindex":0},"north":{"uv":[13.7425,14.5075,13.6325,14.9375],"rotation":0,"texture":"#0","tintindex":0},"west":{"uv":[9.1175,13.3825,8.8825,13.8125],"rotation":0,"texture":"#0","tintindex":0},"up":{"uv":[8.5075,2.7425,8.6175,2.5075],"rotation":0,"texture":"#0","tintindex":0},"down":{"uv":[6.1325,9.0075,6.2425,9.2425],"rotation":0,"texture":"#0","tintindex":0}}},{"from":[11.714286,5.714286,9.714286],"to":[12.857143,9.714286,12.0],"rotation":{"angle":-45.0,"axis":"y","origin":[12.857143,10.857143,9.714286]},"faces":{"east":{"uv":[13.8675,4.8825,13.6325,5.3125],"rotation":0,"texture":"#0","tintindex":0},"south":{"uv":[3.1175,14.6325,3.0075,15.0625],"rotation":0,"texture":"#0","tintindex":0},"north":{"uv":[2.9925,14.6325,2.8825,15.0625],"rotation":0,"texture":"#0","tintindex":0},"west":{"uv":[3.9925,13.6325,3.7575,14.0625],"rotation":0,"texture":"#0","tintindex":0},"up":{"uv":[6.5075,10.6175,6.6175,10.3825],"rotation":0,"texture":"#0","tintindex":0},"down":{"uv":[10.7575,6.5075,10.8675,6.7425],"rotation":0,"texture":"#0","tintindex":0}}},{"from":[12.857143,3.4285712,4.0],"to":[12.857143,5.714286,6.285714],"rotation":{"angle":45.0,"axis":"y","origin":[12.857143,6.857143,6.285714]},"faces":{"east":{"uv":[14.4925,9.7575,14.2575,9.9925],"rotation":0,"texture":"#0","tintindex":0},"south":{"uv":[0.0075,0.0075,0.0075,0.2425],"rotation":0,"texture":"#0","tintindex":0},"north":{"uv":[0.0075,0.0075,0.0075,0.2425],"rotation":0,"texture":"#0","tintindex":0},"west":{"uv":[14.4925,3.7575,14.2575,3.9925],"rotation":0,"texture":"#0","tintindex":0},"up":{"uv":[0.0075,0.2425,0.0075,0.0075],"rotation":0,"texture":"#0","tintindex":0},"down":{"uv":[0.0075,0.0075,0.0075,0.2425],"rotation":0,"texture":"#0","tintindex":0}}},{"from":[12.857143,3.4285712,6.285714],"to":[12.857143,5.714286,9.714286],"rotation":{"angle":0.0,"axis":"y","origin":[12.857143,6.857143,7.428571]},"faces":{"east":{"uv":[2.2425,13.8825,1.8825,14.1175],"rotation":0,"texture":"#0","tintindex":0},"south":{"uv":[0.0075,0.0075,0.0075,0.2425],"rotation":0,"texture":"#0","tintindex":0},"north":{"uv":[0.0075,0.0075,0.0075,0.2425],"rotation":0,"texture":"#0","tintindex":0},"west":{"uv":[1.8675,13.8825,1.5075,14.1175],"rotation":0,"texture":"#0","tintindex":0},"up":{"uv":[0.0075,0.3675,0.0075,0.0075],"rotation":0,"texture":"#0","tintindex":0},"down":{"uv":[0.0075,0.0075,0.0075,0.3675],"rotation":0,"texture":"#0","tintindex":0}}},{"from":[12.857143,3.4285712,9.714286],"to":[12.857143,5.714286,12.0],"rotation":{"angle":-45.0,"axis":"y","origin":[12.857143,6.857143,9.714286]},"faces":{"east":{"uv":[13.3675,4.8825,13.1325,5.1175],"rotation":0,"texture":"#0","tintindex":0},"south":{"uv":[0.0075,0.0075,0.0075,0.2425],"rotation":0,"texture":"#0","tintindex":0},"north":{"uv":[0.0075,0.0075,0.0075,0.2425],"rotation":0,"texture":"#0","tintindex":0},"west":{"uv":[11.4925,13.0075,11.2575,13.2425],"rotation":0,"texture":"#0","tintindex":0},"up":{"uv":[0.0075,0.2425,0.0075,0.0075],"rotation":0,"texture":"#0","tintindex":0},"down":{"uv":[0.0075,0.0075,0.0075,0.2425],"rotation":0,"texture":"#0","tintindex":0}}},{"from":[11.142858,9.714286,6.285714],"to":[12.285715,10.857143,9.714286],"rotation":{"angle":0.0,"axis":"y","origin":[12.285715,13.142858,7.428571]},"faces":{"east":{"uv":[1.6175,9.6325,1.2575,9.7425],"rotation":0,"texture":"#0","tintindex":0},"south":{"uv":[12.2425,6.0075,12.1325,6.1175],"rotation":0,"texture":"#0","tintindex":0},"north":{"uv":[11.8675,7.1325,11.7575,7.2425],"rotation":0,"texture":"#0","tintindex":0},"west":{"uv":[2.8675,9.1325,2.5075,9.2425],"rotation":0,"texture":"#0","tintindex":0},"up":{"uv":[8.1325,10.1175,8.2425,9.7575],"rotation":0,"texture":"#0","tintindex":0},"down":{"uv":[7.2575,10.0075,7.3675,10.3675],"rotation":0,"texture":"#0","tintindex":0}}},{"from":[11.142858,9.714286,4.0],"to":[12.285715,10.857143,6.285714],"rotation":{"angle":45.0,"axis":"y","origin":[12.285715,13.142858,6.285714]},"faces":{"east":{"uv":[13.4925,3.2575,13.2575,3.3675],"rotation":0,"texture":"#0","tintindex":0},"south":{"uv":[11.7425,3.6325,11.6325,3.7425],"rotation":0,"texture":"#0","tintindex":0},"north":{"uv":[10.9925,10.6325,10.8825,10.7425],"rotation":0,"texture":"#0","tintindex":0},"west":{"uv":[13.3675,3.7575,13.1325,3.8675],"rotation":0,"texture":"#0","tintindex":0},"up":{"uv":[11.6325,11.6175,11.7425,11.3825],"rotation":0,"texture":"#0","tintindex":0},"down":{"uv":[2.2575,11.7575,2.3675,11.9925],"rotation":0,"texture":"#0","tintindex":0}}},{"from":[11.142858,9.714286,9.714286],"to":[12.285715,10.857143,12.0],"rotation":{"angle":-45.0,"axis":"y","origin":[12.285715,13.142858,9.714286]},"faces":{"east":{"uv":[1.3675,13.1325,1.1325,13.2425],"rotation":0,"texture":"#0","tintindex":0},"south":{"uv":[1.9925,10.3825,1.8825,10.4925],"rotation":0,"texture":"#0","tintindex":0},"north":{"uv":[5.4925,10.2575,5.3825,10.3675],"rotation":0,"texture":"#0","tintindex":0},"west":{"uv":[13.2425,0.7575,13.0075,0.8675],"rotation":0,"texture":"#0","tintindex":0},"up":{"uv":[10.8825,8.4925,10.9925,8.2575],"rotation":0,"texture":"#0","tintindex":0},"down":{"uv":[1.7575,11.0075,1.8675,11.2425],"rotation":0,"texture":"#0","tintindex":0}}},{"from":[6.857143,-1.1428576,5.714286],"to":[11.428572,2.8571424,10.285714],"rotation":{"angle":0.0,"axis":"y","origin":[9.142858,2.8571424,8.0]},"faces":{"east":{"uv":[10.4925,12.5075,10.0075,12.9375],"rotation":0,"texture":"#0","tintindex":0},"south":{"uv":[9.9925,12.5075,9.5075,12.9375],"rotation":0,"texture":"#0","tintindex":0},"north":{"uv":[3.1175,12.5075,2.6325,12.9375],"rotation":0,"texture":"#0","tintindex":0},"west":{"uv":[12.9925,4.1325,12.5075,4.5625],"rotation":0,"texture":"#0","tintindex":0},"up":{"uv":[7.2575,12.2425,7.7425,11.7575],"rotation":0,"texture":"#0","tintindex":0},"down":{"uv":[11.7575,7.8825,12.2425,8.3675],"rotation":0,"texture":"#0","tintindex":0}}},{"from":[7.2,-4.228573,5.2],"to":[11.085714,0.22857094,10.8],"rotation":{"angle":0.0,"axis":"y","origin":[9.142858,-1.1428576,8.0]},"faces":{"east":{"uv":[12.5625,5.1325,12.0075,5.5625],"rotation":0,"texture":"#0","tintindex":0},"south":{"uv":[2.1175,13.0075,1.7575,13.4375],"rotation":0,"texture":"#0","tintindex":0},"north":{"uv":[13.3675,1.3825,13.0075,1.8125],"rotation":0,"texture":"#0","tintindex":0},