{"textures":{"0":"modelengine:entity/illidan"},"elements":[{"from":[7.7714286,1.4857144,5.4857144],"to":[12.514286,7.0857143,10.514286],"rotation":{"angle":0.0,"axis":"y","origin":[9.142858,6.857143,8.0]},"faces":{"east":{"uv":[5.8675,11.5075,5.3825,12.0625],"rotation":0,"texture":"#0","tintindex":0},"south":{"uv":[11.9925,5.0075,11.5075,5.5625],"rotation":0,"texture":"#0","tintindex":0},"north":{"uv":[11.8675,7.2575,11.3825,7.8125],"rotation":0,"texture":"#0","tintindex":0},"west":{"uv":[11.9925,4.3825,11.5075,4.9375],"rotation":0,"texture":"#0","tintindex":0},"up":{"uv":[11.8825,7.6175,12.3675,7.1325],"rotation":0,"texture":"#0","tintindex":0},"down":{"uv":[11.7575,11.8825,12.2425,12.3675],"rotation":0,"texture":"#0","tintindex":0}}},{"from":[7.4857144,-2.514287,4.6285715],"to":[13.085714,3.6571426,9.657143],"rotation":{"angle":0.0,"axis":"y","origin":[10.0,5.714286,7.142857]},"faces":{"east":{"uv":[7.7425,11.1325,7.2575,11.7425],"rotation":0,"texture":"#0","tintindex":0},"south":{"uv":[1.8125,10.3825,1.2575,10.9925],"rotation":0,"texture":"#0","tintindex":0},"north":{"uv":[1.1875,10.3825,0.6325,10.9925],"rotation":0,"texture":"#0","tintindex":0},"west":{"uv":[7.2425,11.1325,6.7575,11.7425],"rotation":0,"texture":"#0","tintindex":0},"up":{"uv":[11.6325,1.9925,12.1875,1.5075],"rotation":0,"texture":"#0","tintindex":0},"down":{"uv":[11.6325,2.5075,12.1875,2.9925],"rotation":0,"texture":"#0","tintindex":0}}},{"from":[7.2,4.9142857,4.6285715],"to":[12.8,9.942858,11.3714285],"rotation":{"angle":0.0,"axis":"y","origin":[8.571428,9.142858,8.0]},"faces":{"east":{"uv":[7.1875,10.6325,6.5075,11.1175],"rotation":0,"texture":"#0","tintindex":0},"south":{"uv":[6.4375,11.5075,5.8825,11.9925],"rotation":0,"texture":"#0","tintindex":0},"north":{"uv":[12.0625,5.6325,11.5075,6.1175],"rotation":0,"texture":"#0","tintindex":0},"west":{"uv":[11.1875,1.0075,10.5075,1.4925],"rotation":0,"texture":"#0","tintindex":0},"up":{"uv":[9.7575,10.6875,10.3125,10.0075],"rotation":0,"texture":"#0","tintindex":0},"down":{"uv":[10.1325,6.0075,10.6875,6.6875],"rotation":0,"texture":"#0","tintindex":0}}},{"from":[12.571428,4.285714,6.0],"to":[13.142858,9.142858,10.0],"rotation":{"angle":0.0,"axis":"y","origin":[9.142858,7.428571,8.0]},"faces":{"east":{"uv":[0.4375,12.1325,0.0075,12.6875],"rotation":0,"texture":"#0","tintindex":0},"south":{"uv":[8.5625,14.7575,8.5075,15.3125],"rotation":0,"texture":"#0","tintindex":0},"north":{"uv":[6.0625,14.7575,6.0075,15.3125],"rotation":0,"texture":"#0","tintindex":0},"west":{"uv":[6.3125,12.0075,5.8825,12.5625],"rotation":0,"texture":"#0","tintindex":0},"up":{"uv":[12.6325,15.3125,12.6875,14.8825],"rotation":0,"texture":"#0","tintindex":0},"down":{"uv":[12.7575,14.8825,12.8125,15.3125],"rotation":0,"texture":"#0","tintindex":0}}},{"from":[7.2,9.942857,5.771428],"to":[11.657143,10.971429,10.228572],"rotation":{"angle":0.0,"axis":"y","origin":[8.571428,11.885715,8.0]},"faces":{"east":{"uv":[15.3125,11.8825,14.8825,11.9375],"rotation":0,"texture":"#0","tintindex":0},"south":{"uv":[15.3125,11.7575,14.8825,11.8125],"rotation":0,"texture":"#0","tintindex":0},"north":{"uv":[15.3125,11.6325,14.8825,11.6875],"rotation":0,"texture":"#0","tintindex":0},"west":{"uv":[12.1875,14.8825,11.7575,14.9375],"rotation":0,"texture":"#0","tintindex":0},"up":{"uv":[12.7575,12.3125,13.1875,11.8825],"rotation":0,"texture":"#0","tintindex":0},"down":{"uv":[12.7575,12.3825,13.1875,12.8125],"rotation":0,"texture":"#0","tintindex":0}}},{"from":[8.0,-4.5714293,5.714286],"to":[12.571428,1.7142854,10.285714],"rotation":{"angle":0.0,"axis":"y","origin":[10.285714,1.7142854,8.0]},"faces":{"east":{"uv":[0.4925,10.6325,0.0075,11.3125],"rotation":0,"texture":"#0","tintindex":0},"south":{"uv":[10.9925,9.1325,10.5075,9.8125],"rotation":0,"texture":"#0","tintindex":0},"north":{"uv":[10.9925,2.5075,10.5075,3.1875],"rotation":0,"texture":"#0","tintindex":0},"west":{"uv":[10.9925,3.2575,10.5075,3.9375],"rotation":0,"texture":"#0","tintindex":0},"up":{"uv":[12.0075,0.9925,12.4925,0.5075],"rotation":0,"texture":"#0","tintindex":0},"down":{"uv":[2.2575,12.0075,2.7425,12.4925],"rotation":0,"texture":"#0","tintindex":0}}}],"display":{"head":{"translation":[0.0,-6.4,0.0],"scale":[4.0,4.0,4.0]}}}