{"textures":{"0":"modelengine:entity/illidan"},"elements":[{"from":[8.857143,-12.0,7.714286],"to":[12.857143,6.285714,7.714286],"rotation":{"angle":0.0,"axis":"y","origin":[9.714286,6.285714,7.714286]},"faces":{"east":{"uv":[0.0075,0.0075,0.0075,1.9925],"rotation":0,"texture":"#0","tintindex":0},"south":{"uv":[7.305,6.5,6.875,8.485],"rotation":0,"texture":"#0","tintindex":0},"north":{"uv":[6.875,6.5,7.305,8.485],"rotation":0,"texture":"#0","tintindex":0},"west":{"uv":[0.0075,0.0075,0.0075,1.9925],"rotation":0,"texture":"#0","tintindex":0},"up":{"uv":[0.0075,0.0075,0.4375,0.0075],"rotation":0,"texture":"#0","tintindex":0},"down":{"uv":[0.0075,0.0075,0.4375,0.0075],"rotation":0,"texture":"#0","tintindex":0}}},{"from":[6.857143,6.857143,6.857143],"to":[9.142858,9.142858,9.142858],"rotation":{"angle":0.0,"axis":"y","origin":[8.0,8.0,8.0]},"faces":{"east":{"uv":[14.7425,2.2575,14.5075,2.4925],"rotation":0,"texture":"#0","tintindex":0},"south":{"uv":[14.7425,2.0075,14.5075,2.2425],"rotation":0,"texture":"#0","tintindex":0},"north":{"uv":[14.7425,1.7575,14.5075,1.9925],"rotation":0,"texture":"#0","tintindex":0},"west":{"uv":[2.2425,14.5075,2.0075,14.7425],"rotation":0,"texture":"#0","tintindex":0},"up":{"uv":[14.5075,2.7425,14.7425,2.5075],"rotation":0,"texture":"#0","tintindex":0},"down":{"uv":[14.5075,2.7575,14.7425,2.9925],"rotation":0,"texture":"#0","tintindex":0}}},{"from":[6.857143,-11.428572,6.857143],"to":[9.142858,-9.1428585,9.142858],"rotation":{"angle":0.0,"axis":"y","origin":[8.0,-10.285715,8.0]},"faces":{"east":{"uv":[3.6175,14.5075,3.3825,14.7425],"rotation":0,"texture":"#0","tintindex":0},"south":{"uv":[14.7425,3.2575,14.5075,3.4925],"rotation":0,"texture":"#0","tintindex":0},"north":{"uv":[14.7425,3.0075,14.5075,3.2425],"rotation":0,"texture":"#0","tintindex":0},"west":{"uv":[3.3675,14.5075,3.1325,14.7425],"rotation":0,"texture":"#0","tintindex":0},"up":{"uv":[3.6325,14.7425,3.8675,14.5075],"rotation":0,"texture":"#0","tintindex":0},"down":{"uv":[14.5075,3.7575,14.7425,3.9925],"rotation":0,"texture":"#0","tintindex":0}}},{"from":[7.142857,-9.1428585,7.142857],"to":[8.857143,6.857143,8.857143],"rotation":{"angle":0.0,"axis":"y","origin":[8.0,6.857143,8.0]},"faces":{"east":{"uv":[1.6875,11.0075,1.5075,12.7425],"rotation":0,"texture":"#0","tintindex":0},"south":{"uv":[1.4375,11.0075,1.2575,12.7425],"rotation":0,"texture":"#0","tintindex":0},"north":{"uv":[0.9375,11.0075,0.7575,12.7425],"rotation":0,"texture":"#0","tintindex":0},"west":{"uv":[1.1875,11.0075,1.0075,12.7425],"rotation":0,"texture":"#0","tintindex":0},"up":{"uv":[7.2575,15.0625,7.4375,14.8825],"rotation":0,"texture":"#0","tintindex":0},"down":{"uv":[14.8825,7.2575,15.0625,7.4375],"rotation":0,"texture":"#0","tintindex":0}}},{"from":[7.142857,-12.57143,7.142857],"to":[8.857143,-11.428572,8.857143],"rotation":{"angle":0.0,"axis":"y","origin":[8.0,-11.428572,8.0]},"faces":{"east":{"uv":[15.1875,9.2575,15.0075,9.3675],"rotation":0,"texture":"#0","tintindex":0},"south":{"uv":[15.1875,9.1325,15.0075,9.2425],"rotation":0,"texture":"#0","tintindex":0},"north":{"uv":[15.1875,9.0075,15.0075,9.1175],"rotation":0,"texture":"#0","tintindex":0},"west":{"uv":[9.3125,15.0075,9.1325,15.1175],"rotation":0,"texture":"#0","tintindex":0},"up":{"uv":[7.5075,15.0625,7.6875,14.8825],"rotation":0,"texture":"#0","tintindex":0},"down":{"uv":[14.8825,7.5075,15.0625,7.6875],"rotation":0,"texture":"#0","tintindex":0}}},{"from":[7.428571,-13.428572,7.428571],"to":[8.571428,-12.285715,8.571428],"rotation":{"angle":-22.5,"axis":"z","origin":[8.0,-12.285715,8.0]},"faces":{"east":{"uv":[14.4925,4.2575,14.3825,4.3675],"rotation":0,"texture":"#0","tintindex":0},"south":{"uv":[1.8675,14.3825,1.7575,14.4925],"rotation":0,"texture":"#0","tintindex":0},"north":{"uv":[11.8675,14.2575,11.7575,14.3675],"rotation":0,"texture":"#0","tintindex":0},"west":{"uv":[12.7425,14.2575,12.6325,14.3675],"rotation":0,"texture":"#0","tintindex":0},"up":{"uv":[9.3825,14.4925,9.4925,14.3825],"rotation":0,"texture":"#0","tintindex":0},"down":{"uv":[12.2575,14.3825,12.3675,14.4925],"rotation":0,"texture":"#0","tintindex":0}}},{"from":[0.85714245,-10.285715,8.571428],"to":[7.142857,8.0,8.571428],"rotation":{"angle":0.0,"axis":"y","origin":[6.285714,8.0,8.571428]},"faces":{"east":{"uv":[0.0075,0.0075,0.0075,1.9925],"rotation":0,"texture":"#0","tintindex":0},"south":{"uv":[0.0,5.75,0.68,7.735],"rotation":0,"texture":"#0","tintindex":0},"north":{"uv":[0.68,5.75,0.0,7.735],"rotation":0,"texture":"#0","tintindex":0},"west":{"uv":[0.0075,0.0075,0.0075,1.9925],"rotation":0,"texture":"#0","tintindex":0},"up":{"uv":[0.0075,0.0075,0.6875,0.0075],"rotation":0,"texture":"#0","tintindex":0},"down":{"uv":[0.0075,0.0075,0.6875,0.0075],"rotation":0,"texture":"#0","tintindex":0}}},{"from":[7.428571,-14.285715,7.714286],"to":[8.0,-13.1428585,8.285714],"rotation":{"angle":-45.0,"axis":"z","origin":[7.714286,-13.1428585,8.0]},"faces":{"east":{"uv":[3.5625,15.1325,3.5075,15.2425],"rotation":0,"texture":"#0","tintindex":0},"south":{"uv":[15.1875,3.3825,15.1325,3.4925],"rotation":0,"texture":"#0","tintindex":0},"north":{"uv":[15.1875,3.2575,15.1325,3.3675],"rotation":0,"texture":"#0","tintindex":0},"west":{"uv":[3.4375,15.1325,3.3825,15.2425],"rotation":0,"texture":"#0","tintindex":0},"up":{"uv":[15.1325,4.4375,15.1875,4.3825],"rotation":0,"texture":"#0","tintindex":0},"down":{"uv":[4.5075,15.1325,4.5625,15.1875],"rotation":0,"texture":"#0","tintindex":0}}}],"display":{"head":{"translation":[0.0,-6.4,0.0],"scale":[4.0,4.0,4.0]}}}