{"textures":{"0":"modelengine:entity/illidan"},"elements":[{"from":[6.857143,5.2571425,4.5714283],"to":[10.285714,8.114285,10.285714],"rotation":{"angle":0.0,"axis":"y","origin":[8.0,8.114285,8.0]},"faces":{"east":{"uv":[13.3675,10.1325,12.7575,10.4375],"rotation":0,"texture":"#0","tintindex":0},"south":{"uv":[13.9925,4.5075,13.6325,4.8125],"rotation":0,"texture":"#0","tintindex":0},"north":{"uv":[13.9925,3.3825,13.6325,3.6875],"rotation":0,"texture":"#0","tintindex":0},"west":{"uv":[13.3675,9.7575,12.7575,10.0625],"rotation":0,"texture":"#0","tintindex":0},"up":{"uv":[5.3825,12.7425,5.7425,12.1325],"rotation":0,"texture":"#0","tintindex":0},"down":{"uv":[12.1325,10.6325,12.4925,11.2425],"rotation":0,"texture":"#0","tintindex":0}}},{"from":[8.857143,4.1142855,4.285714],"to":[11.142858,6.9714284,10.571428],"rotation":{"angle":0.0,"axis":"y","origin":[8.0,8.114285,8.0]},"faces":{"east":{"uv":[13.3125,6.0075,12.6325,6.3125],"rotation":0,"texture":"#0","tintindex":0},"south":{"uv":[9.7425,14.1325,9.5075,14.4375],"rotation":0,"texture":"#0","tintindex":0},"north":{"uv":[6.7425,14.1325,6.5075,14.4375],"rotation":0,"texture":"#0","tintindex":0},"west":{"uv":[6.4375,12.6325,5.7575,12.9375],"rotation":0,"texture":"#0","tintindex":0},"up":{"uv":[9.1325,13.5625,9.3675,12.8825],"rotation":0,"texture":"#0","tintindex":0},"down":{"uv":[13.0075,0.0075,13.2425,0.6875],"rotation":0,"texture":"#0","tintindex":0}}}],"display":{"head":{"translation":[0.0,-6.4,0.0],"scale":[4.0,4.0,4.0]}}}