{"textures":{"0":"modelengine:entity/illidan"},"elements":[{"from":[7.569387,1.3186307,7.714286],"to":[8.42653,4.175773,8.285714],"rotation":{"angle":-45.0,"axis":"z","origin":[8.0,3.7142854,8.0]},"faces":{"east":{"uv":[15.0625,12.3825,15.0075,12.6875],"rotation":0,"texture":"#0","tintindex":0},"south":{"uv":[3.6175,14.7575,3.5075,15.0625],"rotation":0,"texture":"#0","tintindex":0},"north":{"uv":[3.4925,14.7575,3.3825,15.0625],"rotation":0,"texture":"#0","tintindex":0},"west":{"uv":[12.4375,15.0075,12.3825,15.3125],"rotation":0,"texture":"#0","tintindex":0},"up":{"uv":[15.1325,2.6875,15.2425,2.6325],"rotation":0,"texture":"#0","tintindex":0},"down":{"uv":[2.7575,15.1325,2.8675,15.1875],"rotation":0,"texture":"#0","tintindex":0}}},{"from":[7.428571,2.8571424,7.428571],"to":[8.857143,5.714286,8.571428],"rotation":{"angle":-22.5,"axis":"z","origin":[8.857143,5.714286,8.0]},"faces":{"east":{"uv":[3.8675,14.7575,3.7575,15.0625],"rotation":0,"texture":"#0","tintindex":0},"south":{"uv":[1.6875,14.6325,1.5075,14.9375],"rotation":0,"texture":"#0","tintindex":0},"north":{"uv":[1.4375,14.6325,1.2575,14.9375],"rotation":0,"texture":"#0","tintindex":0},"west":{"uv":[3.7425,14.7575,3.6325,15.0625],"rotation":0,"texture":"#0","tintindex":0},"up":{"uv":[15.0075,6.8675,15.1875,6.7575],"rotation":0,"texture":"#0","tintindex":0},"down":{"uv":[15.0075,6.8825,15.1875,6.9925],"rotation":0,"texture":"#0","tintindex":0}}},{"from":[7.028571,5.6,7.3142858],"to":[8.971429,8.685715,8.685715],"rotation":{"angle":0.0,"axis":"y","origin":[8.0,8.0,8.0]},"faces":{"east":{"uv":[4.1175,14.7575,4.0075,15.0625],"rotation":0,"texture":"#0","tintindex":0},"south":{"uv":[2.6875,14.6325,2.5075,14.9375],"rotation":0,"texture":"#0","tintindex":0},"north":{"uv":[2.4375,14.6325,2.2575,14.9375],"rotation":0,"texture":"#0","tintindex":0},"west":{"uv":[3.9925,14.7575,3.8825,15.0625],"rotation":0,"texture":"#0","tintindex":0},"up":{"uv":[15.0075,7.1175,15.1875,7.0075],"rotation":0,"texture":"#0","tintindex":0},"down":{"uv":[15.0075,7.1325,15.1875,7.2425],"rotation":0,"texture":"#0","tintindex":0}}}],"display":{"head":{"translation":[0.0,-6.4,0.0],"scale":[4.0,4.0,4.0]}}}