{"textures":{"0":"modelengine:entity/illidan"},"elements":[{"from":[4.2914286,8.005714,4.0057144],"to":[11.708571,13.137143,10.851429],"rotation":{"angle":0.0,"axis":"y","origin":[8.0,8.0,8.0]},"faces":{"east":{"uv":[4.7575,9.6325,5.4925,10.1875],"rotation":0,"texture":"#0","tintindex":0},"south":{"uv":[9.3825,7.3825,10.1875,7.9375],"rotation":0,"texture":"#0","tintindex":0},"north":{"uv":[9.3825,4.0075,10.1875,4.5625],"rotation":0,"texture":"#0","tintindex":0},"west":{"uv":[1.2575,9.7575,1.9925,10.3125],"rotation":0,"texture":"#0","tintindex":0},"up":{"uv":[9.0625,5.4925,8.2575,4.7575],"rotation":0,"texture":"#0","tintindex":0},"down":{"uv":[9.0625,5.5075,8.2575,6.2425],"rotation":0,"texture":"#0","tintindex":0}}},{"from":[4.011429,11.382857,3.44],"to":[5.702857,12.502857,3.9885712],"rotation":{"angle":22.5,"axis":"z","origin":[7.428571,11.3714285,2.8571424]},"faces":{"east":{"uv":[15.1325,1.2575,15.1875,1.3675],"rotation":0,"texture":"#0","tintindex":0},"south":{"uv":[14.8825,13.3825,15.0625,13.4925],"rotation":0,"texture":"#0","tintindex":0},"north":{"uv":[14.8825,13.2575,15.0625,13.3675],"rotation":0,"texture":"#0","tintindex":0},"west":{"uv":[1.3825,15.1325,1.4375,15.2425],"rotation":0,"texture":"#0","tintindex":0},"up":{"uv":[15.3125,0.5625,15.1325,0.5075],"rotation":0,"texture":"#0","tintindex":0},"down":{"uv":[0.8125,15.1325,0.6325,15.1875],"rotation":0,"texture":"#0","tintindex":0}}},{"from":[4.285714,9.428572,3.4285712],"to":[7.714286,11.142858,4.0],"rotation":{"angle":22.5,"axis":"z","origin":[7.714286,9.428572,2.8571424]},"faces":{"east":{"uv":[15.1325,0.0075,15.1875,0.1875],"rotation":0,"texture":"#0","tintindex":0},"south":{"uv":[14.1325,12.3825,14.4925,12.5625],"rotation":0,"texture":"#0","tintindex":0},"north":{"uv":[14.1325,12.1325,14.4925,12.3125],"rotation":0,"texture":"#0","tintindex":0},"west":{"uv":[0.1325,15.1325,0.1875,15.3125],"rotation":0,"texture":"#0","tintindex":0},"up":{"uv":[13.2425,14.9375,12.8825,14.8825],"rotation":0,"texture":"#0","tintindex":0},"down":{"uv":[15.2425,13.1325,14.8825,13.1875],"rotation":0,"texture":"#0","tintindex":0}}},{"from":[1.4285712,10.0,3.4285712],"to":[4.285714,11.714286,4.0],"rotation":{"angle":-22.5,"axis":"z","origin":[4.285714,10.0,2.8571424]},"faces":{"east":{"uv":[0.3825,15.1325,0.4375,15.3125],"rotation":0,"texture":"#0","tintindex":0},"south":{"uv":[12.2575,14.5075,12.5625,14.6875],"rotation":0,"texture":"#0","tintindex":0},"north":{"uv":[14.5075,12.1325,14.8125,12.3125],"rotation":0,"texture":"#0","tintindex":0},"west":{"uv":[0.5075,15.1325,0.5625,15.3125],"rotation":0,"texture":"#0","tintindex":0},"up":{"uv":[15.3125,10.9375,15.0075,10.8825],"rotation":0,"texture":"#0","tintindex":0},"down":{"uv":[15.3125,11.1325,15.0075,11.1875],"rotation":0,"texture":"#0","tintindex":0}}},{"from":[0.02285719,10.308572,4.0228567],"to":[3.4057136,11.977143,10.834286],"rotation":{"angle":-22.5,"axis":"z","origin":[2.2857141,10.285714,9.142858]},"faces":{"east":{"uv":[10.2575,4.3825,10.9925,4.5625],"rotation":0,"texture":"#0","tintindex":0},"south":{"uv":[12.7575,14.1325,13.1175,14.3125],"rotation":0,"texture":"#0","tintindex":0},"north":{"uv":[14.1325,12.6325,14.4925,12.8125],"rotation":0,"texture":"#0","tintindex":0},"west":{"uv":[12.8825,7.6325,13.6175,7.8125],"rotation":0,"texture":"#0","tintindex":0},"up":{"uv":[7.3675,9.2425,7.0075,8.5075],"rotation":0,"texture":"#0","tintindex":0},"down":{"uv":[8.1175,11.2575,7.7575,11.9925],"rotation":0,"texture":"#0","tintindex":0}}},{"from":[0.8685713,8.011429,4.011429],"to":[4.2742853,10.845715,10.845715],"rotation":{"angle":-45.0,"axis":"z","origin":[4.285714,8.0,9.142858]},"faces":{"east":{"uv":[12.1325,3.0075,12.8675,3.3125],"rotation":0,"texture":"#0","tintindex":0},"south":{"uv":[13.3825,5.8825,13.7425,6.1875],"rotation":0,"texture":"#0","tintindex":0},"north":{"uv":[5.7575,13.3825,6.1175,13.6875],"rotation":0,"texture":"#0","tintindex":0},"west":{"uv":[12.1325,5.6325,12.8675,5.9375],"rotation":0,"texture":"#0","tintindex":0},"up":{"uv":[11.6175,10.8675,11.2575,10.1325],"rotation":0,"texture":"#0","tintindex":0},"down":{"uv":[11.6175,10.8825,11.2575,11.6175],"rotation":0,"texture":"#0","tintindex":0}}},{"from":[0.0,11.2,4.0],"to":[16.0,15.200001,10.857143],"rotation":{"angle":0.0,"axis":"y","origin":[8.0,12.342857,9.142858]},"faces":{"east":{"uv":[2.8825,10.7575,3.6175,11.1875],"rotation":0,"texture":"#0","tintindex":0},"south":{"uv":[7.3825,7.2575,9.1175,7.6875],"rotation":0,"texture":"#0","tintindex":0},"north":{"uv":[7.3825,6.7575,9.1175,7.1875],"rotation":0,"texture":"#0","tintindex":0},"west":{"uv":[10.7575,6.0075,11.4925,6.4375],"rotation":0,"texture":"#0","tintindex":0},"up":{"uv":[7.4925,2.7425,5.7575,2.0075],"rotation":0,"texture":"#0","tintindex":0},"down":{"uv":[5.4925,5.7575,3.7575,6.4925],"rotation":0,"texture":"#0","tintindex":0}}},{"from":[5.714286,11.771429,3.4285712],"to":[7.714286,12.914286,4.0],"rotation":{"angle":0.0,"axis":"y","origin":[8.0,12.342857,8.571428]},"faces":{"east":{"uv":[15.1325,1.1325,15.1875,1.2425],"rotation":0,"texture":"#0","tintindex":0},"south":{"uv":[13.3825,6.2575,13.6175,6.3675],"rotation":0,"texture":"#0","tintindex":0},"north":{"uv":[13.3825,2.7575,13.6175,2.8675],"rotation":0,"texture":"#0","tintindex":0},"west":{"uv":[1.2575,15.1325,1.3125,15.2425],"rotation":0,"texture":"#0","tintindex":0},"up":{"uv":[15.2425,11.4375,15.0075,11.3825],"rotation":0,"texture":"#0","tintindex":0},"down":{"uv":[15.2425,11.5075,15.0075,11.5625],"rotation":0,"texture":"#0","tintindex":0}}},{"from":[4.5714283,12.057143,3.4285712],"to":[5.714286,12.914286,4.0],"rotation":{"angle":0.0,"axis":"y","origin":[6.857143,12.342857,8.571428]},"faces":{"east":{"uv":[15.1325,1.3825,15.1875,1.4925],"rotation":0,"texture":"#0","tintindex":0},"south":{"uv":[12.2575,1.8825,12.3675,1.9925],"rotation":0,"texture":"#0","tintindex":0},"north":{"uv":[12.1325,11.2575,12.2425,11.3675],"rotation":0,"texture":"#0","tintindex":0},"west":{"uv":[1.5075,15.1325,1.5625,15.2425],"rotation":0,"texture":"#0","tintindex":0},"up":{"uv":[15.2425,1.5625,15.1325,1.5075],"rotation":0,"texture":"#0","tintindex":0},"down":{"uv":[1.7425,15.1325,1.6325,15.1875],"rotation":0,"texture":"#0","tintindex":0}}},{"from":[8.285714,9.428572,3.4285712],"to":[11.714286,11.142858,4.0],"rotation":{"angle":-22.5,"axis":"z","origin":[8.285714,9.428572,2.8571424]},"faces":{"east":{"uv":[0.1875,15.1325,0.1325,15.3125],"rotation":0,"texture":"#0","tintindex":0},"south":{"uv":[14.4925,12.3825,14.1325,12.5625],"rotation":0,"texture":"#0","tintindex":0},"north":{"uv":[14.4925,12.1325,14.1325,12.3125],"rotation":0,"texture":"#0","tintindex":0},"west":{"uv":[15.1875,0.0075,15.1325,0.1875],"rotation":0,"texture":"#0","tintindex":0},"up":{"uv":[12.8825,14.9375,13.2425,14.8825],"rotation":0,"texture":"#0","tintindex":0},"down":{"uv":[14.8825,13.1325,15.2425,13.1875],"rotation":0,"texture":"#0","tintindex":0}}},{"from":[11.714286,10.0,3.4285712],"to":[14.571428,11.714286,4.0],"rotation":{"angle":22.5,"axis":"z","origin":[11.714286,10.0,2.8571424]},"faces":{"east":{"uv":[0.5625,15.1325,0.5075,15.3125],"rotation":0,"texture":"#0","tintindex":0},"south":{"uv":[12.5625,14.5075,12.2575,14.6875],"rotation":0,"texture":"#0","tintindex":0},"north":{"uv":[14.8125,12.1325,14.5075,12.3125],"rotation":0,"texture":"#0","tintindex":0},"west":{"uv":[0.4375,15.1325,0.3825,15.3125],"rotation":0,"texture":"#0","tintindex":0},"up":{"uv":[15.0075,10.9375,15.3125,10.8825],"rotation":0,"texture":"#0","tintindex":0},"down":{"uv":[15.0075,11.1325,15.3125,11.1875],"rotation":0,"texture":"#0","tintindex":0}}},{"from":[10.285714,12.057143,3.4285712],"to":[11.428572,12.914286,4.0],"rotation":{"angle":0.0,"axis":"y","origin":[9.142858,12.342857,8.571428]},"faces":{"east":{"uv":[1.5625,15.1325,1.5075,15.2425],"rotation":0,"texture":"#0","tintindex":0},"south":{"uv":[12.3675,1.8825,12.2575,1.9925],"rotation":0,"texture":"#0","tintindex":0},"north":{"uv":[12.2425,11.2575,12.1325,11.3675],"rotation":0,"texture":"#0",