{"textures":{"0":"modelengine:entity/illidan"},"elements":[{"from":[6.857143,8.0,6.857143],"to":[9.142858,12.571428,9.142858],"rotation":{"angle":0.0,"axis":"y","origin":[8.0,8.0,8.0]},"faces":{"east":{"uv":[6.2575,13.0075,6.4925,13.4925],"rotation":0,"texture":"#0","tintindex":0},"south":{"uv":[1.5075,13.2575,1.7425,13.7425],"rotation":0,"texture":"#0","tintindex":0},"north":{"uv":[0.7575,8.5075,0.9925,8.9925],"rotation":0,"texture":"#0","tintindex":0},"west":{"uv":[13.3825,1.1325,13.6175,1.6175],"rotation":0,"texture":"#0","tintindex":0},"up":{"uv":[14.4925,11.2425,14.2575,11.0075],"rotation":0,"texture":"#0","tintindex":0},"down":{"uv":[14.4925,11.2575,14.2575,11.4925],"rotation":0,"texture":"#0","tintindex":0}}},{"from":[6.857143,10.285714,6.5714283],"to":[6.857143,12.571428,9.428572],"rotation":{"angle":22.5,"axis":"z","origin":[6.857143,10.285714,8.0]},"faces":{"east":{"uv":[5.6325,14.1325,5.9375,14.3675],"rotation":0,"texture":"#0","tintindex":0},"south":{"uv":[0.0075,0.0075,0.0075,0.2425],"rotation":0,"texture":"#0","tintindex":0},"north":{"uv":[0.0075,0.0075,0.0075,0.2425],"rotation":0,"texture":"#0","tintindex":0},"west":{"uv":[14.1325,5.6325,14.4375,5.8675],"rotation":0,"texture":"#0","tintindex":0},"up":{"uv":[0.0075,0.3125,0.0075,0.0075],"rotation":0,"texture":"#0","tintindex":0},"down":{"uv":[0.0075,0.0075,0.0075,0.3125],"rotation":0,"texture":"#0","tintindex":0}}},{"from":[6.857143,8.0,6.5714283],"to":[6.857143,11.428572,9.428572],"rotation":{"angle":22.5,"axis":"z","origin":[6.857143,8.0,8.0]},"faces":{"east":{"uv":[13.5075,10.5075,13.8125,10.8675],"rotation":0,"texture":"#0","tintindex":0},"south":{"uv":[0.0075,0.0075,0.0075,0.3675],"rotation":0,"texture":"#0","tintindex":0},"north":{"uv":[0.0075,0.0075,0.0075,0.3675],"rotation":0,"texture":"#0","tintindex":0},"west":{"uv":[10.8825,13.5075,11.1875,13.8675],"rotation":0,"texture":"#0","tintindex":0},"up":{"uv":[0.0075,0.3125,0.0075,0.0075],"rotation":0,"texture":"#0","tintindex":0},"down":{"uv":[0.0075,0.0075,0.0075,0.3125],"rotation":0,"texture":"#0","tintindex":0}}},{"from":[9.142858,8.0,6.5714283],"to":[9.142858,11.428572,9.428572],"rotation":{"angle":-22.5,"axis":"z","origin":[9.142858,8.0,8.0]},"faces":{"east":{"uv":[11.1875,13.5075,10.8825,13.8675],"rotation":0,"texture":"#0","tintindex":0},"south":{"uv":[0.0075,0.0075,0.0075,0.3675],"rotation":0,"texture":"#0","tintindex":0},"north":{"uv":[0.0075,0.0075,0.0075,0.3675],"rotation":0,"texture":"#0","tintindex":0},"west":{"uv":[13.8125,10.5075,13.5075,10.8675],"rotation":0,"texture":"#0","tintindex":0},"up":{"uv":[0.0075,0.3125,0.0075,0.0075],"rotation":0,"texture":"#0","tintindex":0},"down":{"uv":[0.0075,0.0075,0.0075,0.3125],"rotation":0,"texture":"#0","tintindex":0}}},{"from":[9.142858,10.285714,6.5714283],"to":[9.142858,12.571428,9.428572],"rotation":{"angle":-22.5,"axis":"z","origin":[9.142858,10.285714,8.0]},"faces":{"east":{"uv":[14.4375,5.6325,14.1325,5.8675],"rotation":0,"texture":"#0","tintindex":0},"south":{"uv":[0.0075,0.0075,0.0075,0.2425],"rotation":0,"texture":"#0","tintindex":0},"north":{"uv":[0.0075,0.0075,0.0075,0.2425],"rotation":0,"texture":"#0","tintindex":0},"west":{"uv":[5.9375,14.1325,5.6325,14.3675],"rotation":0,"texture":"#0","tintindex":0},"up":{"uv":[0.0075,0.3125,0.0075,0.0075],"rotation":0,"texture":"#0","tintindex":0},"down":{"uv":[0.0075,0.0075,0.0075,0.3125],"rotation":0,"texture":"#0","tintindex":0}}},{"from":[6.5714283,10.285714,6.857143],"to":[9.428572,12.571428,6.857143],"rotation":{"angle":-22.5,"axis":"x","origin":[8.0,10.285714,6.857143]},"faces":{"east":{"uv":[0.0075,0.0075,0.0075,0.2425],"rotation":0,"texture":"#0","tintindex":0},"south":{"uv":[14.1325,6.7575,14.4375,6.9925],"rotation":0,"texture":"#0","tintindex":0},"north":{"uv":[14.1325,5.8825,14.4375,6.1175],"rotation":0,"texture":"#0","tintindex":0},"west":{"uv":[0.0075,0.0075,0.0075,0.2425],"rotation":0,"texture":"#0","tintindex":0},"up":{"uv":[0.3125,0.0075,0.0075,0.0075],"rotation":0,"texture":"#0","tintindex":0},"down":{"uv":[0.3125,0.0075,0.0075,0.0075],"rotation":0,"texture":"#0","tintindex":0}}},{"from":[6.5714283,8.0,6.857143],"to":[9.428572,11.428572,6.857143],"rotation":{"angle":-22.5,"axis":"x","origin":[8.0,8.0,6.857143]},"faces":{"east":{"uv":[0.0075,0.0075,0.0075,0.3675],"rotation":0,"texture":"#0","tintindex":0},"south":{"uv":[13.6325,0.0075,13.9375,0.3675],"rotation":0,"texture":"#0","tintindex":0},"north":{"uv":[13.3825,13.5075,13.6875,13.8675],"rotation":0,"texture":"#0","tintindex":0},"west":{"uv":[0.0075,0.0075,0.0075,0.3675],"rotation":0,"texture":"#0","tintindex":0},"up":{"uv":[0.3125,0.0075,0.0075,0.0075],"rotation":0,"texture":"#0","tintindex":0},"down":{"uv":[0.3125,0.0075,0.0075,0.0075],"rotation":0,"texture":"#0","tintindex":0}}},{"from":[6.5714283,8.0,9.142858],"to":[9.428572,11.428572,9.142858],"rotation":{"angle":22.5,"axis":"x","origin":[8.0,8.0,9.142858]},"faces":{"east":{"uv":[0.0075,0.0075,0.0075,0.3675],"rotation":0,"texture":"#0","tintindex":0},"south":{"uv":[13.6875,13.5075,13.3825,13.8675],"rotation":0,"texture":"#0","tintindex":0},"north":{"uv":[13.9375,0.0075,13.6325,0.3675],"rotation":0,"texture":"#0","tintindex":0},"west":{"uv":[0.0075,0.0075,0.0075,0.3675],"rotation":0,"texture":"#0","tintindex":0},"up":{"uv":[0.3125,0.0075,0.0075,0.0075],"rotation":0,"texture":"#0","tintindex":0},"down":{"uv":[0.3125,0.0075,0.0075,0.0075],"rotation":0,"texture":"#0","tintindex":0}}},{"from":[6.5714283,10.285714,9.142858],"to":[9.428572,12.571428,9.142858],"rotation":{"angle":22.5,"axis":"x","origin":[8.0,10.285714,9.142858]},"faces":{"east":{"uv":[0.0075,0.0075,0.0075,0.2425],"rotation":0,"texture":"#0","tintindex":0},"south":{"uv":[14.4375,5.8825,14.1325,6.1175],"rotation":0,"texture":"#0","tintindex":0},"north":{"uv":[14.4375,6.7575,14.1325,6.9925],"rotation":0,"texture":"#0","tintindex":0},"west":{"uv":[0.0075,0.0075,0.0075,0.2425],"rotation":0,"texture":"#0","tintindex":0},"up":{"uv":[0.3125,0.0075,0.0075,0.0075],"rotation":0,"texture":"#0","tintindex":0},"down":{"uv":[0.3125,0.0075,0.0075,0.0075],"rotation":0,"texture":"#0","tintindex":0}}}],"display":{"head":{"translation":[0.0,-6.4,0.0],"scale":[4.0,4.0,4.0]}}}