{"textures":{"0":"modelengine:entity/illidan"},"elements":[{"from":[6.857143,8.0,6.857143],"to":[9.142858,10.285714,9.142858],"rotation":{"angle":0.0,"axis":"y","origin":[8.0,8.0,8.0]},"faces":{"east":{"uv":[12.3825,14.2575,12.6175,14.4925],"rotation":0,"texture":"#0","tintindex":0},"south":{"uv":[13.1325,14.2575,13.3675,14.4925],"rotation":0,"texture":"#0","tintindex":0},"north":{"uv":[11.5075,14.2575,11.7425,14.4925],"rotation":0,"texture":"#0","tintindex":0},"west":{"uv":[14.2575,13.7575,14.4925,13.9925],"rotation":0,"texture":"#0","tintindex":0},"up":{"uv":[14.4925,14.2425,14.2575,14.0075],"rotation":0,"texture":"#0","tintindex":0},"down":{"uv":[14.4925,14.2575,14.2575,14.4925],"rotation":0,"texture":"#0","tintindex":0}}},{"from":[7.142857,10.285714,7.142857],"to":[8.857143,12.571428,8.857143],"rotation":{"angle":0.0,"axis":"y","origin":[8.0,10.285714,8.0]},"faces":{"east":{"uv":[8.0075,14.6325,8.1875,14.8675],"rotation":0,"texture":"#0","tintindex":0},"south":{"uv":[14.6325,8.1325,14.8125,8.3675],"rotation":0,"texture":"#0","tintindex":0},"north":{"uv":[14.6325,7.8825,14.8125,8.1175],"rotation":0,"texture":"#0","tintindex":0},"west":{"uv":[8.2575,14.6325,8.4375,14.8675],"rotation":0,"texture":"#0","tintindex":0},"up":{"uv":[15.0625,2.6875,14.8825,2.5075],"rotation":0,"texture":"#0","tintindex":0},"down":{"uv":[15.0625,2.7575,14.8825,2.9375],"rotation":0,"texture":"#0","tintindex":0}}},{"from":[6.857143,10.285714,6.5714283],"to":[6.857143,12.571428,9.428572],"rotation":{"angle":22.5,"axis":"z","origin":[6.857143,10.285714,8.0]},"faces":{"east":{"uv":[14.1325,7.0075,14.4375,7.2425],"rotation":0,"texture":"#0","tintindex":0},"south":{"uv":[0.0075,0.0075,0.0075,0.2425],"rotation":0,"texture":"#0","tintindex":0},"north":{"uv":[0.0075,0.0075,0.0075,0.2425],"rotation":0,"texture":"#0","tintindex":0},"west":{"uv":[7.7575,14.1325,8.0625,14.3675],"rotation":0,"texture":"#0","tintindex":0},"up":{"uv":[0.0075,0.3125,0.0075,0.0075],"rotation":0,"texture":"#0","tintindex":0},"down":{"uv":[0.0075,0.0075,0.0075,0.3125],"rotation":0,"texture":"#0","tintindex":0}}},{"from":[6.857143,8.0,6.5714283],"to":[6.857143,11.428572,9.428572],"rotation":{"angle":22.5,"axis":"z","origin":[6.857143,8.0,8.0]},"faces":{"east":{"uv":[13.6325,0.3825,13.9375,0.7425],"rotation":0,"texture":"#0","tintindex":0},"south":{"uv":[0.0075,0.0075,0.0075,0.3675],"rotation":0,"texture":"#0","tintindex":0},"north":{"uv":[0.0075,0.0075,0.0075,0.3675],"rotation":0,"texture":"#0","tintindex":0},"west":{"uv":[0.7575,13.6325,1.0625,13.9925],"rotation":0,"texture":"#0","tintindex":0},"up":{"uv":[0.0075,0.3125,0.0075,0.0075],"rotation":0,"texture":"#0","tintindex":0},"down":{"uv":[0.0075,0.0075,0.0075,0.3125],"rotation":0,"texture":"#0","tintindex":0}}},{"from":[9.142858,8.0,6.5714283],"to":[9.142858,11.428572,9.428572],"rotation":{"angle":-22.5,"axis":"z","origin":[9.142858,8.0,8.0]},"faces":{"east":{"uv":[1.0625,13.6325,0.7575,13.9925],"rotation":0,"texture":"#0","tintindex":0},"south":{"uv":[0.0075,0.0075,0.0075,0.3675],"rotation":0,"texture":"#0","tintindex":0},"north":{"uv":[0.0075,0.0075,0.0075,0.3675],"rotation":0,"texture":"#0","tintindex":0},"west":{"uv":[13.9375,0.3825,13.6325,0.7425],"rotation":0,"texture":"#0","tintindex":0},"up":{"uv":[0.0075,0.3125,0.0075,0.0075],"rotation":0,"texture":"#0","tintindex":0},"down":{"uv":[0.0075,0.0075,0.0075,0.3125],"rotation":0,"texture":"#0","tintindex":0}}},{"from":[9.142858,10.285714,6.5714283],"to":[9.142858,12.571428,9.428572],"rotation":{"angle":-22.5,"axis":"z","origin":[9.142858,10.285714,8.0]},"faces":{"east":{"uv":[8.0625,14.1325,7.7575,14.3675],"rotation":0,"texture":"#0","tintindex":0},"south":{"uv":[0.0075,0.0075,0.0075,0.2425],"rotation":0,"texture":"#0","tintindex":0},"north":{"uv":[0.0075,0.0075,0.0075,0.2425],"rotation":0,"texture":"#0","tintindex":0},"west":{"uv":[14.4375,7.0075,14.1325,7.2425],"rotation":0,"texture":"#0","tintindex":0},"up":{"uv":[0.0075,0.3125,0.0075,0.0075],"rotation":0,"texture":"#0","tintindex":0},"down":{"uv":[0.0075,0.0075,0.0075,0.3125],"rotation":0,"texture":"#0","tintindex":0}}},{"from":[6.5714283,10.285714,6.857143],"to":[9.428572,12.571428,6.857143],"rotation":{"angle":-22.5,"axis":"x","origin":[8.0,10.285714,6.857143]},"faces":{"east":{"uv":[0.0075,0.0075,0.0075,0.2425],"rotation":0,"texture":"#0","tintindex":0},"south":{"uv":[9.1325,14.1325,9.4375,14.3675],"rotation":0,"texture":"#0","tintindex":0},"north":{"uv":[8.1325,14.1325,8.4375,14.3675],"rotation":0,"texture":"#0","tintindex":0},"west":{"uv":[0.0075,0.0075,0.0075,0.2425],"rotation":0,"texture":"#0","tintindex":0},"up":{"uv":[0.3125,0.0075,0.0075,0.0075],"rotation":0,"texture":"#0","tintindex":0},"down":{"uv":[0.3125,0.0075,0.0075,0.0075],"rotation":0,"texture":"#0","tintindex":0}}},{"from":[6.5714283,8.0,6.857143],"to":[9.428572,11.428572,6.857143],"rotation":{"angle":-22.5,"axis":"x","origin":[8.0,8.0,6.857143]},"faces":{"east":{"uv":[0.0075,0.0075,0.0075,0.3675],"rotation":0,"texture":"#0","tintindex":0},"south":{"uv":[1.1325,13.6325,1.4375,13.9925],"rotation":0,"texture":"#0","tintindex":0},"north":{"uv":[13.6325,0.7575,13.9375,1.1175],"rotation":0,"texture":"#0","tintindex":0},"west":{"uv":[0.0075,0.0075,0.0075,0.3675],"rotation":0,"texture":"#0","tintindex":0},"up":{"uv":[0.3125,0.0075,0.0075,0.0075],"rotation":0,"texture":"#0","tintindex":0},"down":{"uv":[0.3125,0.0075,0.0075,0.0075],"rotation":0,"texture":"#0","tintindex":0}}},{"from":[6.5714283,8.0,9.142858],"to":[9.428572,11.428572,9.142858],"rotation":{"angle":22.5,"axis":"x","origin":[8.0,8.0,9.142858]},"faces":{"east":{"uv":[0.0075,0.0075,0.0075,0.3675],"rotation":0,"texture":"#0","tintindex":0},"south":{"uv":[13.9375,0.7575,13.6325,1.1175],"rotation":0,"texture":"#0","tintindex":0},"north":{"uv":[1.4375,13.6325,1.1325,13.9925],"rotation":0,"texture":"#0","tintindex":0},"west":{"uv":[0.0075,0.0075,0.0075,0.3675],"rotation":0,"texture":"#0","tintindex":0},"up":{"uv":[0.3125,0.0075,0.0075,0.0075],"rotation":0,"texture":"#0","tintindex":0},"down":{"uv":[0.3125,0.0075,0.0075,0.0075],"rotation":0,"texture":"#0","tintindex":0}}},{"from":[6.5714283,10.285714,9.142858],"to":[9.428572,12.571428,9.142858],"rotation":{"angle":22.5,"axis":"x","origin":[8.0,10.285714,9.142858]},"faces":{"east":{"uv":[0.0075,0.0075,0.0075,0.2425],"rotation":0,"texture":"#0","tintindex":0},"south":{"uv":[8.4375,14.1325,8.1325,14.3675],"rotation":0,"texture":"#0","tintindex":0},"north":{"uv":[9.4375,14.1325,9.1325,14.3675],"rotation":0,"texture":"#0","tintindex":0},"west":{"uv":[0.0075,0.0075,0.0075,0.2425],"rotation":0,"texture":"#0","tintindex":0},"up":{"uv":[0.3125,0.0075,0.0075,0.0075],"rotation":0,"texture":"#0","tintindex":0},"down":{"uv":[0.3125,0.0075,0.0075,0.0075],"rotation":0,"texture":"#0","tintindex":0}}}],"display":{"head":{"translation":[0.0,-6.4,0.0],"scale":[4.0,4.0,4.0]}}}