{"textures":{"0":"modelengine:entity/illidan"},"elements":[{"from":[7.142857,8.0,7.142857],"to":[8.857143,12.571428,8.857143],"rotation":{"angle":0.0,"axis":"y","origin":[8.0,8.0,8.0]},"faces":{"east":{"uv":[8.8825,13.8825,9.0625,14.3675],"rotation":0,"texture":"#0","tintindex":0},"south":{"uv":[10.8825,13.8825,11.0625,14.3675],"rotation":0,"texture":"#0","tintindex":0},"north":{"uv":[13.8825,6.7575,14.0625,7.2425],"rotation":0,"texture":"#0","tintindex":0},"west":{"uv":[13.3825,13.8825,13.5625,14.3675],"rotation":0,"texture":"#0","tintindex":0},"up":{"uv":[15.0625,4.4375,14.8825,4.2575],"rotation":0,"texture":"#0","tintindex":0},"down":{"uv":[15.0625,4.5075,14.8825,4.6875],"rotation":0,"texture":"#0","tintindex":0}}},{"from":[7.142857,10.285714,6.857143],"to":[7.142857,12.571428,9.142858],"rotation":{"angle":22.5,"axis":"z","origin":[7.142857,10.285714,8.0]},"faces":{"east":{"uv":[14.3825,3.5075,14.6175,3.7425],"rotation":0,"texture":"#0","tintindex":0},"south":{"uv":[0.0075,0.0075,0.0075,0.2425],"rotation":0,"texture":"#0","tintindex":0},"north":{"uv":[0.0075,0.0075,0.0075,0.2425],"rotation":0,"texture":"#0","tintindex":0},"west":{"uv":[14.3825,4.0075,14.6175,4.2425],"rotation":0,"texture":"#0","tintindex":0},"up":{"uv":[0.0075,0.2425,0.0075,0.0075],"rotation":0,"texture":"#0","tintindex":0},"down":{"uv":[0.0075,0.0075,0.0075,0.2425],"rotation":0,"texture":"#0","tintindex":0}}},{"from":[7.142857,8.0,6.857143],"to":[7.142857,11.428572,9.142858],"rotation":{"angle":22.5,"axis":"z","origin":[7.142857,8.0,8.0]},"faces":{"east":{"uv":[13.8825,10.5075,14.1175,10.8675],"rotation":0,"texture":"#0","tintindex":0},"south":{"uv":[0.0075,0.0075,0.0075,0.3675],"rotation":0,"texture":"#0","tintindex":0},"north":{"uv":[0.0075,0.0075,0.0075,0.3675],"rotation":0,"texture":"#0","tintindex":0},"west":{"uv":[14.0075,0.0075,14.2425,0.3675],"rotation":0,"texture":"#0","tintindex":0},"up":{"uv":[0.0075,0.2425,0.0075,0.0075],"rotation":0,"texture":"#0","tintindex":0},"down":{"uv":[0.0075,0.0075,0.0075,0.2425],"rotation":0,"texture":"#0","tintindex":0}}},{"from":[6.857143,10.285714,7.142857],"to":[9.142858,12.571428,7.142857],"rotation":{"angle":-22.5,"axis":"x","origin":[8.0,10.285714,7.142857]},"faces":{"east":{"uv":[0.0075,0.0075,0.0075,0.2425],"rotation":0,"texture":"#0","tintindex":0},"south":{"uv":[4.6325,14.3825,4.8675,14.6175],"rotation":0,"texture":"#0","tintindex":0},"north":{"uv":[4.3825,14.3825,4.6175,14.6175],"rotation":0,"texture":"#0","tintindex":0},"west":{"uv":[0.0075,0.0075,0.0075,0.2425],"rotation":0,"texture":"#0","tintindex":0},"up":{"uv":[0.2425,0.0075,0.0075,0.0075],"rotation":0,"texture":"#0","tintindex":0},"down":{"uv":[0.2425,0.0075,0.0075,0.0075],"rotation":0,"texture":"#0","tintindex":0}}},{"from":[6.857143,8.0,7.142857],"to":[9.142858,11.428572,7.142857],"rotation":{"angle":-22.5,"axis":"x","origin":[8.0,8.0,7.142857]},"faces":{"east":{"uv":[0.0075,0.0075,0.0075,0.3675],"rotation":0,"texture":"#0","tintindex":0},"south":{"uv":[0.7575,14.0075,0.9925,14.3675],"rotation":0,"texture":"#0","tintindex":0},"north":{"uv":[14.0075,0.3825,14.2425,0.7425],"rotation":0,"texture":"#0","tintindex":0},"west":{"uv":[0.0075,0.0075,0.0075,0.3675],"rotation":0,"texture":"#0","tintindex":0},"up":{"uv":[0.2425,0.0075,0.0075,0.0075],"rotation":0,"texture":"#0","tintindex":0},"down":{"uv":[0.2425,0.0075,0.0075,0.0075],"rotation":0,"texture":"#0","tintindex":0}}},{"from":[6.857143,12.571428,8.285714],"to":[9.142858,16.0,8.285714],"rotation":{"angle":-22.5,"axis":"x","origin":[8.0,12.571428,8.285714]},"faces":{"east":{"uv":[0.0075,0.0075,0.0075,0.3675],"rotation":0,"texture":"#0","tintindex":0},"south":{"uv":[0.5,13.875,0.735,14.235],"rotation":0,"texture":"#0","tintindex":0},"north":{"uv":[1.2575,14.0075,1.4925,14.3675],"rotation":0,"texture":"#0","tintindex":0},"west":{"uv":[0.0075,0.0075,0.0075,0.3675],"rotation":0,"texture":"#0","tintindex":0},"up":{"uv":[0.2425,0.0075,0.0075,0.0075],"rotation":0,"texture":"#0","tintindex":0},"down":{"uv":[0.2425,0.0075,0.0075,0.0075],"rotation":0,"texture":"#0","tintindex":0}}},{"from":[6.857143,8.0,8.857143],"to":[9.142858,11.428572,8.857143],"rotation":{"angle":22.5,"axis":"x","origin":[8.0,8.0,8.857143]},"faces":{"east":{"uv":[0.0075,0.0075,0.0075,0.3675],"rotation":0,"texture":"#0","tintindex":0},"south":{"uv":[14.2425,0.3825,14.0075,0.7425],"rotation":0,"texture":"#0","tintindex":0},"north":{"uv":[0.9925,14.0075,0.7575,14.3675],"rotation":0,"texture":"#0","tintindex":0},"west":{"uv":[0.0075,0.0075,0.0075,0.3675],"rotation":0,"texture":"#0","tintindex":0},"up":{"uv":[0.2425,0.0075,0.0075,0.0075],"rotation":0,"texture":"#0","tintindex":0},"down":{"uv":[0.2425,0.0075,0.0075,0.0075],"rotation":0,"texture":"#0","tintindex":0}}},{"from":[6.857143,10.285714,8.857143],"to":[9.142858,12.571428,8.857143],"rotation":{"angle":22.5,"axis":"x","origin":[8.0,10.285714,8.857143]},"faces":{"east":{"uv":[0.0075,0.0075,0.0075,0.2425],"rotation":0,"texture":"#0","tintindex":0},"south":{"uv":[4.6175,14.3825,4.3825,14.6175],"rotation":0,"texture":"#0","tintindex":0},"north":{"uv":[4.8675,14.3825,4.6325,14.6175],"rotation":0,"texture":"#0","tintindex":0},"west":{"uv":[0.0075,0.0075,0.0075,0.2425],"rotation":0,"texture":"#0","tintindex":0},"up":{"uv":[0.2425,0.0075,0.0075,0.0075],"rotation":0,"texture":"#0","tintindex":0},"down":{"uv":[0.2425,0.0075,0.0075,0.0075],"rotation":0,"texture":"#0","tintindex":0}}},{"from":[6.857143,12.571428,7.714286],"to":[9.142858,16.0,7.714286],"rotation":{"angle":22.5,"axis":"x","origin":[8.0,12.571428,7.714286]},"faces":{"east":{"uv":[0.0075,0.0075,0.0075,0.3675],"rotation":0,"texture":"#0","tintindex":0},"south":{"uv":[1.4925,14.0075,1.2575,14.3675],"rotation":0,"texture":"#0","tintindex":0},"north":{"uv":[0.735,13.875,0.5,14.235],"rotation":0,"texture":"#0","tintindex":0},"west":{"uv":[0.0075,0.0075,0.0075,0.3675],"rotation":0,"texture":"#0","tintindex":0},"up":{"uv":[0.2425,0.0075,0.0075,0.0075],"rotation":0,"texture":"#0","tintindex":0},"down":{"uv":[0.2425,0.0075,0.0075,0.0075],"rotation":0,"texture":"#0","tintindex":0}}},{"from":[8.285714,12.571428,6.857143],"to":[8.285714,16.0,9.142858],"rotation":{"angle":22.5,"axis":"z","origin":[8.285714,12.571428,8.0]},"faces":{"east":{"uv":[1.25,14.0,1.485,14.36],"rotation":0,"texture":"#0","tintindex":0},"south":{"uv":[0.0075,0.0075,0.0075,0.3675],"rotation":0,"texture":"#0","tintindex":0},"north":{"uv":[0.0075,0.0075,0.0075,0.3675],"rotation":0,"texture":"#0","tintindex":0},"west":{"uv":[1.25,14.0,1.485,14.36],"rotation":0,"texture":"#0","tintindex":0},"up":{"uv":[0.0075,0.2425,0.0075,0.0075],"rotation":0,"texture":"#0","tintindex":0},"down":{"uv":[0.0075,0.0075,0.0075,0.2425],"rotation":0,"texture":"#0","tintindex":0}}},{"from":[8.857143,8.0,6.857143],"to":[8.857143,11.428572,9.142858],"rotation":{"angle":-22.5,"axis":"z","origin":[8.857143,8.0,8.0]},"faces":{"east":{"uv":[14.2425,0.0075,14.0075,0.3675],"rotation":0,"texture":"#0","tintindex":0},"south":{"uv":[0.0075,0.0075,0.0075,0.3675],"rotation":0,"texture":"#0","tintindex":0},"north":{"uv":[0.0075,0.0075,0.0075,0.3675],"rotation":0,"texture":"#0","tintindex":0},"west":{"uv":[14.1175,10.5075,13.8825,10.8675],"rotation":0,"texture":"#0","tintindex":0},"up":{"uv":[0.0075,0.2425,0.0075,0.0075],"rotation":0,"texture":"#0","tintindex":0},"down":{"uv":[0.0075,0.0075,0.0075,0.2425],"rotation":0,"texture":"#0","tintindex":0}}},{"from":[8.857143,10.285714,6.857143],"to":[8.857143,12.571428,9.142858],"rotation":{"angle":-22.5,"axis":"z","origin":[8.857143,10.285714,8.0]},"faces":{"east":{"uv":[14.6175,4.0075,14.3825,4.2425],"rotation":0,"texture":"#0","tintindex":0},"south":{"uv":[0.0075,0.0075,0.0075,0.2425],"rotation":0,"texture":"#0","tintindex":0},"north":{"uv":[0.0075,0.0075,0.0075,0.2425],"rotation":0,"texture":"#0","tintindex":0},"west":{"uv":[14.6175,3.5075,14.3825,3.7425],"rotation":0,"texture":"#0","tintindex":0},"up":{"uv":[0.0075,0.2425,0.0075,0.0075],"rotation":0,"texture":"#0","tintindex":0},