{"textures":{"0":"modelengine:entity/illidan"},"elements":[{"from":[7.142857,8.0,7.142857],"to":[8.857143,12.571428,8.857143],"rotation":{"angle":0.0,"axis":"y","origin":[8.0,8.0,8.0]},"faces":{"east":{"uv":[8.6325,13.7575,8.8125,14.2425],"rotation":0,"texture":"#0","tintindex":0},"south":{"uv":[10.6325,13.7575,10.8125,14.2425],"rotation":0,"texture":"#0","tintindex":0},"north":{"uv":[6.5075,13.6325,6.6875,14.1175],"rotation":0,"texture":"#0","tintindex":0},"west":{"uv":[13.1325,13.7575,13.3125,14.2425],"rotation":0,"texture":"#0","tintindex":0},"up":{"uv":[15.0625,3.1875,14.8825,3.0075],"rotation":0,"texture":"#0","tintindex":0},"down":{"uv":[15.0625,3.2575,14.8825,3.4375],"rotation":0,"texture":"#0","tintindex":0}}},{"from":[7.142857,10.285714,6.857143],"to":[7.142857,12.571428,9.142858],"rotation":{"angle":22.5,"axis":"z","origin":[7.142857,10.285714,8.0]},"faces":{"east":{"uv":[0.0075,14.3825,0.2425,14.6175],"rotation":0,"texture":"#0","tintindex":0},"south":{"uv":[0.0075,0.0075,0.0075,0.2425],"rotation":0,"texture":"#0","tintindex":0},"north":{"uv":[0.0075,0.0075,0.0075,0.2425],"rotation":0,"texture":"#0","tintindex":0},"west":{"uv":[0.7575,14.3825,0.9925,14.6175],"rotation":0,"texture":"#0","tintindex":0},"up":{"uv":[0.0075,0.2425,0.0075,0.0075],"rotation":0,"texture":"#0","tintindex":0},"down":{"uv":[0.0075,0.0075,0.0075,0.2425],"rotation":0,"texture":"#0","tintindex":0}}},{"from":[7.142857,8.0,6.857143],"to":[7.142857,11.428572,9.142858],"rotation":{"angle":22.5,"axis":"z","origin":[7.142857,8.0,8.0]},"faces":{"east":{"uv":[11.0075,11.7575,11.2425,12.1175],"rotation":0,"texture":"#0","tintindex":0},"south":{"uv":[0.0075,0.0075,0.0075,0.3675],"rotation":0,"texture":"#0","tintindex":0},"north":{"uv":[0.0075,0.0075,0.0075,0.3675],"rotation":0,"texture":"#0","tintindex":0},"west":{"uv":[7.5075,12.2575,7.7425,12.6175],"rotation":0,"texture":"#0","tintindex":0},"up":{"uv":[0.0075,0.2425,0.0075,0.0075],"rotation":0,"texture":"#0","tintindex":0},"down":{"uv":[0.0075,0.0075,0.0075,0.2425],"rotation":0,"texture":"#0","tintindex":0}}},{"from":[8.857143,8.0,6.857143],"to":[8.857143,11.428572,9.142858],"rotation":{"angle":-22.5,"axis":"z","origin":[8.857143,8.0,8.0]},"faces":{"east":{"uv":[7.7425,12.2575,7.5075,12.6175],"rotation":0,"texture":"#0","tintindex":0},"south":{"uv":[0.0075,0.0075,0.0075,0.3675],"rotation":0,"texture":"#0","tintindex":0},"north":{"uv":[0.0075,0.0075,0.0075,0.3675],"rotation":0,"texture":"#0","tintindex":0},"west":{"uv":[11.2425,11.7575,11.0075,12.1175],"rotation":0,"texture":"#0","tintindex":0},"up":{"uv":[0.0075,0.2425,0.0075,0.0075],"rotation":0,"texture":"#0","tintindex":0},"down":{"uv":[0.0075,0.0075,0.0075,0.2425],"rotation":0,"texture":"#0","tintindex":0}}},{"from":[8.857143,10.285714,6.857143],"to":[8.857143,12.571428,9.142858],"rotation":{"angle":-22.5,"axis":"z","origin":[8.857143,10.285714,8.0]},"faces":{"east":{"uv":[0.9925,14.3825,0.7575,14.6175],"rotation":0,"texture":"#0","tintindex":0},"south":{"uv":[0.0075,0.0075,0.0075,0.2425],"rotation":0,"texture":"#0","tintindex":0},"north":{"uv":[0.0075,0.0075,0.0075,0.2425],"rotation":0,"texture":"#0","tintindex":0},"west":{"uv":[0.2425,14.3825,0.0075,14.6175],"rotation":0,"texture":"#0","tintindex":0},"up":{"uv":[0.0075,0.2425,0.0075,0.0075],"rotation":0,"texture":"#0","tintindex":0},"down":{"uv":[0.0075,0.0075,0.0075,0.2425],"rotation":0,"texture":"#0","tintindex":0}}},{"from":[6.857143,10.285714,7.142857],"to":[9.142858,12.571428,7.142857],"rotation":{"angle":-22.5,"axis":"x","origin":[8.0,10.285714,7.142857]},"faces":{"east":{"uv":[0.0075,0.0075,0.0075,0.2425],"rotation":0,"texture":"#0","tintindex":0},"south":{"uv":[1.2575,14.3825,1.4925,14.6175],"rotation":0,"texture":"#0","tintindex":0},"north":{"uv":[1.0075,14.3825,1.2425,14.6175],"rotation":0,"texture":"#0","tintindex":0},"west":{"uv":[0.0075,0.0075,0.0075,0.2425],"rotation":0,"texture":"#0","tintindex":0},"up":{"uv":[0.2425,0.0075,0.0075,0.0075],"rotation":0,"texture":"#0","tintindex":0},"down":{"uv":[0.2425,0.0075,0.0075,0.0075],"rotation":0,"texture":"#0","tintindex":0}}},{"from":[6.857143,8.0,7.142857],"to":[9.142858,11.428572,7.142857],"rotation":{"angle":-22.5,"axis":"x","origin":[8.0,8.0,7.142857]},"faces":{"east":{"uv":[0.0075,0.0075,0.0075,0.3675],"rotation":0,"texture":"#0","tintindex":0},"south":{"uv":[13.8825,4.0075,14.1175,4.3675],"rotation":0,"texture":"#0","tintindex":0},"north":{"uv":[0.5075,13.8825,0.7425,14.2425],"rotation":0,"texture":"#0","tintindex":0},"west":{"uv":[0.0075,0.0075,0.0075,0.3675],"rotation":0,"texture":"#0","tintindex":0},"up":{"uv":[0.2425,0.0075,0.0075,0.0075],"rotation":0,"texture":"#0","tintindex":0},"down":{"uv":[0.2425,0.0075,0.0075,0.0075],"rotation":0,"texture":"#0","tintindex":0}}},{"from":[6.857143,8.0,8.857143],"to":[9.142858,11.428572,8.857143],"rotation":{"angle":22.5,"axis":"x","origin":[8.0,8.0,8.857143]},"faces":{"east":{"uv":[0.0075,0.0075,0.0075,0.3675],"rotation":0,"texture":"#0","tintindex":0},"south":{"uv":[0.7425,13.8825,0.5075,14.2425],"rotation":0,"texture":"#0","tintindex":0},"north":{"uv":[14.1175,4.0075,13.8825,4.3675],"rotation":0,"texture":"#0","tintindex":0},"west":{"uv":[0.0075,0.0075,0.0075,0.3675],"rotation":0,"texture":"#0","tintindex":0},"up":{"uv":[0.2425,0.0075,0.0075,0.0075],"rotation":0,"texture":"#0","tintindex":0},"down":{"uv":[0.2425,0.0075,0.0075,0.0075],"rotation":0,"texture":"#0","tintindex":0}}},{"from":[6.857143,10.285714,8.857143],"to":[9.142858,12.571428,8.857143],"rotation":{"angle":22.5,"axis":"x","origin":[8.0,10.285714,8.857143]},"faces":{"east":{"uv":[0.0075,0.0075,0.0075,0.2425],"rotation":0,"texture":"#0","tintindex":0},"south":{"uv":[1.2425,14.3825,1.0075,14.6175],"rotation":0,"texture":"#0","tintindex":0},"north":{"uv":[1.4925,14.3825,1.2575,14.6175],"rotation":0,"texture":"#0","tintindex":0},"west":{"uv":[0.0075,0.0075,0.0075,0.2425],"rotation":0,"texture":"#0","tintindex":0},"up":{"uv":[0.2425,0.0075,0.0075,0.0075],"rotation":0,"texture":"#0","tintindex":0},"down":{"uv":[0.2425,0.0075,0.0075,0.0075],"rotation":0,"texture":"#0","tintindex":0}}}],"display":{"head":{"translation":[0.0,-6.4,0.0],"scale":[4.0,4.0,4.0]}}}