{"textures":{"0":"modelengine:entity/illidan"},"elements":[{"from":[6.5714283,8.0,6.5714283],"to":[9.428572,12.571428,9.428572],"rotation":{"angle":0.0,"axis":"y","origin":[8.0,8.0,8.0]},"faces":{"east":{"uv":[10.8825,13.0075,11.1875,13.4925],"rotation":0,"texture":"#0","tintindex":0},"south":{"uv":[13.0075,12.8825,13.3125,13.3675],"rotation":0,"texture":"#0","tintindex":0},"north":{"uv":[6.7575,13.0075,7.0625,13.4925],"rotation":0,"texture":"#0","tintindex":0},"west":{"uv":[0.7575,13.1325,1.0625,13.6175],"rotation":0,"texture":"#0","tintindex":0},"up":{"uv":[9.8125,14.0625,9.5075,13.7575],"rotation":0,"texture":"#0","tintindex":0},"down":{"uv":[14.0625,9.7575,13.7575,10.0625],"rotation":0,"texture":"#0","tintindex":0}}},{"from":[6.5714283,10.285714,6.5714283],"to":[6.5714283,13.714286,9.428572],"rotation":{"angle":22.5,"axis":"z","origin":[6.5714283,10.285714,8.0]},"faces":{"east":{"uv":[5.1325,13.5075,5.4375,13.8675],"rotation":0,"texture":"#0","tintindex":0},"south":{"uv":[0.0075,0.0075,0.0075,0.3675],"rotation":0,"texture":"#0","tintindex":0},"north":{"uv":[0.0075,0.0075,0.0075,0.3675],"rotation":0,"texture":"#0","tintindex":0},"west":{"uv":[13.5075,5.3825,13.8125,5.7425],"rotation":0,"texture":"#0","tintindex":0},"up":{"uv":[0.0075,0.3125,0.0075,0.0075],"rotation":0,"texture":"#0","tintindex":0},"down":{"uv":[0.0075,0.0075,0.0075,0.3125],"rotation":0,"texture":"#0","tintindex":0}}},{"from":[6.5714283,8.0,6.5714283],"to":[6.5714283,11.428572,9.428572],"rotation":{"angle":22.5,"axis":"z","origin":[6.5714283,8.0,8.0]},"faces":{"east":{"uv":[4.3825,13.5075,4.6875,13.8675],"rotation":0,"texture":"#0","tintindex":0},"south":{"uv":[0.0075,0.0075,0.0075,0.3675],"rotation":0,"texture":"#0","tintindex":0},"north":{"uv":[0.0075,0.0075,0.0075,0.3675],"rotation":0,"texture":"#0","tintindex":0},"west":{"uv":[4.7575,13.5075,5.0625,13.8675],"rotation":0,"texture":"#0","tintindex":0},"up":{"uv":[0.0075,0.3125,0.0075,0.0075],"rotation":0,"texture":"#0","tintindex":0},"down":{"uv":[0.0075,0.0075,0.0075,0.3125],"rotation":0,"texture":"#0","tintindex":0}}},{"from":[9.428572,8.0,6.5714283],"to":[9.428572,11.428572,9.428572],"rotation":{"angle":-22.5,"axis":"z","origin":[9.428572,8.0,8.0]},"faces":{"east":{"uv":[5.0625,13.5075,4.7575,13.8675],"rotation":0,"texture":"#0","tintindex":0},"south":{"uv":[0.0075,0.0075,0.0075,0.3675],"rotation":0,"texture":"#0","tintindex":0},"north":{"uv":[0.0075,0.0075,0.0075,0.3675],"rotation":0,"texture":"#0","tintindex":0},"west":{"uv":[4.6875,13.5075,4.3825,13.8675],"rotation":0,"texture":"#0","tintindex":0},"up":{"uv":[0.0075,0.3125,0.0075,0.0075],"rotation":0,"texture":"#0","tintindex":0},"down":{"uv":[0.0075,0.0075,0.0075,0.3125],"rotation":0,"texture":"#0","tintindex":0}}},{"from":[9.428572,10.285714,6.5714283],"to":[9.428572,13.714286,9.428572],"rotation":{"angle":-22.5,"axis":"z","origin":[9.428572,10.285714,8.0]},"faces":{"east":{"uv":[13.8125,5.3825,13.5075,5.7425],"rotation":0,"texture":"#0","tintindex":0},"south":{"uv":[0.0075,0.0075,0.0075,0.3675],"rotation":0,"texture":"#0","tintindex":0},"north":{"uv":[0.0075,0.0075,0.0075,0.3675],"rotation":0,"texture":"#0","tintindex":0},"west":{"uv":[5.4375,13.5075,5.1325,13.8675],"rotation":0,"texture":"#0","tintindex":0},"up":{"uv":[0.0075,0.3125,0.0075,0.0075],"rotation":0,"texture":"#0","tintindex":0},"down":{"uv":[0.0075,0.0075,0.0075,0.3125],"rotation":0,"texture":"#0","tintindex":0}}},{"from":[6.5714283,10.285714,6.5714283],"to":[9.428572,13.714286,6.5714283],"rotation":{"angle":-22.5,"axis":"x","origin":[8.0,10.285714,6.5714283]},"faces":{"east":{"uv":[0.0075,0.0075,0.0075,0.3675],"rotation":0,"texture":"#0","tintindex":0},"south":{"uv":[13.5075,7.1325,13.8125,7.4925],"rotation":0,"texture":"#0","tintindex":0},"north":{"uv":[13.5075,6.7575,13.8125,7.1175],"rotation":0,"texture":"#0","tintindex":0},"west":{"uv":[0.0075,0.0075,0.0075,0.3675],"rotation":0,"texture":"#0","tintindex":0},"up":{"uv":[0.3125,0.0075,0.0075,0.0075],"rotation":0,"texture":"#0","tintindex":0},"down":{"uv":[0.3125,0.0075,0.0075,0.0075],"rotation":0,"texture":"#0","tintindex":0}}},{"from":[6.5714283,8.0,6.5714283],"to":[9.428572,11.428572,6.5714283],"rotation":{"angle":-22.5,"axis":"x","origin":[8.0,8.0,6.5714283]},"faces":{"east":{"uv":[0.0075,0.0075,0.0075,0.3675],"rotation":0,"texture":"#0","tintindex":0},"south":{"uv":[6.7575,13.5075,7.0625,13.8675],"rotation":0,"texture":"#0","tintindex":0},"north":{"uv":[6.1325,13.5075,6.4375,13.8675],"rotation":0,"texture":"#0","tintindex":0},"west":{"uv":[0.0075,0.0075,0.0075,0.3675],"rotation":0,"texture":"#0","tintindex":0},"up":{"uv":[0.3125,0.0075,0.0075,0.0075],"rotation":0,"texture":"#0","tintindex":0},"down":{"uv":[0.3125,0.0075,0.0075,0.0075],"rotation":0,"texture":"#0","tintindex":0}}},{"from":[6.5714283,10.285714,9.428572],"to":[9.428572,13.714286,9.428572],"rotation":{"angle":22.5,"axis":"x","origin":[8.0,10.285714,9.428572]},"faces":{"east":{"uv":[0.0075,0.0075,0.0075,0.3675],"rotation":0,"texture":"#0","tintindex":0},"south":{"uv":[13.8125,6.7575,13.5075,7.1175],"rotation":0,"texture":"#0","tintindex":0},"north":{"uv":[13.8125,7.1325,13.5075,7.4925],"rotation":0,"texture":"#0","tintindex":0},"west":{"uv":[0.0075,0.0075,0.0075,0.3675],"rotation":0,"texture":"#0","tintindex":0},"up":{"uv":[0.3125,0.0075,0.0075,0.0075],"rotation":0,"texture":"#0","tintindex":0},"down":{"uv":[0.3125,0.0075,0.0075,0.0075],"rotation":0,"texture":"#0","tintindex":0}}},{"from":[6.5714283,8.0,9.428572],"to":[9.428572,11.428572,9.428572],"rotation":{"angle":22.5,"axis":"x","origin":[8.0,8.0,9.428572]},"faces":{"east":{"uv":[0.0075,0.0075,0.0075,0.3675],"rotation":0,"texture":"#0","tintindex":0},"south":{"uv":[6.4375,13.5075,6.1325,13.8675],"rotation":0,"texture":"#0","tintindex":0},"north":{"uv":[7.0625,13.5075,6.7575,13.8675],"rotation":0,"texture":"#0","tintindex":0},"west":{"uv":[0.0075,0.0075,0.0075,0.3675],"rotation":0,"texture":"#0","tintindex":0},"up":{"uv":[0.3125,0.0075,0.0075,0.0075],"rotation":0,"texture":"#0","tintindex":0},"down":{"uv":[0.3125,0.0075,0.0075,0.0075],"rotation":0,"texture":"#0","tintindex":0}}}],"display":{"head":{"translation":[0.0,-6.4,0.0],"scale":[4.0,4.0,4.0]}}}