{"textures":{"0":"modelengine:entity/illidan"},"elements":[{"from":[7.142857,8.0,7.142857],"to":[8.857143,11.428572,8.857143],"rotation":{"angle":0.0,"axis":"y","origin":[8.0,8.0,8.0]},"faces":{"east":{"uv":[14.2575,0.0075,14.4375,0.3675],"rotation":0,"texture":"#0","tintindex":0},"south":{"uv":[14.2575,0.3825,14.4375,0.7425],"rotation":0,"texture":"#0","tintindex":0},"north":{"uv":[14.1325,13.1325,14.3125,13.4925],"rotation":0,"texture":"#0","tintindex":0},"west":{"uv":[0.5075,14.2575,0.6875,14.6175],"rotation":0,"texture":"#0","tintindex":0},"up":{"uv":[15.0625,2.1875,14.8825,2.0075],"rotation":0,"texture":"#0","tintindex":0},"down":{"uv":[15.0625,2.2575,14.8825,2.4375],"rotation":0,"texture":"#0","tintindex":0}}}],"display":{"head":{"translation":[0.0,-6.4,0.0],"scale":[4.0,4.0,4.0]}}}