{"textures":{"0":"modelengine:entity/illidan"},"elements":[{"from":[7.142857,8.0,7.142857],"to":[8.857143,12.571428,8.857143],"rotation":{"angle":0.0,"axis":"y","origin":[8.0,8.0,8.0]},"faces":{"east":{"uv":[4.6325,13.8825,4.8125,14.3675],"rotation":0,"texture":"#0","tintindex":0},"south":{"uv":[4.8825,13.8825,5.0625,14.3675],"rotation":0,"texture":"#0","tintindex":0},"north":{"uv":[4.3825,13.8825,4.5625,14.3675],"rotation":0,"texture":"#0","tintindex":0},"west":{"uv":[13.8825,4.8825,14.0625,5.3675],"rotation":0,"texture":"#0","tintindex":0},"up":{"uv":[15.0625,3.6875,14.8825,3.5075],"rotation":0,"texture":"#0","tintindex":0},"down":{"uv":[15.0625,4.0075,14.8825,4.1875],"rotation":0,"texture":"#0","tintindex":0}}},{"from":[7.142857,10.285714,6.857143],"to":[7.142857,12.571428,9.142858],"rotation":{"angle":22.5,"axis":"z","origin":[7.142857,10.285714,8.0]},"faces":{"east":{"uv":[1.5075,14.3825,1.7425,14.6175],"rotation":0,"texture":"#0","tintindex":0},"south":{"uv":[0.0075,0.0075,0.0075,0.2425],"rotation":0,"texture":"#0","tintindex":0},"north":{"uv":[0.0075,0.0075,0.0075,0.2425],"rotation":0,"texture":"#0","tintindex":0},"west":{"uv":[2.3825,14.3825,2.6175,14.6175],"rotation":0,"texture":"#0","tintindex":0},"up":{"uv":[0.0075,0.2425,0.0075,0.0075],"rotation":0,"texture":"#0","tintindex":0},"down":{"uv":[0.0075,0.0075,0.0075,0.2425],"rotation":0,"texture":"#0","tintindex":0}}},{"from":[7.142857,8.0,6.857143],"to":[7.142857,11.428572,9.142858],"rotation":{"angle":22.5,"axis":"z","origin":[7.142857,8.0,8.0]},"faces":{"east":{"uv":[5.1325,13.8825,5.3675,14.2425],"rotation":0,"texture":"#0","tintindex":0},"south":{"uv":[0.0075,0.0075,0.0075,0.3675],"rotation":0,"texture":"#0","tintindex":0},"north":{"uv":[0.0075,0.0075,0.0075,0.3675],"rotation":0,"texture":"#0","tintindex":0},"west":{"uv":[13.8825,5.3825,14.1175,5.7425],"rotation":0,"texture":"#0","tintindex":0},"up":{"uv":[0.0075,0.2425,0.0075,0.0075],"rotation":0,"texture":"#0","tintindex":0},"down":{"uv":[0.0075,0.0075,0.0075,0.2425],"rotation":0,"texture":"#0","tintindex":0}}},{"from":[8.857143,8.0,6.857143],"to":[8.857143,11.428572,9.142858],"rotation":{"angle":-22.5,"axis":"z","origin":[8.857143,8.0,8.0]},"faces":{"east":{"uv":[14.1175,5.3825,13.8825,5.7425],"rotation":0,"texture":"#0","tintindex":0},"south":{"uv":[0.0075,0.0075,0.0075,0.3675],"rotation":0,"texture":"#0","tintindex":0},"north":{"uv":[0.0075,0.0075,0.0075,0.3675],"rotation":0,"texture":"#0","tintindex":0},"west":{"uv":[5.3675,13.8825,5.1325,14.2425],"rotation":0,"texture":"#0","tintindex":0},"up":{"uv":[0.0075,0.2425,0.0075,0.0075],"rotation":0,"texture":"#0","tintindex":0},"down":{"uv":[0.0075,0.0075,0.0075,0.2425],"rotation":0,"texture":"#0","tintindex":0}}},{"from":[8.857143,10.285714,6.857143],"to":[8.857143,12.571428,9.142858],"rotation":{"angle":-22.5,"axis":"z","origin":[8.857143,10.285714,8.0]},"faces":{"east":{"uv":[2.6175,14.3825,2.3825,14.6175],"rotation":0,"texture":"#0","tintindex":0},"south":{"uv":[0.0075,0.0075,0.0075,0.2425],"rotation":0,"texture":"#0","tintindex":0},"north":{"uv":[0.0075,0.0075,0.0075,0.2425],"rotation":0,"texture":"#0","tintindex":0},"west":{"uv":[1.7425,14.3825,1.5075,14.6175],"rotation":0,"texture":"#0","tintindex":0},"up":{"uv":[0.0075,0.2425,0.0075,0.0075],"rotation":0,"texture":"#0","tintindex":0},"down":{"uv":[0.0075,0.0075,0.0075,0.2425],"rotation":0,"texture":"#0","tintindex":0}}},{"from":[6.857143,10.285714,7.142857],"to":[9.142858,12.571428,7.142857],"rotation":{"angle":-22.5,"axis":"x","origin":[8.0,10.285714,7.142857]},"faces":{"east":{"uv":[0.0075,0.0075,0.0075,0.2425],"rotation":0,"texture":"#0","tintindex":0},"south":{"uv":[2.8825,14.3825,3.1175,14.6175],"rotation":0,"texture":"#0","tintindex":0},"north":{"uv":[2.6325,14.3825,2.8675,14.6175],"rotation":0,"texture":"#0","tintindex":0},"west":{"uv":[0.0075,0.0075,0.0075,0.2425],"rotation":0,"texture":"#0","tintindex":0},"up":{"uv":[0.2425,0.0075,0.0075,0.0075],"rotation":0,"texture":"#0","tintindex":0},"down":{"uv":[0.2425,0.0075,0.0075,0.0075],"rotation":0,"texture":"#0","tintindex":0}}},{"from":[6.857143,8.0,7.142857],"to":[9.142858,11.428572,7.142857],"rotation":{"angle":-22.5,"axis":"x","origin":[8.0,8.0,7.142857]},"faces":{"east":{"uv":[0.0075,0.0075,0.0075,0.3675],"rotation":0,"texture":"#0","tintindex":0},"south":{"uv":[6.7575,13.8825,6.9925,14.2425],"rotation":0,"texture":"#0","tintindex":0},"north":{"uv":[6.1325,13.8825,6.3675,14.2425],"rotation":0,"texture":"#0","tintindex":0},"west":{"uv":[0.0075,0.0075,0.0075,0.3675],"rotation":0,"texture":"#0","tintindex":0},"up":{"uv":[0.2425,0.0075,0.0075,0.0075],"rotation":0,"texture":"#0","tintindex":0},"down":{"uv":[0.2425,0.0075,0.0075,0.0075],"rotation":0,"texture":"#0","tintindex":0}}},{"from":[6.857143,8.0,8.857143],"to":[9.142858,11.428572,8.857143],"rotation":{"angle":22.5,"axis":"x","origin":[8.0,8.0,8.857143]},"faces":{"east":{"uv":[0.0075,0.0075,0.0075,0.3675],"rotation":0,"texture":"#0","tintindex":0},"south":{"uv":[6.3675,13.8825,6.1325,14.2425],"rotation":0,"texture":"#0","tintindex":0},"north":{"uv":[6.9925,13.8825,6.7575,14.2425],"rotation":0,"texture":"#0","tintindex":0},"west":{"uv":[0.0075,0.0075,0.0075,0.3675],"rotation":0,"texture":"#0","tintindex":0},"up":{"uv":[0.2425,0.0075,0.0075,0.0075],"rotation":0,"texture":"#0","tintindex":0},"down":{"uv":[0.2425,0.0075,0.0075,0.0075],"rotation":0,"texture":"#0","tintindex":0}}},{"from":[6.857143,10.285714,8.857143],"to":[9.142858,12.571428,8.857143],"rotation":{"angle":22.5,"axis":"x","origin":[8.0,10.285714,8.857143]},"faces":{"east":{"uv":[0.0075,0.0075,0.0075,0.2425],"rotation":0,"texture":"#0","tintindex":0},"south":{"uv":[2.8675,14.3825,2.6325,14.6175],"rotation":0,"texture":"#0","tintindex":0},"north":{"uv":[3.1175,14.3825,2.8825,14.6175],"rotation":0,"texture":"#0","tintindex":0},"west":{"uv":[0.0075,0.0075,0.0075,0.2425],"rotation":0,"texture":"#0","tintindex":0},"up":{"uv":[0.2425,0.0075,0.0075,0.0075],"rotation":0,"texture":"#0","tintindex":0},"down":{"uv":[0.2425,0.0075,0.0075,0.0075],"rotation":0,"texture":"#0","tintindex":0}}}],"display":{"head":{"translation":[0.0,-6.4,0.0],"scale":[4.0,4.0,4.0]}}}