{"textures":{"2":"modelengine:entity/witch_fix_texture"},"elements":[{"from":[5.6666665,6.814045,5.262512],"to":[11.166666,9.314045,13.012512],"faces":{"east":{"uv":[8.375,2.5,9.34375,2.8125],"tintindex":0,"rotation":0,"texture":"#2"},"south":{"uv":[10.875,6.5,11.5625,6.8125],"tintindex":0,"rotation":0,"texture":"#2"},"north":{"uv":[10.625,3.25,11.3125,3.5625],"tintindex":0,"rotation":0,"texture":"#2"},"west":{"uv":[8.5,5.25,9.46875,5.5625],"tintindex":0,"rotation":0,"texture":"#2"},"up":{"uv":[8.0625,2.46875,7.375,1.5],"tintindex":0,"rotation":0,"texture":"#2"},"down":{"uv":[7.0625,7.375,6.375,8.34375],"tintindex":0,"rotation":0,"texture":"#2"}}},{"from":[4.1666665,5.564045,4.762512],"to":[11.666666,7.064045,14.012512],"faces":{"east":{"uv":[10.625,1.75,11.78125,1.9375],"tintindex":0,"rotation":0,"texture":"#2"},"south":{"uv":[11.625,2.5,12.5625,2.6875],"tintindex":0,"rotation":0,"texture":"#2"},"north":{"uv":[11.625,2.125,12.5625,2.3125],"tintindex":0,"rotation":0,"texture":"#2"},"west":{"uv":[10.625,2.875,11.78125,3.0625],"tintindex":0,"rotation":0,"texture":"#2"},"up":{"uv":[6.1875,7.40625,5.25,6.25],"tintindex":0,"rotation":0,"texture":"#2"},"down":{"uv":[3.4375,6.375,2.5,7.53125],"tintindex":0,"rotation":0,"texture":"#2"}}},{"from":[6.1666665,8.314045,6.012512],"to":[10.666666,11.064045,12.762512],"faces":{"east":{"uv":[3.625,8.375,4.46875,8.71875],"tintindex":0,"rotation":0,"texture":"#2"},"south":{"uv":[6.0,11.0,6.5625,11.34375],"tintindex":0,"rotation":0,"texture":"#2"},"north":{"uv":[11.0,5.5,11.5625,5.84375],"tintindex":0,"rotation":0,"texture":"#2"},"west":{"uv":[8.5,6.125,9.34375,6.46875],"tintindex":0,"rotation":0,"texture":"#2"},"up":{"uv":[5.1875,8.46875,4.625,7.625],"tintindex":0,"rotation":0,"texture":"#2"},"down":{"uv":[5.9375,7.625,5.375,8.46875],"tintindex":0,"rotation":0,"texture":"#2"}},"rotation":{"origin":[8.166667,10.064045,7.887512],"angle":22.5,"axis":"x"}}],"display":{"gui":{"rotation":[30,225,0]}}}