{"textures":{"2":"modelengine:entity/witch_fix_texture"},"elements":[{"from":[6.3726926,1.8096466,6.241468],"to":[9.872692,4.8096466,9.741468],"faces":{"east":{"uv":[7.0,11.75,7.4375,12.125],"tintindex":0,"rotation":0,"texture":"#2"},"south":{"uv":[11.75,10.75,12.1875,11.125],"tintindex":0,"rotation":0,"texture":"#2"},"north":{"uv":[11.75,6.5,12.1875,6.875],"tintindex":0,"rotation":0,"texture":"#2"},"west":{"uv":[11.75,11.25,12.1875,11.625],"tintindex":0,"rotation":0,"texture":"#2"},"up":{"uv":[7.9375,11.5625,7.5,11.125],"tintindex":0,"rotation":0,"texture":"#2"},"down":{"uv":[11.5625,10.75,11.125,11.1875],"tintindex":0,"rotation":0,"texture":"#2"}}},{"from":[6.6875,4.062501,6.5],"to":[9.4375,9.3125,9.5],"faces":{"east":{"uv":[9.875,9.75,10.25,10.40625],"tintindex":0,"rotation":0,"texture":"#2"},"south":{"uv":[0.625,10.25,0.96875,10.90625],"tintindex":0,"rotation":0,"texture":"#2"},"north":{"uv":[6.375,10.125,6.71875,10.78125],"tintindex":0,"rotation":0,"texture":"#2"},"west":{"uv":[3.625,10.0,4.0,10.65625],"tintindex":0,"rotation":0,"texture":"#2"},"up":{"uv":[11.84375,12.75,11.5,12.375],"tintindex":0,"rotation":0,"texture":"#2"},"down":{"uv":[12.34375,12.375,12.0,12.75],"tintindex":0,"rotation":0,"texture":"#2"}}}],"display":{"gui":{"rotation":[30,225,0]}}}