{"textures":{"2":"modelengine:entity/witch_fix_texture"},"elements":[{"from":[8.5,6.3611374,5.8964467],"to":[9.0,8.861137,8.896446],"faces":{"east":{"uv":[1.625,12.625,2.0,12.9375],"tintindex":0,"rotation":0,"texture":"#2"},"south":{"uv":[8.5,14.375,8.5625,14.6875],"tintindex":0,"rotation":0,"texture":"#2"},"north":{"uv":[14.375,8.125,14.4375,8.4375],"tintindex":0,"rotation":0,"texture":"#2"},"west":{"uv":[2.125,12.625,2.5,12.9375],"tintindex":0,"rotation":0,"texture":"#2"},"up":{"uv":[6.4375,14.5,6.375,14.125],"tintindex":0,"rotation":0,"texture":"#2"},"down":{"uv":[14.3125,4.0,14.25,4.375],"tintindex":0,"rotation":0,"texture":"#2"}},"rotation":{"origin":[8.0,8.839689,8.0],"angle":-45.0,"axis":"x"}},{"from":[6.5,6.6111374,7.8535533],"to":[9.0,7.1111374,10.853554],"faces":{"east":{"uv":[14.25,5.125,14.625,5.1875],"tintindex":0,"rotation":0,"texture":"#2"},"south":{"uv":[14.375,11.125,14.6875,11.1875],"tintindex":0,"rotation":0,"texture":"#2"},"north":{"uv":[14.375,10.875,14.6875,10.9375],"tintindex":0,"rotation":0,"texture":"#2"},"west":{"uv":[14.25,7.25,14.625,7.3125],"tintindex":0,"rotation":0,"texture":"#2"},"up":{"uv":[8.4375,13.0,8.125,12.625],"tintindex":0,"rotation":0,"texture":"#2"},"down":{"uv":[9.6875,12.625,9.375,13.0],"tintindex":0,"rotation":0,"texture":"#2"}},"rotation":{"origin":[8.0,8.839689,8.0],"angle":45.0,"axis":"x"}},{"from":[6.5,8.611137,5.8964467],"to":[9.0,9.111137,8.896446],"faces":{"east":{"uv":[8.375,3.0,8.75,3.0625],"tintindex":0,"rotation":0,"texture":"#2"},"south":{"uv":[8.75,14.375,9.0625,14.4375],"tintindex":0,"rotation":0,"texture":"#2"},"north":{"uv":[14.375,8.625,14.6875,8.6875],"tintindex":0,"rotation":0,"texture":"#2"},"west":{"uv":[9.5,8.75,9.875,8.8125],"tintindex":0,"rotation":0,"texture":"#2"},"up":{"uv":[3.6875,13.0,3.375,12.625],"tintindex":0,"rotation":0,"texture":"#2"},"down":{"uv":[4.8125,12.625,4.5,13.0],"tintindex":0,"rotation":0,"texture":"#2"}},"rotation":{"origin":[8.0,8.839689,8.0],"angle":-45.0,"axis":"x"}},{"from":[6.5,6.3611374,5.8964467],"to":[7.0,8.861137,8.896446],"faces":{"east":{"uv":[5.75,12.625,6.125,12.9375],"tintindex":0,"rotation":0,"texture":"#2"},"south":{"uv":[14.375,10.375,14.4375,10.6875],"tintindex":0,"rotation":0,"texture":"#2"},"north":{"uv":[14.375,9.875,14.4375,10.1875],"tintindex":0,"rotation":0,"texture":"#2"},"west":{"uv":[6.25,12.625,6.625,12.9375],"tintindex":0,"rotation":0,"texture":"#2"},"up":{"uv":[14.3125,6.25,14.25,5.875],"tintindex":0,"rotation":0,"texture":"#2"},"down":{"uv":[14.3125,6.75,14.25,7.125],"tintindex":0,"rotation":0,"texture":"#2"}},"rotation":{"origin":[8.0,8.839689,8.0],"angle":-45.0,"axis":"x"}}],"display":{"gui":{"rotation":[30,225,0]}}}